-- MySQL dump 10.13  Distrib 8.0.41, for Linux (x86_64)
--
-- Host: localhost    Database: Booket_Ticking
-- ------------------------------------------------------
-- Server version	8.0.41-0ubuntu0.24.04.1

/*!40101 SET @OLD_CHARACTER_SET_CLIENT=@@CHARACTER_SET_CLIENT */;
/*!40101 SET @OLD_CHARACTER_SET_RESULTS=@@CHARACTER_SET_RESULTS */;
/*!40101 SET @OLD_COLLATION_CONNECTION=@@COLLATION_CONNECTION */;
/*!50503 SET NAMES utf8mb4 */;
/*!40103 SET @OLD_TIME_ZONE=@@TIME_ZONE */;
/*!40103 SET TIME_ZONE='+00:00' */;
/*!40014 SET @OLD_UNIQUE_CHECKS=@@UNIQUE_CHECKS, UNIQUE_CHECKS=0 */;
/*!40014 SET @OLD_FOREIGN_KEY_CHECKS=@@FOREIGN_KEY_CHECKS, FOREIGN_KEY_CHECKS=0 */;
/*!40101 SET @OLD_SQL_MODE=@@SQL_MODE, SQL_MODE='NO_AUTO_VALUE_ON_ZERO' */;
/*!40111 SET @OLD_SQL_NOTES=@@SQL_NOTES, SQL_NOTES=0 */;

--
-- Table structure for table `admins`
--

DROP TABLE IF EXISTS `admins`;
/*!40101 SET @saved_cs_client     = @@character_set_client */;
/*!50503 SET character_set_client = utf8mb4 */;
CREATE TABLE `admins` (
  `admin_id` int NOT NULL,
  `user_id` int NOT NULL,
  `admin_role` varchar(50) NOT NULL,
  PRIMARY KEY (`admin_id`),
  UNIQUE KEY `user_id` (`user_id`),
  CONSTRAINT `admins_ibfk_1` FOREIGN KEY (`user_id`) REFERENCES `customers` (`customer_id`)
) ENGINE=InnoDB DEFAULT CHARSET=utf8mb4 COLLATE=utf8mb4_0900_ai_ci;
/*!40101 SET character_set_client = @saved_cs_client */;

--
-- Dumping data for table `admins`
--

LOCK TABLES `admins` WRITE;
/*!40000 ALTER TABLE `admins` DISABLE KEYS */;
/*!40000 ALTER TABLE `admins` ENABLE KEYS */;
UNLOCK TABLES;

--
-- Table structure for table `auth_group`
--

DROP TABLE IF EXISTS `auth_group`;
/*!40101 SET @saved_cs_client     = @@character_set_client */;
/*!50503 SET character_set_client = utf8mb4 */;
CREATE TABLE `auth_group` (
  `id` int NOT NULL AUTO_INCREMENT,
  `name` varchar(150) NOT NULL,
  PRIMARY KEY (`id`),
  UNIQUE KEY `name` (`name`)
) ENGINE=InnoDB DEFAULT CHARSET=utf8mb4 COLLATE=utf8mb4_0900_ai_ci;
/*!40101 SET character_set_client = @saved_cs_client */;

--
-- Dumping data for table `auth_group`
--

LOCK TABLES `auth_group` WRITE;
/*!40000 ALTER TABLE `auth_group` DISABLE KEYS */;
/*!40000 ALTER TABLE `auth_group` ENABLE KEYS */;
UNLOCK TABLES;

--
-- Table structure for table `auth_group_permissions`
--

DROP TABLE IF EXISTS `auth_group_permissions`;
/*!40101 SET @saved_cs_client     = @@character_set_client */;
/*!50503 SET character_set_client = utf8mb4 */;
CREATE TABLE `auth_group_permissions` (
  `id` bigint NOT NULL AUTO_INCREMENT,
  `group_id` int NOT NULL,
  `permission_id` int NOT NULL,
  PRIMARY KEY (`id`),
  UNIQUE KEY `auth_group_permissions_group_id_permission_id_0cd325b0_uniq` (`group_id`,`permission_id`),
  KEY `auth_group_permissio_permission_id_84c5c92e_fk_auth_perm` (`permission_id`),
  CONSTRAINT `auth_group_permissio_permission_id_84c5c92e_fk_auth_perm` FOREIGN KEY (`permission_id`) REFERENCES `auth_permission` (`id`),
  CONSTRAINT `auth_group_permissions_group_id_b120cbf9_fk_auth_group_id` FOREIGN KEY (`group_id`) REFERENCES `auth_group` (`id`)
) ENGINE=InnoDB DEFAULT CHARSET=utf8mb4 COLLATE=utf8mb4_0900_ai_ci;
/*!40101 SET character_set_client = @saved_cs_client */;

--
-- Dumping data for table `auth_group_permissions`
--

LOCK TABLES `auth_group_permissions` WRITE;
/*!40000 ALTER TABLE `auth_group_permissions` DISABLE KEYS */;
/*!40000 ALTER TABLE `auth_group_permissions` ENABLE KEYS */;
UNLOCK TABLES;

--
-- Table structure for table `auth_permission`
--

DROP TABLE IF EXISTS `auth_permission`;
/*!40101 SET @saved_cs_client     = @@character_set_client */;
/*!50503 SET character_set_client = utf8mb4 */;
CREATE TABLE `auth_permission` (
  `id` int NOT NULL AUTO_INCREMENT,
  `name` varchar(255) NOT NULL,
  `content_type_id` int NOT NULL,
  `codename` varchar(100) NOT NULL,
  PRIMARY KEY (`id`),
  UNIQUE KEY `auth_permission_content_type_id_codename_01ab375a_uniq` (`content_type_id`,`codename`),
  CONSTRAINT `auth_permission_content_type_id_2f476e4b_fk_django_co` FOREIGN KEY (`content_type_id`) REFERENCES `django_content_type` (`id`)
) ENGINE=InnoDB AUTO_INCREMENT=89 DEFAULT CHARSET=utf8mb4 COLLATE=utf8mb4_0900_ai_ci;
/*!40101 SET character_set_client = @saved_cs_client */;

--
-- Dumping data for table `auth_permission`
--

LOCK TABLES `auth_permission` WRITE;
/*!40000 ALTER TABLE `auth_permission` DISABLE KEYS */;
INSERT INTO `auth_permission` VALUES (1,'Can add log entry',1,'add_logentry'),(2,'Can change log entry',1,'change_logentry'),(3,'Can delete log entry',1,'delete_logentry'),(4,'Can view log entry',1,'view_logentry'),(5,'Can add permission',2,'add_permission'),(6,'Can change permission',2,'change_permission'),(7,'Can delete permission',2,'delete_permission'),(8,'Can view permission',2,'view_permission'),(9,'Can add group',3,'add_group'),(10,'Can change group',3,'change_group'),(11,'Can delete group',3,'delete_group'),(12,'Can view group',3,'view_group'),(13,'Can add user',4,'add_user'),(14,'Can change user',4,'change_user'),(15,'Can delete user',4,'delete_user'),(16,'Can view user',4,'view_user'),(17,'Can add content type',5,'add_contenttype'),(18,'Can change content type',5,'change_contenttype'),(19,'Can delete content type',5,'delete_contenttype'),(20,'Can view content type',5,'view_contenttype'),(21,'Can add session',6,'add_session'),(22,'Can change session',6,'change_session'),(23,'Can delete session',6,'delete_session'),(24,'Can view session',6,'view_session'),(25,'Can add event',7,'add_event'),(26,'Can change event',7,'change_event'),(27,'Can delete event',7,'delete_event'),(28,'Can view event',7,'view_event'),(29,'Can add screen',8,'add_screen'),(30,'Can change screen',8,'change_screen'),(31,'Can delete screen',8,'delete_screen'),(32,'Can view screen',8,'view_screen'),(33,'Can add customer',9,'add_customer'),(34,'Can change customer',9,'change_customer'),(35,'Can delete customer',9,'delete_customer'),(36,'Can view customer',9,'view_customer'),(37,'Can add seat',10,'add_seat'),(38,'Can change seat',10,'change_seat'),(39,'Can delete seat',10,'delete_seat'),(40,'Can view seat',10,'view_seat'),(41,'Can add booking',11,'add_booking'),(42,'Can change booking',11,'change_booking'),(43,'Can delete booking',11,'delete_booking'),(44,'Can view booking',11,'view_booking'),(45,'Can add organizer',12,'add_organizer'),(46,'Can change organizer',12,'change_organizer'),(47,'Can delete organizer',12,'delete_organizer'),(48,'Can view organizer',12,'view_organizer'),(49,'Can add transaction',13,'add_transaction'),(50,'Can change transaction',13,'change_transaction'),(51,'Can delete transaction',13,'delete_transaction'),(52,'Can view transaction',13,'view_transaction'),(53,'Can add theatre',14,'add_theatre'),(54,'Can change theatre',14,'change_theatre'),(55,'Can delete theatre',14,'delete_theatre'),(56,'Can view theatre',14,'view_theatre'),(57,'Can add cancellation',15,'add_cancellation'),(58,'Can change cancellation',15,'change_cancellation'),(59,'Can delete cancellation',15,'delete_cancellation'),(60,'Can view cancellation',15,'view_cancellation'),(61,'Can add admin',16,'add_admin'),(62,'Can change admin',16,'change_admin'),(63,'Can delete admin',16,'delete_admin'),(64,'Can view admin',16,'view_admin'),(65,'Can add city',17,'add_city'),(66,'Can change city',17,'change_city'),(67,'Can delete city',17,'delete_city'),(68,'Can view city',17,'view_city'),(69,'Can add showtime',18,'add_showtime'),(70,'Can change showtime',18,'change_showtime'),(71,'Can delete showtime',18,'delete_showtime'),(72,'Can view showtime',18,'view_showtime'),(73,'Can add tier',19,'add_tier'),(74,'Can change tier',19,'change_tier'),(75,'Can delete tier',19,'delete_tier'),(76,'Can view tier',19,'view_tier'),(77,'Can add customer',20,'add_customer'),(78,'Can change customer',20,'change_customer'),(79,'Can delete customer',20,'delete_customer'),(80,'Can view customer',20,'view_customer'),(81,'Can add date',21,'add_date'),(82,'Can change date',21,'change_date'),(83,'Can delete date',21,'delete_date'),(84,'Can view date',21,'view_date'),(85,'Can add unique seat booking',22,'add_uniqueseatbooking'),(86,'Can change unique seat booking',22,'change_uniqueseatbooking'),(87,'Can delete unique seat booking',22,'delete_uniqueseatbooking'),(88,'Can view unique seat booking',22,'view_uniqueseatbooking');
/*!40000 ALTER TABLE `auth_permission` ENABLE KEYS */;
UNLOCK TABLES;

--
-- Table structure for table `auth_user`
--

DROP TABLE IF EXISTS `auth_user`;
/*!40101 SET @saved_cs_client     = @@character_set_client */;
/*!50503 SET character_set_client = utf8mb4 */;
CREATE TABLE `auth_user` (
  `id` int NOT NULL AUTO_INCREMENT,
  `password` varchar(128) NOT NULL,
  `last_login` datetime(6) DEFAULT NULL,
  `is_superuser` tinyint(1) NOT NULL,
  `username` varchar(150) NOT NULL,
  `first_name` varchar(150) NOT NULL,
  `last_name` varchar(150) NOT NULL,
  `email` varchar(254) NOT NULL,
  `is_staff` tinyint(1) NOT NULL,
  `is_active` tinyint(1) NOT NULL,
  `date_joined` datetime(6) NOT NULL,
  PRIMARY KEY (`id`),
  UNIQUE KEY `username` (`username`)
) ENGINE=InnoDB AUTO_INCREMENT=18 DEFAULT CHARSET=utf8mb4 COLLATE=utf8mb4_0900_ai_ci;
/*!40101 SET character_set_client = @saved_cs_client */;

--
-- Dumping data for table `auth_user`
--

LOCK TABLES `auth_user` WRITE;
/*!40000 ALTER TABLE `auth_user` DISABLE KEYS */;
INSERT INTO `auth_user` VALUES (1,'pbkdf2_sha256$870000$CHiPWLTeIWucYfKmFl0twk$vYqmXRRGXshrpmFaoQOOak1g3R7xUV4//HPNX7rVSfY=','2025-03-14 13:09:03.212436',1,'billy_56','','','billyboy18497@gmail.com',1,1,'2025-03-11 08:55:33.307832'),(6,'pbkdf2_sha256$870000$O3YRWOD51Uzpkxf1PQcbQv$zUkSlHIxhLXvVRspELCMpSv0wnw5lRtrEcXW8DegRl4=','2025-03-12 06:50:24.083453',0,'hello','','','hello@1',0,1,'2025-03-12 06:42:58.635117'),(8,'pbkdf2_sha256$870000$1bcZL1lwn6QDyUedTe71TY$dCOqk6XPyLZWvq325ybtDYYjDFcM47g9/YQuqh13fKs=','2025-03-12 06:57:42.938155',0,'hi1','','','hi@1',0,1,'2025-03-12 06:57:35.951941'),(9,'pbkdf2_sha256$870000$pHgPj6PzPI3xw4IYpNhsvi$hUAU5Ik3cgUChCGMKj+W5vLr4F3kINIu0M4PKQA48AM=',NULL,0,'hi2','','','hi@2',0,1,'2025-03-12 07:01:27.607773'),(10,'pbkdf2_sha256$870000$zNEtrvgizVlQeVgvIqe4Si$l58h0lsOMfGZxqYxIryVtG4G5LQ1VOVCMi1WB+z1xOI=',NULL,0,'hi3','','','hi@3',0,1,'2025-03-12 07:05:07.467400'),(11,'pbkdf2_sha256$870000$CbDhQTsWBVGXykbsfjJctL$h7j3W++K/+cyfk9fZIz1DmDOQaNjTa+SKmybBBAxaYs=','2025-03-12 07:23:59.148079',0,'hi4','','','hi@4',0,1,'2025-03-12 07:08:37.537828'),(12,'pbkdf2_sha256$870000$Tlhru9cnFjn24gxGLHlqnp$ydVn5kwx87Zvr2E/5ekMkbNF0TtUbj/GFg99ks94xM4=','2025-03-12 07:25:52.907198',0,'hi5','','','hi@5',0,1,'2025-03-12 07:25:47.561577'),(13,'pbkdf2_sha256$870000$AxnQ8jOFULypfEMIM4KkbO$Fyra7hVJiYtsUD1Aof+fTa8WsYbSq8XTH09pa15ZQTU=',NULL,0,'hi6','','','hi@6',0,1,'2025-03-12 07:29:41.607703'),(14,'pbkdf2_sha256$870000$7vgvEo0YOxGMnwArQnNJYT$2LZrPNWTsQ3fiXUttzTZYKOI7KWL4YEoPDNTkMoGl9E=','2025-03-13 06:44:43.617297',0,'hi8','','','hi@8',0,1,'2025-03-13 05:29:43.946569'),(15,'pbkdf2_sha256$870000$b69gKRFQgDWBOcbODmfyau$/IIwdPlopsIkOPNRFMWqeNMKur77pnm3/CFzzcbM+FY=','2025-03-27 19:57:52.134199',0,'hi9','','','hi@9',0,1,'2025-03-13 06:45:59.257108'),(16,'pbkdf2_sha256$870000$4JpEsZRsF2cfCjYFSwgXz3$fRpy6b6AMJsq4A7eoS2zuuEEKaAb/PbSmkrJMFgYEug=','2025-03-13 14:24:20.972797',0,'hi10','','','hi@10',0,1,'2025-03-13 14:24:16.544585'),(17,'pbkdf2_sha256$870000$8yXK3E2bqv6A96rzUh8D04$JSl6RvOSH/F2aMD+iJcRma5cWiMSlm8rFT70JRR3mmE=','2025-03-17 11:41:54.459329',0,'hi11','','','hi@11',0,1,'2025-03-16 15:17:50.970233');
/*!40000 ALTER TABLE `auth_user` ENABLE KEYS */;
UNLOCK TABLES;

--
-- Table structure for table `auth_user_groups`
--

DROP TABLE IF EXISTS `auth_user_groups`;
/*!40101 SET @saved_cs_client     = @@character_set_client */;
/*!50503 SET character_set_client = utf8mb4 */;
CREATE TABLE `auth_user_groups` (
  `id` bigint NOT NULL AUTO_INCREMENT,
  `user_id` int NOT NULL,
  `group_id` int NOT NULL,
  PRIMARY KEY (`id`),
  UNIQUE KEY `auth_user_groups_user_id_group_id_94350c0c_uniq` (`user_id`,`group_id`),
  KEY `auth_user_groups_group_id_97559544_fk_auth_group_id` (`group_id`),
  CONSTRAINT `auth_user_groups_group_id_97559544_fk_auth_group_id` FOREIGN KEY (`group_id`) REFERENCES `auth_group` (`id`),
  CONSTRAINT `auth_user_groups_user_id_6a12ed8b_fk_auth_user_id` FOREIGN KEY (`user_id`) REFERENCES `auth_user` (`id`)
) ENGINE=InnoDB DEFAULT CHARSET=utf8mb4 COLLATE=utf8mb4_0900_ai_ci;
/*!40101 SET character_set_client = @saved_cs_client */;

--
-- Dumping data for table `auth_user_groups`
--

LOCK TABLES `auth_user_groups` WRITE;
/*!40000 ALTER TABLE `auth_user_groups` DISABLE KEYS */;
/*!40000 ALTER TABLE `auth_user_groups` ENABLE KEYS */;
UNLOCK TABLES;

--
-- Table structure for table `auth_user_user_permissions`
--

DROP TABLE IF EXISTS `auth_user_user_permissions`;
/*!40101 SET @saved_cs_client     = @@character_set_client */;
/*!50503 SET character_set_client = utf8mb4 */;
CREATE TABLE `auth_user_user_permissions` (
  `id` bigint NOT NULL AUTO_INCREMENT,
  `user_id` int NOT NULL,
  `permission_id` int NOT NULL,
  PRIMARY KEY (`id`),
  UNIQUE KEY `auth_user_user_permissions_user_id_permission_id_14a6b632_uniq` (`user_id`,`permission_id`),
  KEY `auth_user_user_permi_permission_id_1fbb5f2c_fk_auth_perm` (`permission_id`),
  CONSTRAINT `auth_user_user_permi_permission_id_1fbb5f2c_fk_auth_perm` FOREIGN KEY (`permission_id`) REFERENCES `auth_permission` (`id`),
  CONSTRAINT `auth_user_user_permissions_user_id_a95ead1b_fk_auth_user_id` FOREIGN KEY (`user_id`) REFERENCES `auth_user` (`id`)
) ENGINE=InnoDB DEFAULT CHARSET=utf8mb4 COLLATE=utf8mb4_0900_ai_ci;
/*!40101 SET character_set_client = @saved_cs_client */;

--
-- Dumping data for table `auth_user_user_permissions`
--

LOCK TABLES `auth_user_user_permissions` WRITE;
/*!40000 ALTER TABLE `auth_user_user_permissions` DISABLE KEYS */;
/*!40000 ALTER TABLE `auth_user_user_permissions` ENABLE KEYS */;
UNLOCK TABLES;

--
-- Table structure for table `bookings`
--

DROP TABLE IF EXISTS `bookings`;
/*!40101 SET @saved_cs_client     = @@character_set_client */;
/*!50503 SET character_set_client = utf8mb4 */;
CREATE TABLE `bookings` (
  `booking_id` int NOT NULL,
  `customer_id` int NOT NULL,
  `show_id` int NOT NULL,
  `seat_id` int NOT NULL,
  `booking_date` timestamp NULL DEFAULT CURRENT_TIMESTAMP,
  `stat` varchar(10) NOT NULL,
  PRIMARY KEY (`booking_id`),
  KEY `customer_id` (`customer_id`),
  KEY `show_id` (`show_id`),
  KEY `seat_id` (`seat_id`),
  CONSTRAINT `bookings_ibfk_1` FOREIGN KEY (`customer_id`) REFERENCES `customers` (`customer_id`),
  CONSTRAINT `bookings_ibfk_2` FOREIGN KEY (`show_id`) REFERENCES `showtimes` (`show_id`),
  CONSTRAINT `bookings_ibfk_3` FOREIGN KEY (`seat_id`) REFERENCES `seats` (`seat_id`),
  CONSTRAINT `bookings_chk_1` CHECK ((`stat` in (_utf8mb4'cancelled',_utf8mb4'confirmed')))
) ENGINE=InnoDB DEFAULT CHARSET=utf8mb4 COLLATE=utf8mb4_0900_ai_ci;
/*!40101 SET character_set_client = @saved_cs_client */;

--
-- Dumping data for table `bookings`
--

LOCK TABLES `bookings` WRITE;
/*!40000 ALTER TABLE `bookings` DISABLE KEYS */;
/*!40000 ALTER TABLE `bookings` ENABLE KEYS */;
UNLOCK TABLES;

--
-- Table structure for table `bookings_admin`
--

DROP TABLE IF EXISTS `bookings_admin`;
/*!40101 SET @saved_cs_client     = @@character_set_client */;
/*!50503 SET character_set_client = utf8mb4 */;
CREATE TABLE `bookings_admin` (
  `id` bigint NOT NULL AUTO_INCREMENT,
  `admin_role` varchar(50) NOT NULL,
  `user_id` bigint NOT NULL,
  PRIMARY KEY (`id`),
  UNIQUE KEY `user_id` (`user_id`),
  CONSTRAINT `bookings_admin_user_id_01d686cc_fk_bookings_customer_id` FOREIGN KEY (`user_id`) REFERENCES `bookings_customer` (`id`)
) ENGINE=InnoDB DEFAULT CHARSET=utf8mb4 COLLATE=utf8mb4_0900_ai_ci;
/*!40101 SET character_set_client = @saved_cs_client */;

--
-- Dumping data for table `bookings_admin`
--

LOCK TABLES `bookings_admin` WRITE;
/*!40000 ALTER TABLE `bookings_admin` DISABLE KEYS */;
/*!40000 ALTER TABLE `bookings_admin` ENABLE KEYS */;
UNLOCK TABLES;

--
-- Table structure for table `bookings_booking`
--

DROP TABLE IF EXISTS `bookings_booking`;
/*!40101 SET @saved_cs_client     = @@character_set_client */;
/*!50503 SET character_set_client = utf8mb4 */;
CREATE TABLE `bookings_booking` (
  `id` bigint NOT NULL AUTO_INCREMENT,
  `booking_date` datetime(6) NOT NULL,
  `status` varchar(10) NOT NULL,
  `customer_id` bigint NOT NULL,
  `seat_id` bigint NOT NULL,
  `show_id` bigint NOT NULL,
  `user_id` int DEFAULT NULL,
  PRIMARY KEY (`id`),
  KEY `bookings_booking_customer_id_6b4bdaa9_fk_bookings_customer_id` (`customer_id`),
  KEY `bookings_booking_seat_id_764de9cf_fk_bookings_seat_id` (`seat_id`),
  KEY `bookings_booking_show_id_10221a5a_fk_bookings_showtime_id` (`show_id`),
  KEY `bookings_booking_user_id_834dfc23_fk_auth_user_id` (`user_id`),
  CONSTRAINT `bookings_booking_customer_id_6b4bdaa9_fk_bookings_customer_id` FOREIGN KEY (`customer_id`) REFERENCES `bookings_customer` (`id`),
  CONSTRAINT `bookings_booking_seat_id_764de9cf_fk_bookings_seat_id` FOREIGN KEY (`seat_id`) REFERENCES `bookings_seat` (`id`),
  CONSTRAINT `bookings_booking_show_id_10221a5a_fk_bookings_showtime_id` FOREIGN KEY (`show_id`) REFERENCES `bookings_showtime` (`id`),
  CONSTRAINT `bookings_booking_user_id_834dfc23_fk_auth_user_id` FOREIGN KEY (`user_id`) REFERENCES `auth_user` (`id`)
) ENGINE=InnoDB AUTO_INCREMENT=11 DEFAULT CHARSET=utf8mb4 COLLATE=utf8mb4_0900_ai_ci;
/*!40101 SET character_set_client = @saved_cs_client */;

--
-- Dumping data for table `bookings_booking`
--

LOCK TABLES `bookings_booking` WRITE;
/*!40000 ALTER TABLE `bookings_booking` DISABLE KEYS */;
INSERT INTO `bookings_booking` VALUES (4,'2025-03-13 14:23:20.878195','confirmed',7,29,144,NULL),(5,'2025-03-13 14:24:35.507378','confirmed',8,26,273,NULL),(6,'2025-03-14 13:08:47.058270','confirmed',7,28,37,NULL),(7,'2025-03-30 00:00:00.000000','confirmed',7,80,276,NULL),(8,'2025-03-29 00:00:00.000000','confirmed',7,48,97,NULL),(9,'2025-03-29 00:00:00.000000','confirmed',7,49,125,NULL),(10,'2025-03-29 00:00:00.000000','confirmed',7,4,238,NULL);
/*!40000 ALTER TABLE `bookings_booking` ENABLE KEYS */;
UNLOCK TABLES;

--
-- Table structure for table `bookings_cancellation`
--

DROP TABLE IF EXISTS `bookings_cancellation`;
/*!40101 SET @saved_cs_client     = @@character_set_client */;
/*!50503 SET character_set_client = utf8mb4 */;
CREATE TABLE `bookings_cancellation` (
  `id` bigint NOT NULL AUTO_INCREMENT,
  `cancel_date` datetime(6) NOT NULL,
  `refund_status` varchar(10) NOT NULL,
  `booking_id` bigint NOT NULL,
  PRIMARY KEY (`id`),
  KEY `bookings_cancellation_booking_id_08be4ba0_fk_bookings_booking_id` (`booking_id`),
  CONSTRAINT `bookings_cancellation_booking_id_08be4ba0_fk_bookings_booking_id` FOREIGN KEY (`booking_id`) REFERENCES `bookings_booking` (`id`)
) ENGINE=InnoDB DEFAULT CHARSET=utf8mb4 COLLATE=utf8mb4_0900_ai_ci;
/*!40101 SET character_set_client = @saved_cs_client */;

--
-- Dumping data for table `bookings_cancellation`
--

LOCK TABLES `bookings_cancellation` WRITE;
/*!40000 ALTER TABLE `bookings_cancellation` DISABLE KEYS */;
/*!40000 ALTER TABLE `bookings_cancellation` ENABLE KEYS */;
UNLOCK TABLES;

--
-- Table structure for table `bookings_city`
--

DROP TABLE IF EXISTS `bookings_city`;
/*!40101 SET @saved_cs_client     = @@character_set_client */;
/*!50503 SET character_set_client = utf8mb4 */;
CREATE TABLE `bookings_city` (
  `id` bigint NOT NULL AUTO_INCREMENT,
  `city_name` varchar(255) NOT NULL,
  PRIMARY KEY (`id`)
) ENGINE=InnoDB AUTO_INCREMENT=11 DEFAULT CHARSET=utf8mb4 COLLATE=utf8mb4_0900_ai_ci;
/*!40101 SET character_set_client = @saved_cs_client */;

--
-- Dumping data for table `bookings_city`
--

LOCK TABLES `bookings_city` WRITE;
/*!40000 ALTER TABLE `bookings_city` DISABLE KEYS */;
INSERT INTO `bookings_city` VALUES (1,'Mumbai'),(2,'Delhi'),(3,'Bangalore'),(4,'Hyderabad'),(5,'Chennai'),(6,'Kolkata'),(7,'Pune'),(8,'Ahmedabad'),(9,'Jaipur'),(10,'Lucknow');
/*!40000 ALTER TABLE `bookings_city` ENABLE KEYS */;
UNLOCK TABLES;

--
-- Table structure for table `bookings_customer`
--

DROP TABLE IF EXISTS `bookings_customer`;
/*!40101 SET @saved_cs_client     = @@character_set_client */;
/*!50503 SET character_set_client = utf8mb4 */;
CREATE TABLE `bookings_customer` (
  `id` bigint NOT NULL AUTO_INCREMENT,
  `customer_name` varchar(255) NOT NULL,
  `email_id` varchar(254) NOT NULL,
  `phone_no` varchar(20) NOT NULL,
  `user_id` int DEFAULT NULL,
  PRIMARY KEY (`id`),
  UNIQUE KEY `email_id` (`email_id`),
  UNIQUE KEY `phone_no` (`phone_no`),
  UNIQUE KEY `uuser_id` (`user_id`),
  CONSTRAINT `bookings_customer_user_id_2ec5e30c_fk_auth_user_id` FOREIGN KEY (`user_id`) REFERENCES `auth_user` (`id`)
) ENGINE=InnoDB AUTO_INCREMENT=10 DEFAULT CHARSET=utf8mb4 COLLATE=utf8mb4_0900_ai_ci;
/*!40101 SET character_set_client = @saved_cs_client */;

--
-- Dumping data for table `bookings_customer`
--

LOCK TABLES `bookings_customer` WRITE;
/*!40000 ALTER TABLE `bookings_customer` DISABLE KEYS */;
INSERT INTO `bookings_customer` VALUES (1,'hi1','hi@1','',8),(3,'hi4','hi@4','4',11),(4,'hi5','hi@5','5',12),(6,'hi8','hi@8','8',14),(7,'hi9','hi@9','9',15),(8,'hi10','hi@10','10',16),(9,'hi11','hi@11','11',17);
/*!40000 ALTER TABLE `bookings_customer` ENABLE KEYS */;
UNLOCK TABLES;

--
-- Table structure for table `bookings_date`
--

DROP TABLE IF EXISTS `bookings_date`;
/*!40101 SET @saved_cs_client     = @@character_set_client */;
/*!50503 SET character_set_client = utf8mb4 */;
CREATE TABLE `bookings_date` (
  `id` bigint NOT NULL AUTO_INCREMENT,
  `show_date` date NOT NULL,
  PRIMARY KEY (`id`),
  UNIQUE KEY `show_date` (`show_date`)
) ENGINE=InnoDB AUTO_INCREMENT=31 DEFAULT CHARSET=utf8mb4 COLLATE=utf8mb4_0900_ai_ci;
/*!40101 SET character_set_client = @saved_cs_client */;

--
-- Dumping data for table `bookings_date`
--

LOCK TABLES `bookings_date` WRITE;
/*!40000 ALTER TABLE `bookings_date` DISABLE KEYS */;
INSERT INTO `bookings_date` VALUES (1,'2025-03-16'),(2,'2025-03-17'),(3,'2025-03-18'),(4,'2025-03-19'),(5,'2025-03-20'),(6,'2025-03-21'),(7,'2025-03-22'),(8,'2025-03-23'),(9,'2025-03-24'),(10,'2025-03-25'),(11,'2025-03-26'),(12,'2025-03-27'),(13,'2025-03-28'),(14,'2025-03-29'),(15,'2025-03-30'),(16,'2025-03-31'),(17,'2025-04-01'),(18,'2025-04-02'),(19,'2025-04-03'),(20,'2025-04-04'),(21,'2025-04-05'),(22,'2025-04-06'),(23,'2025-04-07'),(24,'2025-04-08'),(25,'2025-04-09'),(26,'2025-04-10'),(27,'2025-04-11'),(28,'2025-04-12'),(29,'2025-04-13'),(30,'2025-04-14');
/*!40000 ALTER TABLE `bookings_date` ENABLE KEYS */;
UNLOCK TABLES;

--
-- Table structure for table `bookings_event`
--

DROP TABLE IF EXISTS `bookings_event`;
/*!40101 SET @saved_cs_client     = @@character_set_client */;
/*!50503 SET character_set_client = utf8mb4 */;
CREATE TABLE `bookings_event` (
  `id` bigint NOT NULL AUTO_INCREMENT,
  `event_name` varchar(255) NOT NULL,
  `event_type` varchar(10) NOT NULL,
  `duration` int unsigned NOT NULL,
  `lang` varchar(50) NOT NULL,
  `organizer_id` bigint NOT NULL,
  PRIMARY KEY (`id`),
  KEY `bookings_event_organizer_id_908d490e_fk_bookings_organizer_id` (`organizer_id`),
  CONSTRAINT `bookings_event_organizer_id_908d490e_fk_bookings_organizer_id` FOREIGN KEY (`organizer_id`) REFERENCES `bookings_organizer` (`id`),
  CONSTRAINT `bookings_event_chk_1` CHECK ((`duration` >= 0))
) ENGINE=InnoDB AUTO_INCREMENT=51 DEFAULT CHARSET=utf8mb4 COLLATE=utf8mb4_0900_ai_ci;
/*!40101 SET character_set_client = @saved_cs_client */;

--
-- Dumping data for table `bookings_event`
--

LOCK TABLES `bookings_event` WRITE;
/*!40000 ALTER TABLE `bookings_event` DISABLE KEYS */;
INSERT INTO `bookings_event` VALUES (1,'Animal','movie',95,'Hindi',1),(2,'Fighter','movie',120,'Hindi',1),(3,'Tillu Square','movie',153,'Telugu',1),(4,'Shaitaan','movie',132,'Hindi',1),(5,'Article 370','movie',166,'Hindi',1),(6,'Crew','movie',116,'Hindi',2),(7,'Yodha','movie',117,'Hindi',2),(8,'Laapataa Ladies','movie',142,'Hindi',2),(9,'Bastar','movie',173,'Hindi',2),(10,'Ae Watan Mere Watan','movie',109,'Hindi',2),(11,'Diljit Dosanjh Concert','concert',153,'Punjabi',3),(12,'Arijit Singh Live','concert',105,'Hindi',3),(13,'Shreya Ghoshal Live','concert',107,'Hindi',3),(14,'Sonu Nigam Concert','concert',179,'Hindi',3),(15,'Neha Kakkar Live','concert',101,'Hindi',3),(16,'Pritam Concert','concert',120,'Hindi',4),(17,'A.R. Rahman Live','concert',115,'Tamil',4),(18,'Sunidhi Chauhan Concert','concert',108,'Hindi',4),(19,'KK Tribute Night','concert',153,'Hindi',4),(20,'Lucky Ali Live','concert',150,'Hindi',4),(21,'Kalki 2898 AD','movie',160,'Telugu',5),(22,'Pushpa 2','movie',156,'Telugu',5),(23,'Bhool Bhulaiyaa 3','movie',157,'Hindi',5),(24,'Vikram','movie',142,'Tamil',5),(25,'KGF Chapter 3','movie',131,'Kannada',5),(26,'Jawaan','movie',129,'Hindi',6),(27,'Leo','movie',156,'Tamil',6),(28,'Bade Miyan Chote Miyan','movie',134,'Hindi',6),(29,'Singham Again','movie',153,'Hindi',6),(30,'Brahmastra 2','movie',157,'Hindi',6),(31,'Atif Aslam Live','concert',180,'Urdu',7),(32,'Armaan Malik Concert','concert',155,'Hindi',7),(33,'Badshah Live','concert',132,'Hindi',7),(34,'Hardy Sandhu Live','concert',151,'Punjabi',7),(35,'Honey Singh Concert','concert',167,'Hindi',7),(36,'Vishal-Shekhar Live','concert',102,'Hindi',8),(37,'Shankar-Ehsaan-Loy Concert','concert',141,'Hindi',8),(38,'Gurdas Maan Live','concert',164,'Punjabi',8),(39,'Amit Trivedi Live','concert',177,'Hindi',8),(40,'Jubin Nautiyal Concert','concert',150,'Hindi',8),(41,'Jailer','movie',149,'Tamil',9),(42,'Salaar','movie',110,'Telugu',9),(43,'Indian 2','movie',135,'Tamil',9),(44,'Mad 2','movie',139,'telugu',9),(45,'Adipurush','movie',108,'Hindi',9),(46,'RRR','movie',111,'Telugu',10),(47,'Pathaan','movie',114,'Hindi',10),(48,'Kantara','movie',175,'Kannada',10),(49,'Baahubali 2','movie',117,'Telugu',10),(50,'Vikram Vedha','movie',116,'Hindi',10);
/*!40000 ALTER TABLE `bookings_event` ENABLE KEYS */;
UNLOCK TABLES;

--
-- Table structure for table `bookings_organizer`
--

DROP TABLE IF EXISTS `bookings_organizer`;
/*!40101 SET @saved_cs_client     = @@character_set_client */;
/*!50503 SET character_set_client = utf8mb4 */;
CREATE TABLE `bookings_organizer` (
  `id` bigint NOT NULL AUTO_INCREMENT,
  `organizer_name` varchar(255) NOT NULL,
  PRIMARY KEY (`id`),
  UNIQUE KEY `organizer_name` (`organizer_name`)
) ENGINE=InnoDB AUTO_INCREMENT=11 DEFAULT CHARSET=utf8mb4 COLLATE=utf8mb4_0900_ai_ci;
/*!40101 SET character_set_client = @saved_cs_client */;

--
-- Dumping data for table `bookings_organizer`
--

LOCK TABLES `bookings_organizer` WRITE;
/*!40000 ALTER TABLE `bookings_organizer` DISABLE KEYS */;
INSERT INTO `bookings_organizer` VALUES (1,'Amit Sharma'),(4,'Anjali Mehta'),(10,'Arjun Kapoor'),(7,'Neha Verma'),(8,'Pooja Reddy'),(3,'Priya Singh'),(2,'Rajesh Gupta'),(5,'Ravi Kumar'),(6,'Suresh Patel'),(9,'Vikram Chauhan');
/*!40000 ALTER TABLE `bookings_organizer` ENABLE KEYS */;
UNLOCK TABLES;

--
-- Table structure for table `bookings_screen`
--

DROP TABLE IF EXISTS `bookings_screen`;
/*!40101 SET @saved_cs_client     = @@character_set_client */;
/*!50503 SET character_set_client = utf8mb4 */;
CREATE TABLE `bookings_screen` (
  `id` bigint NOT NULL AUTO_INCREMENT,
  `screen_name` varchar(100) NOT NULL,
  `total_seats` int unsigned NOT NULL,
  `theatre_id` bigint NOT NULL,
  PRIMARY KEY (`id`),
  KEY `bookings_screen_theatre_id_d927fdf0_fk_bookings_theatre_id` (`theatre_id`),
  CONSTRAINT `bookings_screen_theatre_id_d927fdf0_fk_bookings_theatre_id` FOREIGN KEY (`theatre_id`) REFERENCES `bookings_theatre` (`id`),
  CONSTRAINT `bookings_screen_chk_1` CHECK ((`total_seats` >= 0))
) ENGINE=InnoDB AUTO_INCREMENT=215 DEFAULT CHARSET=utf8mb4 COLLATE=utf8mb4_0900_ai_ci;
/*!40101 SET character_set_client = @saved_cs_client */;

--
-- Dumping data for table `bookings_screen`
--

LOCK TABLES `bookings_screen` WRITE;
/*!40000 ALTER TABLE `bookings_screen` DISABLE KEYS */;
INSERT INTO `bookings_screen` VALUES (1,'me',97,1),(2,'owner',156,1),(3,'instead',190,1),(4,'effect',169,1),(5,'including',193,2),(6,'successful',156,2),(7,'security',95,2),(8,'among',183,3),(9,'similar',85,3),(10,'then',168,3),(11,'population',116,4),(12,'huge',114,4),(13,'war',177,4),(14,'major',169,4),(15,'reveal',54,4),(16,'group',74,4),(17,'large',74,5),(18,'long',174,5),(19,'serve',69,5),(20,'rule',132,5),(21,'team',162,6),(22,'debate',132,6),(23,'film',84,6),(24,'against',142,6),(25,'moment',197,6),(26,'prevent',181,7),(27,'certainly',69,7),(28,'never',200,7),(29,'choose',116,7),(30,'drop',93,7),(31,'garden',115,7),(32,'response',156,7),(33,'long',164,7),(34,'sign',126,8),(35,'say',56,8),(36,'contain',130,8),(37,'play',125,8),(38,'social',114,9),(39,'surface',147,9),(40,'picture',155,9),(41,'choose',106,10),(42,'smile',140,10),(43,'capital',192,10),(44,'answer',91,11),(45,'if',59,11),(46,'here',58,11),(47,'can',138,11),(48,'poor',146,11),(49,'other',91,11),(50,'surface',177,11),(51,'culture',156,11),(52,'country',51,11),(53,'often',65,11),(54,'across',189,12),(55,'type',163,12),(56,'alone',94,12),(57,'performance',94,12),(58,'receive',191,12),(59,'ahead',195,12),(60,'return',60,12),(61,'parent',90,12),(62,'trip',196,12),(63,'have',130,13),(64,'color',172,13),(65,'focus',134,13),(66,'job',55,13),(67,'process',136,13),(68,'hotel',143,13),(69,'peace',129,13),(70,'mouth',98,13),(71,'history',172,13),(72,'thing',73,13),(73,'beautiful',190,14),(74,'approach',132,14),(75,'management',58,14),(76,'whom',147,14),(77,'himself',168,14),(78,'throw',103,14),(79,'ok',148,15),(80,'test',51,15),(81,'close',101,15),(82,'treatment',81,15),(83,'such',68,15),(84,'within',76,15),(85,'discover',172,15),(86,'thousand',148,16),(87,'last',142,16),(88,'production',128,16),(89,'customer',190,17),(90,'area',105,17),(91,'option',144,17),(92,'if',92,17),(93,'walk',167,17),(94,'seat',185,17),(95,'pressure',179,17),(96,'certain',91,17),(97,'place',151,17),(98,'laugh',137,18),(99,'success',179,18),(100,'believe',79,18),(101,'loss',191,19),(102,'chair',199,19),(103,'everybody',95,19),(104,'adult',105,19),(105,'oil',56,19),(106,'anything',199,19),(107,'during',80,19),(108,'table',137,20),(109,'direction',161,20),(110,'degree',197,20),(111,'truth',131,20),(112,'too',66,20),(113,'bank',67,20),(114,'fill',71,20),(115,'international',144,21),(116,'window',67,21),(117,'city',88,21),(118,'job',77,21),(119,'who',186,21),(120,'whole',175,21),(121,'this',96,21),(122,'dream',139,21),(123,'book',197,21),(124,'run',164,21),(125,'increase',99,22),(126,'wait',66,22),(127,'go',54,22),(128,'call',83,23),(129,'study',192,23),(130,'later',62,23),(131,'impact',80,23),(132,'television',162,23),(133,'approach',146,23),(134,'another',161,23),(135,'prepare',113,23),(136,'away',191,24),(137,'red',88,24),(138,'artist',131,24),(139,'including',83,24),(140,'already',140,25),(141,'fund',141,25),(142,'recent',141,25),(143,'imagine',104,25),(144,'base',163,25),(145,'believe',138,25),(146,'set',92,26),(147,'trouble',187,26),(148,'far',123,26),(149,'attention',90,26),(150,'crime',169,26),(151,'because',112,26),(152,'cell',90,26),(153,'Mr',117,27),(154,'media',177,27),(155,'total',65,27),(156,'yet',192,27),(157,'dark',120,28),(158,'science',124,28),(159,'seven',178,28),(160,'southern',155,28),(161,'structure',71,28),(162,'us',55,28),(163,'cold',88,29),(164,'end',166,29),(165,'area',156,29),(166,'cause',166,29),(167,'walk',113,29),(168,'town',112,29),(169,'house',190,29),(170,'out',186,29),(171,'be',86,29),(172,'better',183,29),(173,'report',182,30),(174,'they',174,30),(175,'prepare',98,30),(176,'then',134,30),(177,'all',53,30),(178,'down',127,30),(179,'character',159,30),(180,'unit',164,30),(181,'eat',151,31),(182,'marriage',146,31),(183,'man',137,31),(184,'top',82,31),(185,'than',139,31),(186,'executive',80,31),(187,'present',124,31),(188,'particularly',110,31),(189,'drive',76,31),(190,'value',185,32),(191,'home',107,32),(192,'next',101,32),(193,'design',85,32),(194,'top',186,33),(195,'several',171,33),(196,'thousand',85,33),(197,'community',87,34),(198,'pressure',73,34),(199,'economic',199,34),(200,'film',113,34),(201,'capital',81,34),(202,'participant',62,34),(203,'range',99,34),(204,'such',97,34),(205,'course',146,35),(206,'agreement',135,35),(207,'model',104,35),(208,'interest',130,35),(209,'none',125,35),(210,'management',70,35),(211,'debate',181,35),(212,'for',152,35),(213,'view',64,35),(214,'rather',182,35);
/*!40000 ALTER TABLE `bookings_screen` ENABLE KEYS */;
UNLOCK TABLES;

--
-- Table structure for table `bookings_seat`
--

DROP TABLE IF EXISTS `bookings_seat`;
/*!40101 SET @saved_cs_client     = @@character_set_client */;
/*!50503 SET character_set_client = utf8mb4 */;
CREATE TABLE `bookings_seat` (
  `id` bigint NOT NULL AUTO_INCREMENT,
  `seat_number` varchar(10) NOT NULL,
  `tier_id` bigint NOT NULL,
  PRIMARY KEY (`id`),
  UNIQUE KEY `bookings_seat_seat_number_e4762d18_uniq` (`seat_number`),
  KEY `bookings_seat_tier_id_4ac26d2f_fk_bookings_tier_id` (`tier_id`),
  CONSTRAINT `bookings_seat_tier_id_4ac26d2f_fk_bookings_tier_id` FOREIGN KEY (`tier_id`) REFERENCES `bookings_tier` (`id`)
) ENGINE=InnoDB AUTO_INCREMENT=84 DEFAULT CHARSET=utf8mb4 COLLATE=utf8mb4_0900_ai_ci;
/*!40101 SET character_set_client = @saved_cs_client */;

--
-- Dumping data for table `bookings_seat`
--

LOCK TABLES `bookings_seat` WRITE;
/*!40000 ALTER TABLE `bookings_seat` DISABLE KEYS */;
INSERT INTO `bookings_seat` VALUES (4,'A1',1),(5,'A2',1),(6,'B1',2),(25,'Z1',1),(26,'X2',1),(27,'A3',1),(28,'Y1',2),(29,'B2',2),(30,'B3',2),(31,'C1',3),(32,'C2',3),(33,'C3',3),(34,'P1',1),(35,'P2',1),(36,'P3',1),(37,'P4',1),(38,'P5',1),(39,'P6',1),(40,'P7',1),(41,'P8',1),(42,'P9',1),(43,'P10',1),(44,'Q1',2),(45,'Q2',2),(46,'Q3',2),(47,'Q4',2),(48,'Q5',2),(49,'Q6',2),(50,'Q7',2),(51,'Q8',2),(52,'Q9',2),(53,'Q10',2),(54,'R1',3),(55,'R2',3),(56,'R3',3),(57,'R4',3),(58,'R5',3),(59,'R6',3),(60,'R7',3),(61,'R8',3),(62,'R9',3),(63,'R10',3),(64,'M1',4),(65,'M2',4),(66,'M3',4),(67,'M4',4),(68,'M5',4),(69,'M6',4),(70,'M7',4),(71,'M8',4),(72,'M9',4),(73,'M10',4),(74,'N1',5),(75,'N2',5),(76,'N3',5),(77,'N4',5),(78,'N5',5),(79,'N6',5),(80,'N7',5),(81,'N8',5),(82,'N9',5),(83,'N10',5);
/*!40000 ALTER TABLE `bookings_seat` ENABLE KEYS */;
UNLOCK TABLES;

--
-- Table structure for table `bookings_showtime`
--

DROP TABLE IF EXISTS `bookings_showtime`;
/*!40101 SET @saved_cs_client     = @@character_set_client */;
/*!50503 SET character_set_client = utf8mb4 */;
CREATE TABLE `bookings_showtime` (
  `id` bigint NOT NULL AUTO_INCREMENT,
  `show_date` date NOT NULL,
  `slot_time` time(6) NOT NULL,
  `available_seats` int unsigned NOT NULL,
  `event_id` bigint NOT NULL,
  `screen_id` bigint NOT NULL,
  PRIMARY KEY (`id`),
  KEY `bookings_showtime_event_id_6e7f8b54_fk_bookings_event_id` (`event_id`),
  KEY `bookings_showtime_screen_id_78497e60_fk_bookings_screen_id` (`screen_id`),
  CONSTRAINT `bookings_showtime_event_id_6e7f8b54_fk_bookings_event_id` FOREIGN KEY (`event_id`) REFERENCES `bookings_event` (`id`),
  CONSTRAINT `bookings_showtime_screen_id_78497e60_fk_bookings_screen_id` FOREIGN KEY (`screen_id`) REFERENCES `bookings_screen` (`id`),
  CONSTRAINT `bookings_showtime_chk_1` CHECK ((`available_seats` >= 0))
) ENGINE=InnoDB AUTO_INCREMENT=8519 DEFAULT CHARSET=utf8mb4 COLLATE=utf8mb4_0900_ai_ci;
/*!40101 SET character_set_client = @saved_cs_client */;

--
-- Dumping data for table `bookings_showtime`
--

LOCK TABLES `bookings_showtime` WRITE;
/*!40000 ALTER TABLE `bookings_showtime` DISABLE KEYS */;
INSERT INTO `bookings_showtime` VALUES (1,'2025-02-18','15:14:09.000000',75,1,207),(2,'2025-03-10','17:40:05.000000',50,1,22),(3,'2025-02-08','23:15:15.000000',68,1,195),(4,'2025-01-20','03:59:45.000000',16,1,44),(5,'2025-02-23','16:01:23.000000',45,1,111),(6,'2025-02-20','21:47:07.000000',32,1,209),(7,'2025-02-17','14:42:50.000000',92,2,172),(8,'2025-01-17','12:22:31.000000',29,2,31),(9,'2025-01-19','03:20:05.000000',35,2,202),(10,'2025-03-01','04:04:10.000000',17,3,171),(11,'2025-02-17','12:42:09.000000',40,3,191),(12,'2025-02-19','20:13:40.000000',91,3,131),(13,'2025-02-03','19:42:57.000000',48,3,168),(14,'2025-02-02','11:38:58.000000',13,4,49),(15,'2025-01-05','19:53:12.000000',44,4,25),(16,'2025-01-23','10:11:06.000000',51,4,197),(17,'2025-02-07','16:38:33.000000',85,5,90),(18,'2025-02-19','06:25:23.000000',61,5,167),(19,'2025-02-17','04:25:31.000000',19,5,20),(20,'2025-02-01','16:26:21.000000',19,5,69),(21,'2025-02-10','09:47:01.000000',94,5,109),(22,'2025-01-19','04:28:48.000000',54,5,15),(23,'2025-01-31','16:43:32.000000',71,5,122),(24,'2025-01-30','21:04:54.000000',49,5,166),(25,'2025-01-26','01:09:29.000000',35,5,67),(26,'2025-02-16','13:52:21.000000',47,6,119),(27,'2025-01-04','08:14:38.000000',53,6,189),(28,'2025-03-10','22:52:27.000000',45,6,213),(29,'2025-01-15','16:19:04.000000',97,6,206),(30,'2025-02-22','19:37:10.000000',56,6,148),(31,'2025-03-04','11:17:54.000000',51,6,97),(32,'2025-03-07','14:42:41.000000',63,7,75),(33,'2025-02-24','22:23:04.000000',48,7,205),(34,'2025-01-04','00:44:50.000000',97,7,96),(35,'2025-02-16','04:15:48.000000',64,7,121),(36,'2025-03-04','00:55:20.000000',82,7,141),(37,'2025-01-13','22:39:00.000000',32,7,75),(38,'2025-01-18','08:04:18.000000',38,7,37),(39,'2025-02-08','05:13:51.000000',32,7,128),(40,'2025-03-10','00:52:05.000000',91,7,3),(41,'2025-03-03','15:36:23.000000',56,7,154),(42,'2025-01-04','04:11:10.000000',48,8,84),(43,'2025-02-25','13:27:13.000000',56,8,88),(44,'2025-01-13','05:29:27.000000',24,8,184),(45,'2025-01-21','04:55:12.000000',28,9,148),(46,'2025-01-16','10:03:46.000000',49,9,197),(47,'2025-01-08','10:10:26.000000',87,9,84),(48,'2025-02-19','10:02:29.000000',54,9,213),(49,'2025-01-08','05:31:28.000000',38,9,172),(50,'2025-01-15','20:35:43.000000',55,10,130),(51,'2025-03-08','16:05:14.000000',27,10,118),(52,'2025-01-21','18:17:55.000000',47,10,70),(53,'2025-01-23','14:32:02.000000',30,10,174),(54,'2025-02-22','17:28:11.000000',78,10,125),(55,'2025-01-21','17:16:08.000000',31,10,138),(56,'2025-01-23','06:03:31.000000',97,10,212),(57,'2025-01-14','03:55:35.000000',89,11,108),(58,'2025-02-12','14:01:34.000000',72,11,37),(59,'2025-01-17','01:33:07.000000',22,11,157),(60,'2025-02-19','03:09:56.000000',22,11,190),(61,'2025-02-22','18:10:12.000000',22,11,157),(62,'2025-01-21','07:46:36.000000',35,11,141),(63,'2025-01-20','19:58:13.000000',26,11,21),(64,'2025-01-21','08:43:33.000000',61,11,157),(65,'2025-01-27','15:10:52.000000',36,11,143),(66,'2025-01-16','13:16:13.000000',71,12,21),(67,'2025-01-07','01:26:35.000000',64,12,28),(68,'2025-01-07','16:33:54.000000',33,12,211),(69,'2025-02-10','11:43:24.000000',74,12,41),(70,'2025-02-16','19:11:24.000000',12,12,85),(71,'2025-01-15','13:04:27.000000',23,12,68),(72,'2025-01-17','11:53:48.000000',28,12,158),(73,'2025-01-25','08:31:40.000000',28,12,213),(74,'2025-01-21','14:20:47.000000',90,13,72),(75,'2025-01-05','16:41:11.000000',31,13,64),(76,'2025-02-04','05:43:58.000000',55,13,87),(77,'2025-01-07','21:16:11.000000',98,13,94),(78,'2025-01-24','17:44:11.000000',16,13,184),(79,'2025-02-18','20:49:36.000000',94,13,205),(80,'2025-01-03','05:02:26.000000',14,13,130),(81,'2025-02-19','21:29:07.000000',76,14,51),(82,'2025-01-28','17:39:45.000000',34,14,57),(83,'2025-01-14','11:44:02.000000',70,14,70),(84,'2025-02-17','09:05:17.000000',50,14,168),(85,'2025-02-08','17:29:05.000000',42,14,80),(86,'2025-02-12','13:51:46.000000',51,14,213),(87,'2025-01-19','06:19:54.000000',49,14,201),(88,'2025-01-11','07:26:58.000000',67,14,150),(89,'2025-02-13','00:13:49.000000',40,15,53),(90,'2025-01-28','03:51:47.000000',88,15,201),(91,'2025-02-17','15:14:07.000000',35,15,103),(92,'2025-02-05','07:07:13.000000',12,15,76),(93,'2025-01-09','23:50:40.000000',57,15,2),(94,'2025-01-14','06:19:46.000000',82,15,194),(95,'2025-02-17','23:53:41.000000',35,15,194),(96,'2025-02-27','22:07:50.000000',49,15,21),(97,'2025-01-04','03:29:30.000000',88,15,125),(98,'2025-01-31','20:28:36.000000',31,15,188),(99,'2025-01-08','19:35:31.000000',47,16,79),(100,'2025-01-27','18:34:08.000000',63,16,116),(101,'2025-02-25','07:24:03.000000',14,16,10),(102,'2025-02-15','11:47:37.000000',60,17,92),(103,'2025-02-19','09:34:43.000000',44,17,63),(104,'2025-01-09','18:23:33.000000',45,17,124),(105,'2025-02-28','06:59:34.000000',94,17,209),(106,'2025-02-14','01:42:53.000000',74,18,97),(107,'2025-01-04','09:40:33.000000',40,18,200),(108,'2025-01-25','14:54:49.000000',87,18,32),(109,'2025-02-04','20:29:46.000000',64,18,59),(110,'2025-03-03','20:27:10.000000',57,18,206),(111,'2025-02-17','23:16:42.000000',79,18,74),(112,'2025-01-09','12:42:47.000000',53,18,183),(113,'2025-03-06','20:49:29.000000',13,18,9),(114,'2025-01-22','20:25:29.000000',10,18,24),(115,'2025-01-22','11:45:21.000000',59,19,87),(116,'2025-02-05','04:14:08.000000',95,19,41),(117,'2025-02-12','22:35:27.000000',60,19,196),(118,'2025-02-21','08:36:08.000000',24,19,177),(119,'2025-02-09','14:46:48.000000',36,19,79),(120,'2025-01-25','21:38:03.000000',47,20,50),(121,'2025-01-25','06:41:44.000000',96,20,213),(122,'2025-01-10','05:18:50.000000',26,20,126),(123,'2025-01-22','12:04:23.000000',76,21,188),(124,'2025-01-31','03:41:38.000000',20,21,120),(125,'2025-03-05','15:17:16.000000',59,21,13),(126,'2025-01-26','00:56:50.000000',14,21,3),(127,'2025-02-24','17:34:38.000000',43,21,46),(128,'2025-03-03','18:24:29.000000',91,21,182),(129,'2025-02-22','12:12:09.000000',75,21,129),(130,'2025-01-15','05:21:38.000000',33,22,10),(131,'2025-02-02','09:31:59.000000',60,22,2),(132,'2025-02-25','15:05:39.000000',12,22,63),(133,'2025-01-23','02:51:27.000000',21,22,193),(134,'2025-01-07','07:20:28.000000',80,22,119),(135,'2025-03-09','19:46:54.000000',16,23,183),(136,'2025-03-06','21:48:43.000000',24,23,59),(137,'2025-02-10','20:09:48.000000',91,23,8),(138,'2025-02-01','17:08:27.000000',51,23,108),(139,'2025-01-16','04:38:58.000000',14,23,177),(140,'2025-02-13','00:31:42.000000',29,23,151),(141,'2025-01-06','22:27:23.000000',77,23,98),(142,'2025-01-16','15:21:26.000000',53,24,71),(143,'2025-01-18','01:52:07.000000',20,24,16),(144,'2025-02-08','14:01:04.000000',84,24,126),(145,'2025-03-06','23:23:07.000000',13,25,48),(146,'2025-02-27','05:32:45.000000',97,25,151),(147,'2025-02-21','04:04:55.000000',32,25,104),(148,'2025-02-28','17:36:59.000000',75,25,94),(149,'2025-02-16','16:09:50.000000',55,25,174),(150,'2025-01-25','07:26:55.000000',78,25,123),(151,'2025-01-08','15:00:50.000000',22,25,25),(152,'2025-02-06','09:57:15.000000',52,25,108),(153,'2025-01-14','00:23:21.000000',29,25,210),(154,'2025-01-05','07:54:15.000000',100,26,182),(155,'2025-03-08','22:15:37.000000',38,26,132),(156,'2025-02-23','18:55:10.000000',72,26,163),(157,'2025-02-06','01:25:56.000000',33,26,118),(158,'2025-02-18','20:41:34.000000',63,27,169),(159,'2025-02-12','14:39:39.000000',88,27,61),(160,'2025-02-25','00:57:06.000000',16,27,76),(161,'2025-01-14','05:39:42.000000',28,27,68),(162,'2025-01-03','23:07:28.000000',17,27,140),(163,'2025-02-25','17:18:28.000000',49,27,78),(164,'2025-02-03','10:50:42.000000',84,27,59),(165,'2025-03-06','01:08:31.000000',14,28,46),(166,'2025-01-17','13:51:28.000000',27,28,174),(167,'2025-02-02','14:38:09.000000',95,28,38),(168,'2025-03-04','17:12:49.000000',14,28,190),(169,'2025-02-13','05:19:28.000000',93,28,148),(170,'2025-02-23','16:34:12.000000',25,29,140),(171,'2025-01-26','14:59:07.000000',22,29,86),(172,'2025-02-13','17:41:42.000000',39,29,75),(173,'2025-01-25','11:15:27.000000',91,29,103),(174,'2025-01-05','08:35:19.000000',60,29,4),(175,'2025-02-17','00:41:05.000000',83,30,155),(176,'2025-02-15','01:14:09.000000',59,30,88),(177,'2025-01-09','12:09:51.000000',98,30,30),(178,'2025-03-03','03:47:45.000000',39,30,95),(179,'2025-01-28','15:54:05.000000',71,30,169),(180,'2025-02-05','22:49:07.000000',29,30,144),(181,'2025-01-07','09:42:30.000000',10,30,94),(182,'2025-02-03','13:46:07.000000',79,30,186),(183,'2025-02-05','04:20:52.000000',59,30,122),(184,'2025-02-25','04:20:41.000000',63,30,81),(185,'2025-01-27','05:06:30.000000',11,31,128),(186,'2025-02-26','23:19:24.000000',92,31,152),(187,'2025-01-25','06:52:02.000000',16,31,101),(188,'2025-01-10','00:19:23.000000',45,31,160),(189,'2025-02-28','13:58:04.000000',30,32,153),(190,'2025-01-31','14:17:53.000000',84,32,8),(191,'2025-01-20','15:09:04.000000',96,32,105),(192,'2025-02-11','13:57:48.000000',30,32,191),(193,'2025-01-07','11:15:37.000000',78,33,70),(194,'2025-01-07','17:48:57.000000',47,33,154),(195,'2025-02-19','19:00:55.000000',12,33,185),(196,'2025-01-16','01:18:44.000000',71,33,35),(197,'2025-03-09','01:43:34.000000',45,33,211),(198,'2025-02-23','06:58:56.000000',94,33,181),(199,'2025-01-07','02:00:57.000000',95,33,29),(200,'2025-01-07','08:44:05.000000',53,33,27),(201,'2025-01-16','05:19:12.000000',67,34,2),(202,'2025-02-06','07:20:07.000000',89,34,27),(203,'2025-03-07','05:56:24.000000',90,34,49),(204,'2025-02-10','16:00:59.000000',22,34,160),(205,'2025-02-18','13:56:23.000000',26,34,165),(206,'2025-01-01','12:36:58.000000',88,34,162),(207,'2025-01-11','10:22:13.000000',69,35,207),(208,'2025-01-21','16:06:17.000000',68,35,26),(209,'2025-03-01','04:55:41.000000',10,35,95),(210,'2025-01-18','09:25:38.000000',49,35,106),(211,'2025-01-12','21:07:56.000000',48,35,67),(212,'2025-01-05','10:27:28.000000',59,35,207),(213,'2025-02-05','19:54:10.000000',59,35,140),(214,'2025-02-10','06:47:02.000000',85,35,86),(215,'2025-01-22','13:01:01.000000',17,35,4),(216,'2025-02-07','09:49:22.000000',57,35,93),(217,'2025-03-07','19:14:34.000000',74,36,170),(218,'2025-02-28','23:44:21.000000',15,36,179),(219,'2025-02-28','00:37:40.000000',53,36,161),(220,'2025-01-29','03:58:36.000000',66,36,193),(221,'2025-02-19','02:33:42.000000',59,36,46),(222,'2025-01-06','14:19:45.000000',57,36,47),(223,'2025-02-17','04:56:19.000000',33,37,176),(224,'2025-01-15','18:43:25.000000',58,37,140),(225,'2025-02-22','01:20:02.000000',86,37,214),(226,'2025-01-05','09:13:27.000000',47,37,96),(227,'2025-02-23','09:11:30.000000',51,37,24),(228,'2025-01-29','11:16:22.000000',81,38,25),(229,'2025-01-26','01:56:38.000000',85,38,86),(230,'2025-01-28','03:53:44.000000',10,38,36),(231,'2025-01-30','13:29:22.000000',27,38,165),(232,'2025-02-21','15:48:13.000000',45,38,128),(233,'2025-02-20','12:02:30.000000',34,38,146),(234,'2025-02-08','00:04:52.000000',15,38,75),(235,'2025-02-20','07:06:07.000000',36,38,196),(236,'2025-01-28','04:25:47.000000',29,38,151),(237,'2025-01-05','07:54:09.000000',49,38,136),(238,'2025-02-10','10:57:49.000000',10,39,98),(239,'2025-02-28','20:28:29.000000',84,39,20),(240,'2025-02-24','01:59:14.000000',52,39,53),(241,'2025-01-11','13:15:41.000000',88,39,137),(242,'2025-03-07','06:55:38.000000',10,39,19),(243,'2025-03-09','13:14:34.000000',14,39,164),(244,'2025-01-24','19:26:43.000000',10,39,134),(245,'2025-02-14','16:23:24.000000',33,39,7),(246,'2025-01-14','20:57:05.000000',58,39,9),(247,'2025-02-01','11:21:43.000000',92,40,194),(248,'2025-01-30','03:48:11.000000',39,40,192),(249,'2025-01-12','19:18:23.000000',16,40,71),(250,'2025-02-07','00:36:55.000000',21,40,120),(251,'2025-01-28','03:15:31.000000',60,40,102),(252,'2025-02-13','00:39:01.000000',71,40,126),(253,'2025-01-07','15:18:17.000000',79,41,75),(254,'2025-01-20','14:34:46.000000',67,41,108),(255,'2025-01-20','14:51:59.000000',90,41,99),(256,'2025-03-05','09:23:41.000000',65,41,26),(257,'2025-01-16','05:51:07.000000',18,41,26),(258,'2025-01-07','12:44:33.000000',79,41,102),(259,'2025-02-04','00:28:00.000000',91,41,35),(260,'2025-01-03','22:23:29.000000',30,41,128),(261,'2025-02-20','03:52:48.000000',88,41,84),(262,'2025-01-17','14:26:59.000000',54,41,184),(263,'2025-03-05','11:38:54.000000',89,42,46),(264,'2025-01-16','17:47:55.000000',92,42,54),(265,'2025-01-10','03:35:23.000000',74,42,112),(266,'2025-01-02','21:40:51.000000',82,42,34),(267,'2025-02-12','09:59:25.000000',43,42,154),(268,'2025-01-03','22:40:38.000000',20,42,153),(269,'2025-02-06','20:47:41.000000',20,42,78),(270,'2025-02-09','16:34:22.000000',75,43,5),(271,'2025-01-17','12:58:20.000000',68,43,90),(272,'2025-01-03','05:16:22.000000',19,43,61),(273,'2025-01-13','01:29:15.000000',61,43,175),(274,'2025-02-01','15:24:29.000000',68,44,61),(275,'2025-01-24','17:01:56.000000',67,44,73),(276,'2025-01-27','05:59:02.000000',15,44,30),(277,'2025-01-06','15:18:54.000000',95,44,44),(278,'2025-03-03','19:01:43.000000',25,44,37),(279,'2025-02-12','03:27:53.000000',21,44,142),(280,'2025-02-23','02:40:42.000000',47,44,111),(281,'2025-02-13','18:21:22.000000',58,45,106),(282,'2025-03-08','21:41:39.000000',78,45,170),(283,'2025-01-24','11:49:39.000000',27,45,88),(284,'2025-01-10','13:14:53.000000',20,45,127),(285,'2025-01-09','11:29:56.000000',67,45,202),(286,'2025-01-25','08:08:31.000000',19,45,193),(287,'2025-01-10','07:21:42.000000',12,45,74),(288,'2025-01-28','00:27:30.000000',76,45,139),(289,'2025-01-18','18:54:38.000000',35,45,21),(290,'2025-01-06','03:36:49.000000',21,46,83),(291,'2025-02-21','11:52:02.000000',49,46,210),(292,'2025-02-27','12:25:24.000000',28,46,17),(293,'2025-02-08','19:15:29.000000',54,46,60),(294,'2025-03-10','00:39:04.000000',69,46,116),(295,'2025-02-28','20:26:55.000000',53,46,135),(296,'2025-02-20','04:31:37.000000',57,46,139),(297,'2025-01-08','08:14:43.000000',18,46,31),(298,'2025-01-16','06:01:44.000000',45,47,17),(299,'2025-02-26','01:24:54.000000',69,47,118),(300,'2025-01-02','16:34:26.000000',78,47,88),(301,'2025-03-03','14:08:17.000000',74,47,159),(302,'2025-02-05','18:02:10.000000',81,47,92),(303,'2025-01-27','08:28:20.000000',68,47,133),(304,'2025-02-03','02:14:29.000000',17,47,184),(305,'2025-03-07','12:48:17.000000',24,47,10),(306,'2025-02-27','07:15:13.000000',61,47,160),(307,'2025-02-24','07:09:48.000000',35,47,195),(308,'2025-02-17','09:27:33.000000',43,48,22),(309,'2025-01-16','22:04:59.000000',44,48,123),(310,'2025-01-18','15:39:39.000000',40,48,55),(311,'2025-01-17','08:15:50.000000',75,48,133),(312,'2025-03-08','11:49:33.000000',83,48,53),(313,'2025-01-17','10:02:06.000000',95,48,114),(314,'2025-01-18','15:28:16.000000',14,48,2),(315,'2025-01-22','10:28:32.000000',36,48,61),(316,'2025-01-28','00:04:20.000000',79,48,172),(317,'2025-02-04','22:08:26.000000',40,48,118),(318,'2025-02-26','11:52:57.000000',98,49,37),(319,'2025-02-02','10:18:41.000000',90,49,138),(320,'2025-01-21','03:05:57.000000',22,49,5),(321,'2025-01-07','19:30:47.000000',19,49,31),(322,'2025-02-02','06:41:37.000000',72,49,126),(323,'2025-02-22','15:46:17.000000',28,49,103),(324,'2025-01-18','23:13:32.000000',65,49,67),(325,'2025-02-24','11:34:40.000000',39,50,155),(326,'2025-01-13','00:35:43.000000',32,50,8),(327,'2025-02-16','15:16:59.000000',78,50,91),(328,'2025-03-28','09:00:00.000000',85,43,1),(329,'2025-03-28','09:00:00.000000',59,42,1),(330,'2025-03-28','09:00:00.000000',50,44,1),(331,'2025-03-28','09:00:00.000000',140,45,1),(332,'2025-03-28','09:00:00.000000',67,32,1),(333,'2025-03-28','09:00:00.000000',105,22,1),(334,'2025-03-28','09:00:00.000000',102,3,1),(335,'2025-03-28','09:00:00.000000',107,35,1),(336,'2025-03-28','09:00:00.000000',118,33,1),(337,'2025-03-28','09:00:00.000000',121,23,1),(338,'2025-03-28','09:00:00.000000',146,13,1),(339,'2025-03-28','09:00:00.000000',59,2,1),(340,'2025-03-28','09:00:00.000000',127,25,1),(341,'2025-03-28','09:00:00.000000',62,5,1),(342,'2025-03-28','09:00:00.000000',95,4,1),(343,'2025-03-28','09:00:00.000000',73,12,1),(344,'2025-03-28','09:00:00.000000',102,14,1),(345,'2025-03-28','09:00:00.000000',122,15,1),(346,'2025-03-28','09:00:00.000000',50,34,1),(347,'2025-03-28','09:00:00.000000',119,24,1),(348,'2025-03-28','13:00:00.000000',103,14,1),(349,'2025-03-28','13:00:00.000000',149,2,1),(350,'2025-03-28','13:00:00.000000',139,32,1),(351,'2025-03-28','13:00:00.000000',53,4,1),(352,'2025-03-28','13:00:00.000000',53,22,1),(353,'2025-03-28','13:00:00.000000',96,35,1),(354,'2025-03-28','13:00:00.000000',65,33,1),(355,'2025-03-28','13:00:00.000000',74,24,1),(356,'2025-03-28','13:00:00.000000',142,25,1),(357,'2025-03-28','13:00:00.000000',69,5,1),(358,'2025-03-28','13:00:00.000000',116,12,1),(359,'2025-03-28','13:00:00.000000',63,34,1),(360,'2025-03-28','13:00:00.000000',79,15,1),(361,'2025-03-28','13:00:00.000000',96,3,1),(362,'2025-03-28','13:00:00.000000',53,23,1),(363,'2025-03-28','13:00:00.000000',99,13,1),(364,'2025-03-28','13:00:00.000000',79,42,1),(365,'2025-03-28','13:00:00.000000',67,43,1),(366,'2025-03-28','13:00:00.000000',145,44,1),(367,'2025-03-28','13:00:00.000000',67,45,1),(368,'2025-03-28','17:00:00.000000',96,42,1),(369,'2025-03-28','17:00:00.000000',68,43,1),(370,'2025-03-28','17:00:00.000000',109,44,1),(371,'2025-03-28','17:00:00.000000',115,45,1),(372,'2025-03-28','17:00:00.000000',107,15,1),(373,'2025-03-28','17:00:00.000000',78,2,1),(374,'2025-03-28','17:00:00.000000',142,35,1),(375,'2025-03-28','17:00:00.000000',131,23,1),(376,'2025-03-28','17:00:00.000000',54,14,1),(377,'2025-03-28','17:00:00.000000',133,13,1),(378,'2025-03-28','17:00:00.000000',104,22,1),(379,'2025-03-28','17:00:00.000000',85,33,1),(380,'2025-03-28','17:00:00.000000',78,25,1),(381,'2025-03-28','17:00:00.000000',140,4,1),(382,'2025-03-28','17:00:00.000000',59,32,1),(383,'2025-03-28','17:00:00.000000',138,34,1),(384,'2025-03-28','17:00:00.000000',111,5,1),(385,'2025-03-28','17:00:00.000000',67,24,1),(386,'2025-03-28','17:00:00.000000',143,3,1),(387,'2025-03-28','17:00:00.000000',53,12,1),(388,'2025-03-28','21:00:00.000000',105,14,1),(389,'2025-03-28','21:00:00.000000',106,13,1),(390,'2025-03-28','21:00:00.000000',136,15,1),(391,'2025-03-28','21:00:00.000000',121,35,1),(392,'2025-03-28','21:00:00.000000',59,34,1),(393,'2025-03-28','21:00:00.000000',117,23,1),(394,'2025-03-28','21:00:00.000000',100,12,1),(395,'2025-03-28','21:00:00.000000',70,24,1),(396,'2025-03-28','21:00:00.000000',71,33,1),(397,'2025-03-28','21:00:00.000000',132,25,1),(398,'2025-03-28','21:00:00.000000',65,4,1),(399,'2025-03-28','21:00:00.000000',56,3,1),(400,'2025-03-28','21:00:00.000000',103,32,1),(401,'2025-03-28','21:00:00.000000',98,2,1),(402,'2025-03-28','21:00:00.000000',139,22,1),(403,'2025-03-28','21:00:00.000000',79,5,1),(404,'2025-03-28','21:00:00.000000',84,42,1),(405,'2025-03-28','21:00:00.000000',140,43,1),(406,'2025-03-28','21:00:00.000000',119,45,1),(407,'2025-03-28','21:00:00.000000',50,44,1),(408,'2025-03-29','09:00:00.000000',107,44,1),(409,'2025-03-29','09:00:00.000000',115,42,1),(410,'2025-03-29','09:00:00.000000',90,41,1),(411,'2025-03-29','09:00:00.000000',95,43,1),(412,'2025-03-29','09:00:00.000000',85,21,1),(413,'2025-03-29','09:00:00.000000',64,14,1),(414,'2025-03-29','09:00:00.000000',88,1,1),(415,'2025-03-29','09:00:00.000000',112,11,1),(416,'2025-03-29','09:00:00.000000',140,12,1),(417,'2025-03-29','09:00:00.000000',91,3,1),(418,'2025-03-29','09:00:00.000000',133,2,1),(419,'2025-03-29','09:00:00.000000',97,13,1),(420,'2025-03-29','09:00:00.000000',124,33,1),(421,'2025-03-29','09:00:00.000000',122,24,1),(422,'2025-03-29','09:00:00.000000',133,22,1),(423,'2025-03-29','09:00:00.000000',94,31,1),(424,'2025-03-29','09:00:00.000000',102,34,1),(425,'2025-03-29','09:00:00.000000',60,4,1),(426,'2025-03-29','09:00:00.000000',72,32,1),(427,'2025-03-29','09:00:00.000000',83,23,1),(428,'2025-03-29','13:00:00.000000',135,11,1),(429,'2025-03-29','13:00:00.000000',100,12,1),(430,'2025-03-29','13:00:00.000000',117,21,1),(431,'2025-03-29','13:00:00.000000',142,24,1),(432,'2025-03-29','13:00:00.000000',75,32,1),(433,'2025-03-29','13:00:00.000000',141,4,1),(434,'2025-03-29','13:00:00.000000',105,34,1),(435,'2025-03-29','13:00:00.000000',124,13,1),(436,'2025-03-29','13:00:00.000000',73,14,1),(437,'2025-03-29','13:00:00.000000',75,33,1),(438,'2025-03-29','13:00:00.000000',78,23,1),(439,'2025-03-29','13:00:00.000000',83,31,1),(440,'2025-03-29','13:00:00.000000',87,22,1),(441,'2025-03-29','13:00:00.000000',121,2,1),(442,'2025-03-29','13:00:00.000000',50,3,1),(443,'2025-03-29','13:00:00.000000',63,1,1),(444,'2025-03-29','13:00:00.000000',125,42,1),(445,'2025-03-29','13:00:00.000000',141,44,1),(446,'2025-03-29','13:00:00.000000',104,41,1),(447,'2025-03-29','13:00:00.000000',101,43,1),(448,'2025-03-29','17:00:00.000000',127,41,1),(449,'2025-03-29','17:00:00.000000',121,42,1),(450,'2025-03-29','17:00:00.000000',53,43,1),(451,'2025-03-29','17:00:00.000000',116,44,1),(452,'2025-03-29','17:00:00.000000',58,34,1),(453,'2025-03-29','17:00:00.000000',113,24,1),(454,'2025-03-29','17:00:00.000000',74,2,1),(455,'2025-03-29','17:00:00.000000',138,11,1),(456,'2025-03-29','17:00:00.000000',103,3,1),(457,'2025-03-29','17:00:00.000000',58,31,1),(458,'2025-03-29','17:00:00.000000',117,22,1),(459,'2025-03-29','17:00:00.000000',85,32,1),(460,'2025-03-29','17:00:00.000000',117,14,1),(461,'2025-03-29','17:00:00.000000',71,12,1),(462,'2025-03-29','17:00:00.000000',133,33,1),(463,'2025-03-29','17:00:00.000000',51,21,1),(464,'2025-03-29','17:00:00.000000',98,4,1),(465,'2025-03-29','17:00:00.000000',93,1,1),(466,'2025-03-29','17:00:00.000000',124,13,1),(467,'2025-03-29','17:00:00.000000',85,23,1),(468,'2025-03-29','21:00:00.000000',100,23,1),(469,'2025-03-29','21:00:00.000000',116,22,1),(470,'2025-03-29','21:00:00.000000',55,14,1),(471,'2025-03-29','21:00:00.000000',82,13,1),(472,'2025-03-29','21:00:00.000000',85,31,1),(473,'2025-03-29','21:00:00.000000',124,24,1),(474,'2025-03-29','21:00:00.000000',66,4,1),(475,'2025-03-29','21:00:00.000000',84,1,1),(476,'2025-03-29','21:00:00.000000',62,21,1),(477,'2025-03-29','21:00:00.000000',148,33,1),(478,'2025-03-29','21:00:00.000000',67,32,1),(479,'2025-03-29','21:00:00.000000',72,3,1),(480,'2025-03-29','21:00:00.000000',68,12,1),(481,'2025-03-29','21:00:00.000000',136,11,1),(482,'2025-03-29','21:00:00.000000',100,2,1),(483,'2025-03-29','21:00:00.000000',111,34,1),(484,'2025-03-29','21:00:00.000000',71,43,1),(485,'2025-03-29','21:00:00.000000',63,44,1),(486,'2025-03-29','21:00:00.000000',110,42,1),(487,'2025-03-29','21:00:00.000000',95,41,1),(488,'2025-03-30','09:00:00.000000',90,40,1),(489,'2025-03-30','09:00:00.000000',139,43,1),(490,'2025-03-30','09:00:00.000000',93,50,1),(491,'2025-03-30','09:00:00.000000',96,42,1),(492,'2025-03-30','09:00:00.000000',145,41,1),(493,'2025-03-30','09:00:00.000000',142,20,1),(494,'2025-03-30','09:00:00.000000',113,1,1),(495,'2025-03-30','09:00:00.000000',64,12,1),(496,'2025-03-30','09:00:00.000000',54,33,1),(497,'2025-03-30','09:00:00.000000',129,30,1),(498,'2025-03-30','09:00:00.000000',62,22,1),(499,'2025-03-30','09:00:00.000000',83,10,1),(500,'2025-03-30','09:00:00.000000',94,31,1),(501,'2025-03-30','09:00:00.000000',109,3,1),(502,'2025-03-30','09:00:00.000000',90,23,1),(503,'2025-03-30','09:00:00.000000',136,2,1),(504,'2025-03-30','09:00:00.000000',78,32,1),(505,'2025-03-30','09:00:00.000000',112,11,1),(506,'2025-03-30','09:00:00.000000',146,13,1),(507,'2025-03-30','09:00:00.000000',113,21,1),(508,'2025-03-30','13:00:00.000000',134,20,1),(509,'2025-03-30','13:00:00.000000',113,11,1),(510,'2025-03-30','13:00:00.000000',56,32,1),(511,'2025-03-30','13:00:00.000000',65,23,1),(512,'2025-03-30','13:00:00.000000',68,13,1),(513,'2025-03-30','13:00:00.000000',89,2,1),(514,'2025-03-30','13:00:00.000000',89,3,1),(515,'2025-03-30','13:00:00.000000',64,31,1),(516,'2025-03-30','13:00:00.000000',95,22,1),(517,'2025-03-30','13:00:00.000000',58,10,1),(518,'2025-03-30','13:00:00.000000',116,21,1),(519,'2025-03-30','13:00:00.000000',104,30,1),(520,'2025-03-30','13:00:00.000000',144,33,1),(521,'2025-03-30','13:00:00.000000',89,12,1),(522,'2025-03-30','13:00:00.000000',108,1,1),(523,'2025-03-30','13:00:00.000000',133,43,1),(524,'2025-03-30','13:00:00.000000',117,40,1),(525,'2025-03-30','13:00:00.000000',103,50,1),(526,'2025-03-30','13:00:00.000000',145,41,1),(527,'2025-03-30','13:00:00.000000',83,42,1),(528,'2025-03-30','17:00:00.000000',92,43,1),(529,'2025-03-30','17:00:00.000000',110,41,1),(530,'2025-03-30','17:00:00.000000',114,40,1),(531,'2025-03-30','17:00:00.000000',57,42,1),(532,'2025-03-30','17:00:00.000000',58,50,1),(533,'2025-03-30','17:00:00.000000',77,12,1),(534,'2025-03-30','17:00:00.000000',93,20,1),(535,'2025-03-30','17:00:00.000000',135,11,1),(536,'2025-03-30','17:00:00.000000',62,23,1),(537,'2025-03-30','17:00:00.000000',51,32,1),(538,'2025-03-30','17:00:00.000000',120,2,1),(539,'2025-03-30','17:00:00.000000',62,3,1),(540,'2025-03-30','17:00:00.000000',126,31,1),(541,'2025-03-30','17:00:00.000000',121,22,1),(542,'2025-03-30','17:00:00.000000',86,10,1),(543,'2025-03-30','17:00:00.000000',92,1,1),(544,'2025-03-30','17:00:00.000000',106,21,1),(545,'2025-03-30','17:00:00.000000',106,33,1),(546,'2025-03-30','17:00:00.000000',82,13,1),(547,'2025-03-30','17:00:00.000000',114,30,1),(548,'2025-03-30','21:00:00.000000',149,12,1),(549,'2025-03-30','21:00:00.000000',104,11,1),(550,'2025-03-30','21:00:00.000000',132,23,1),(551,'2025-03-30','21:00:00.000000',94,20,1),(552,'2025-03-30','21:00:00.000000',122,21,1),(553,'2025-03-30','21:00:00.000000',83,32,1),(554,'2025-03-30','21:00:00.000000',138,30,1),(555,'2025-03-30','21:00:00.000000',54,2,1),(556,'2025-03-30','21:00:00.000000',57,3,1),(557,'2025-03-30','21:00:00.000000',107,10,1),(558,'2025-03-30','21:00:00.000000',72,31,1),(559,'2025-03-30','21:00:00.000000',65,13,1),(560,'2025-03-30','21:00:00.000000',101,1,1),(561,'2025-03-30','21:00:00.000000',145,33,1),(562,'2025-03-30','21:00:00.000000',54,22,1),(563,'2025-03-30','21:00:00.000000',125,43,1),(564,'2025-03-30','21:00:00.000000',86,41,1),(565,'2025-03-30','21:00:00.000000',79,50,1),(566,'2025-03-30','21:00:00.000000',102,40,1),(567,'2025-03-30','21:00:00.000000',50,42,1),(568,'2025-03-31','09:00:00.000000',145,49,1),(569,'2025-03-31','09:00:00.000000',59,39,1),(570,'2025-03-31','09:00:00.000000',64,40,1),(571,'2025-03-31','09:00:00.000000',144,50,1),(572,'2025-03-31','09:00:00.000000',117,42,1),(573,'2025-03-31','09:00:00.000000',110,41,1),(574,'2025-03-31','09:00:00.000000',80,30,1),(575,'2025-03-31','09:00:00.000000',148,19,1),(576,'2025-03-31','09:00:00.000000',51,10,1),(577,'2025-03-31','09:00:00.000000',91,2,1),(578,'2025-03-31','09:00:00.000000',90,32,1),(579,'2025-03-31','09:00:00.000000',107,22,1),(580,'2025-03-31','09:00:00.000000',97,12,1),(581,'2025-03-31','09:00:00.000000',124,20,1),(582,'2025-03-31','09:00:00.000000',69,21,1),(583,'2025-03-31','09:00:00.000000',125,31,1),(584,'2025-03-31','09:00:00.000000',71,29,1),(585,'2025-03-31','09:00:00.000000',100,9,1),(586,'2025-03-31','09:00:00.000000',88,1,1),(587,'2025-03-31','09:00:00.000000',129,11,1),(588,'2025-03-31','13:00:00.000000',147,21,1),(589,'2025-03-31','13:00:00.000000',60,22,1),(590,'2025-03-31','13:00:00.000000',130,1,1),(591,'2025-03-31','13:00:00.000000',99,31,1),(592,'2025-03-31','13:00:00.000000',118,2,1),(593,'2025-03-31','13:00:00.000000',136,32,1),(594,'2025-03-31','13:00:00.000000',76,10,1),(595,'2025-03-31','13:00:00.000000',89,20,1),(596,'2025-03-31','13:00:00.000000',137,12,1),(597,'2025-03-31','13:00:00.000000',116,30,1),(598,'2025-03-31','13:00:00.000000',124,19,1),(599,'2025-03-31','13:00:00.000000',108,9,1),(600,'2025-03-31','13:00:00.000000',109,29,1),(601,'2025-03-31','13:00:00.000000',99,11,1),(602,'2025-03-31','13:00:00.000000',116,50,1),(603,'2025-03-31','13:00:00.000000',55,42,1),(604,'2025-03-31','13:00:00.000000',109,40,1),(605,'2025-03-31','13:00:00.000000',115,39,1),(606,'2025-03-31','13:00:00.000000',119,49,1),(607,'2025-03-31','13:00:00.000000',77,41,1),(608,'2025-03-31','17:00:00.000000',96,50,1),(609,'2025-03-31','17:00:00.000000',143,40,1),(610,'2025-03-31','17:00:00.000000',100,49,1),(611,'2025-03-31','17:00:00.000000',55,39,1),(612,'2025-03-31','17:00:00.000000',70,42,1),(613,'2025-03-31','17:00:00.000000',108,41,1),(614,'2025-03-31','17:00:00.000000',81,32,1),(615,'2025-03-31','17:00:00.000000',130,9,1),(616,'2025-03-31','17:00:00.000000',71,1,1),(617,'2025-03-31','17:00:00.000000',148,22,1),(618,'2025-03-31','17:00:00.000000',75,29,1),(619,'2025-03-31','17:00:00.000000',50,2,1),(620,'2025-03-31','17:00:00.000000',73,11,1),(621,'2025-03-31','17:00:00.000000',124,20,1),(622,'2025-03-31','17:00:00.000000',80,12,1),(623,'2025-03-31','17:00:00.000000',74,19,1),(624,'2025-03-31','17:00:00.000000',84,30,1),(625,'2025-03-31','17:00:00.000000',60,10,1),(626,'2025-03-31','17:00:00.000000',106,31,1),(627,'2025-03-31','17:00:00.000000',138,21,1),(628,'2025-03-31','21:00:00.000000',72,11,1),(629,'2025-03-31','21:00:00.000000',105,12,1),(630,'2025-03-31','21:00:00.000000',92,10,1),(631,'2025-03-31','21:00:00.000000',73,32,1),(632,'2025-03-31','21:00:00.000000',92,1,1),(633,'2025-03-31','21:00:00.000000',65,21,1),(634,'2025-03-31','21:00:00.000000',60,20,1),(635,'2025-03-31','21:00:00.000000',130,9,1),(636,'2025-03-31','21:00:00.000000',66,19,1),(637,'2025-03-31','21:00:00.000000',77,22,1),(638,'2025-03-31','21:00:00.000000',84,30,1),(639,'2025-03-31','21:00:00.000000',127,31,1),(640,'2025-03-31','21:00:00.000000',61,2,1),(641,'2025-03-31','21:00:00.000000',72,29,1),(642,'2025-03-31','21:00:00.000000',110,49,1),(643,'2025-03-31','21:00:00.000000',138,41,1),(644,'2025-03-31','21:00:00.000000',82,42,1),(645,'2025-03-31','21:00:00.000000',105,50,1),(646,'2025-03-31','21:00:00.000000',53,40,1),(647,'2025-03-31','21:00:00.000000',70,39,1),(648,'2025-04-01','09:00:00.000000',63,41,1),(649,'2025-04-01','09:00:00.000000',62,49,1),(650,'2025-04-01','09:00:00.000000',103,48,1),(651,'2025-04-01','09:00:00.000000',59,40,1),(652,'2025-04-01','09:00:00.000000',119,39,1),(653,'2025-04-01','09:00:00.000000',54,50,1),(654,'2025-04-01','09:00:00.000000',117,38,1),(655,'2025-04-01','09:00:00.000000',74,30,1),(656,'2025-04-01','09:00:00.000000',119,31,1),(657,'2025-04-01','09:00:00.000000',69,9,1),(658,'2025-04-01','09:00:00.000000',54,10,1),(659,'2025-04-01','09:00:00.000000',145,29,1),(660,'2025-04-01','09:00:00.000000',134,28,1),(661,'2025-04-01','09:00:00.000000',109,11,1),(662,'2025-04-01','09:00:00.000000',60,21,1),(663,'2025-04-01','09:00:00.000000',87,20,1),(664,'2025-04-01','09:00:00.000000',68,1,1),(665,'2025-04-01','09:00:00.000000',78,8,1),(666,'2025-04-01','09:00:00.000000',50,18,1),(667,'2025-04-01','09:00:00.000000',61,19,1),(668,'2025-04-01','13:00:00.000000',118,9,1),(669,'2025-04-01','13:00:00.000000',149,21,1),(670,'2025-04-01','13:00:00.000000',79,29,1),(671,'2025-04-01','13:00:00.000000',51,1,1),(672,'2025-04-01','13:00:00.000000',101,31,1),(673,'2025-04-01','13:00:00.000000',59,30,1),(674,'2025-04-01','13:00:00.000000',112,18,1),(675,'2025-04-01','13:00:00.000000',115,8,1),(676,'2025-04-01','13:00:00.000000',127,19,1),(677,'2025-04-01','13:00:00.000000',107,10,1),(678,'2025-04-01','13:00:00.000000',102,20,1),(679,'2025-04-01','13:00:00.000000',124,11,1),(680,'2025-04-01','13:00:00.000000',93,28,1),(681,'2025-04-01','13:00:00.000000',64,39,1),(682,'2025-04-01','13:00:00.000000',116,50,1),(683,'2025-04-01','13:00:00.000000',85,40,1),(684,'2025-04-01','13:00:00.000000',95,49,1),(685,'2025-04-01','13:00:00.000000',83,41,1),(686,'2025-04-01','13:00:00.000000',75,48,1),(687,'2025-04-01','13:00:00.000000',109,38,1),(688,'2025-04-01','17:00:00.000000',84,39,1),(689,'2025-04-01','17:00:00.000000',93,38,1),(690,'2025-04-01','17:00:00.000000',68,41,1),(691,'2025-04-01','17:00:00.000000',126,50,1),(692,'2025-04-01','17:00:00.000000',122,49,1),(693,'2025-04-01','17:00:00.000000',72,40,1),(694,'2025-04-01','17:00:00.000000',141,48,1),(695,'2025-04-01','17:00:00.000000',90,9,1),(696,'2025-04-01','17:00:00.000000',112,21,1),(697,'2025-04-01','17:00:00.000000',123,30,1),(698,'2025-04-01','17:00:00.000000',92,20,1),(699,'2025-04-01','17:00:00.000000',60,28,1),(700,'2025-04-01','17:00:00.000000',108,19,1),(701,'2025-04-01','17:00:00.000000',79,1,1),(702,'2025-04-01','17:00:00.000000',133,29,1),(703,'2025-04-01','17:00:00.000000',116,8,1),(704,'2025-04-01','17:00:00.000000',77,10,1),(705,'2025-04-01','17:00:00.000000',86,18,1),(706,'2025-04-01','17:00:00.000000',78,31,1),(707,'2025-04-01','17:00:00.000000',54,11,1),(708,'2025-04-01','21:00:00.000000',120,19,1),(709,'2025-04-01','21:00:00.000000',72,8,1),(710,'2025-04-01','21:00:00.000000',128,9,1),(711,'2025-04-01','21:00:00.000000',123,18,1),(712,'2025-04-01','21:00:00.000000',103,30,1),(713,'2025-04-01','21:00:00.000000',98,11,1),(714,'2025-04-01','21:00:00.000000',79,29,1),(715,'2025-04-01','21:00:00.000000',103,20,1),(716,'2025-04-01','21:00:00.000000',81,31,1),(717,'2025-04-01','21:00:00.000000',119,28,1),(718,'2025-04-01','21:00:00.000000',76,10,1),(719,'2025-04-01','21:00:00.000000',53,21,1),(720,'2025-04-01','21:00:00.000000',98,1,1),(721,'2025-04-01','21:00:00.000000',69,41,1),(722,'2025-04-01','21:00:00.000000',102,39,1),(723,'2025-04-01','21:00:00.000000',122,49,1),(724,'2025-04-01','21:00:00.000000',121,50,1),(725,'2025-04-01','21:00:00.000000',94,48,1),(726,'2025-04-01','21:00:00.000000',143,40,1),(727,'2025-04-01','21:00:00.000000',103,38,1),(728,'2025-04-02','09:00:00.000000',100,39,1),(729,'2025-04-02','09:00:00.000000',116,40,1),(730,'2025-04-02','09:00:00.000000',129,50,1),(731,'2025-04-02','09:00:00.000000',58,38,1),(732,'2025-04-02','09:00:00.000000',110,49,1),(733,'2025-04-02','09:00:00.000000',143,37,1),(734,'2025-04-02','09:00:00.000000',96,48,1),(735,'2025-04-02','09:00:00.000000',75,47,1),(736,'2025-04-02','09:00:00.000000',105,10,1),(737,'2025-04-02','09:00:00.000000',121,20,1),(738,'2025-04-02','09:00:00.000000',89,30,1),(739,'2025-04-02','09:00:00.000000',120,19,1),(740,'2025-04-02','09:00:00.000000',95,27,1),(741,'2025-04-02','09:00:00.000000',134,17,1),(742,'2025-04-02','09:00:00.000000',80,18,1),(743,'2025-04-02','09:00:00.000000',91,9,1),(744,'2025-04-02','09:00:00.000000',77,7,1),(745,'2025-04-02','09:00:00.000000',116,8,1),(746,'2025-04-02','09:00:00.000000',137,29,1),(747,'2025-04-02','09:00:00.000000',123,28,1),(748,'2025-04-02','13:00:00.000000',106,29,1),(749,'2025-04-02','13:00:00.000000',138,17,1),(750,'2025-04-02','13:00:00.000000',81,18,1),(751,'2025-04-02','13:00:00.000000',55,9,1),(752,'2025-04-02','13:00:00.000000',97,27,1),(753,'2025-04-02','13:00:00.000000',129,8,1),(754,'2025-04-02','13:00:00.000000',106,10,1),(755,'2025-04-02','13:00:00.000000',132,28,1),(756,'2025-04-02','13:00:00.000000',63,19,1),(757,'2025-04-02','13:00:00.000000',79,30,1),(758,'2025-04-02','13:00:00.000000',106,7,1),(759,'2025-04-02','13:00:00.000000',100,20,1),(760,'2025-04-02','13:00:00.000000',102,38,1),(761,'2025-04-02','13:00:00.000000',62,39,1),(762,'2025-04-02','13:00:00.000000',140,50,1),(763,'2025-04-02','13:00:00.000000',62,40,1),(764,'2025-04-02','13:00:00.000000',94,47,1),(765,'2025-04-02','13:00:00.000000',133,48,1),(766,'2025-04-02','13:00:00.000000',71,37,1),(767,'2025-04-02','13:00:00.000000',91,49,1),(768,'2025-04-02','17:00:00.000000',54,37,1),(769,'2025-04-02','17:00:00.000000',149,47,1),(770,'2025-04-02','17:00:00.000000',53,39,1),(771,'2025-04-02','17:00:00.000000',140,48,1),(772,'2025-04-02','17:00:00.000000',115,40,1),(773,'2025-04-02','17:00:00.000000',135,38,1),(774,'2025-04-02','17:00:00.000000',132,49,1),(775,'2025-04-02','17:00:00.000000',140,50,1),(776,'2025-04-02','17:00:00.000000',62,28,1),(777,'2025-04-02','17:00:00.000000',136,17,1),(778,'2025-04-02','17:00:00.000000',125,18,1),(779,'2025-04-02','17:00:00.000000',115,29,1),(780,'2025-04-02','17:00:00.000000',147,27,1),(781,'2025-04-02','17:00:00.000000',93,8,1),(782,'2025-04-02','17:00:00.000000',53,30,1),(783,'2025-04-02','17:00:00.000000',91,10,1),(784,'2025-04-02','17:00:00.000000',76,20,1),(785,'2025-04-02','17:00:00.000000',145,9,1),(786,'2025-04-02','17:00:00.000000',148,19,1),(787,'2025-04-02','17:00:00.000000',135,7,1),(788,'2025-04-02','21:00:00.000000',143,28,1),(789,'2025-04-02','21:00:00.000000',107,7,1),(790,'2025-04-02','21:00:00.000000',145,30,1),(791,'2025-04-02','21:00:00.000000',77,20,1),(792,'2025-04-02','21:00:00.000000',140,29,1),(793,'2025-04-02','21:00:00.000000',101,10,1),(794,'2025-04-02','21:00:00.000000',65,17,1),(795,'2025-04-02','21:00:00.000000',140,9,1),(796,'2025-04-02','21:00:00.000000',65,18,1),(797,'2025-04-02','21:00:00.000000',95,8,1),(798,'2025-04-02','21:00:00.000000',76,19,1),(799,'2025-04-02','21:00:00.000000',129,27,1),(800,'2025-04-02','21:00:00.000000',140,48,1),(801,'2025-04-02','21:00:00.000000',73,49,1),(802,'2025-04-02','21:00:00.000000',100,47,1),(803,'2025-04-02','21:00:00.000000',52,39,1),(804,'2025-04-02','21:00:00.000000',70,50,1),(805,'2025-04-02','21:00:00.000000',88,40,1),(806,'2025-04-02','21:00:00.000000',149,37,1),(807,'2025-04-02','21:00:00.000000',107,38,1),(808,'2025-04-03','09:00:00.000000',89,49,1),(809,'2025-04-03','09:00:00.000000',136,39,1),(810,'2025-04-03','09:00:00.000000',101,38,1),(811,'2025-04-03','09:00:00.000000',135,46,1),(812,'2025-04-03','09:00:00.000000',72,47,1),(813,'2025-04-03','09:00:00.000000',112,37,1),(814,'2025-04-03','09:00:00.000000',147,48,1),(815,'2025-04-03','09:00:00.000000',136,27,1),(816,'2025-04-03','09:00:00.000000',131,36,1),(817,'2025-04-03','09:00:00.000000',143,6,1),(818,'2025-04-03','09:00:00.000000',131,16,1),(819,'2025-04-03','09:00:00.000000',134,29,1),(820,'2025-04-03','09:00:00.000000',99,26,1),(821,'2025-04-03','09:00:00.000000',62,7,1),(822,'2025-04-03','09:00:00.000000',128,9,1),(823,'2025-04-03','09:00:00.000000',52,18,1),(824,'2025-04-03','09:00:00.000000',148,19,1),(825,'2025-04-03','09:00:00.000000',110,8,1),(826,'2025-04-03','09:00:00.000000',91,28,1),(827,'2025-04-03','09:00:00.000000',126,17,1),(828,'2025-04-03','13:00:00.000000',126,7,1),(829,'2025-04-03','13:00:00.000000',123,9,1),(830,'2025-04-03','13:00:00.000000',132,36,1),(831,'2025-04-03','13:00:00.000000',148,8,1),(832,'2025-04-03','13:00:00.000000',110,29,1),(833,'2025-04-03','13:00:00.000000',132,28,1),(834,'2025-04-03','13:00:00.000000',117,27,1),(835,'2025-04-03','13:00:00.000000',100,16,1),(836,'2025-04-03','13:00:00.000000',135,19,1),(837,'2025-04-03','13:00:00.000000',75,17,1),(838,'2025-04-03','13:00:00.000000',117,6,1),(839,'2025-04-03','13:00:00.000000',89,26,1),(840,'2025-04-03','13:00:00.000000',92,18,1),(841,'2025-04-03','13:00:00.000000',71,37,1),(842,'2025-04-03','13:00:00.000000',78,38,1),(843,'2025-04-03','13:00:00.000000',97,39,1),(844,'2025-04-03','13:00:00.000000',106,47,1),(845,'2025-04-03','13:00:00.000000',104,48,1),(846,'2025-04-03','13:00:00.000000',96,46,1),(847,'2025-04-03','13:00:00.000000',140,49,1),(848,'2025-04-03','17:00:00.000000',54,49,1),(849,'2025-04-03','17:00:00.000000',67,39,1),(850,'2025-04-03','17:00:00.000000',108,48,1),(851,'2025-04-03','17:00:00.000000',97,37,1),(852,'2025-04-03','17:00:00.000000',99,46,1),(853,'2025-04-03','17:00:00.000000',136,47,1),(854,'2025-04-03','17:00:00.000000',146,38,1),(855,'2025-04-03','17:00:00.000000',79,9,1),(856,'2025-04-03','17:00:00.000000',133,27,1),(857,'2025-04-03','17:00:00.000000',98,6,1),(858,'2025-04-03','17:00:00.000000',139,28,1),(859,'2025-04-03','17:00:00.000000',67,17,1),(860,'2025-04-03','17:00:00.000000',93,19,1),(861,'2025-04-03','17:00:00.000000',93,36,1),(862,'2025-04-03','17:00:00.000000',107,16,1),(863,'2025-04-03','17:00:00.000000',122,29,1),(864,'2025-04-03','17:00:00.000000',105,7,1),(865,'2025-04-03','17:00:00.000000',99,26,1),(866,'2025-04-03','17:00:00.000000',126,8,1),(867,'2025-04-03','17:00:00.000000',54,18,1),(868,'2025-04-03','21:00:00.000000',117,7,1),(869,'2025-04-03','21:00:00.000000',60,19,1),(870,'2025-04-03','21:00:00.000000',145,8,1),(871,'2025-04-03','21:00:00.000000',104,17,1),(872,'2025-04-03','21:00:00.000000',140,9,1),(873,'2025-04-03','21:00:00.000000',118,26,1),(874,'2025-04-03','21:00:00.000000',109,18,1),(875,'2025-04-03','21:00:00.000000',141,6,1),(876,'2025-04-03','21:00:00.000000',116,29,1),(877,'2025-04-03','21:00:00.000000',133,27,1),(878,'2025-04-03','21:00:00.000000',128,16,1),(879,'2025-04-03','21:00:00.000000',72,28,1),(880,'2025-04-03','21:00:00.000000',128,36,1),(881,'2025-04-03','21:00:00.000000',129,48,1),(882,'2025-04-03','21:00:00.000000',127,49,1),(883,'2025-04-03','21:00:00.000000',55,37,1),(884,'2025-04-03','21:00:00.000000',134,38,1),(885,'2025-04-03','21:00:00.000000',63,39,1),(886,'2025-04-03','21:00:00.000000',149,46,1),(887,'2025-04-03','21:00:00.000000',142,47,1),(888,'2025-04-04','09:00:00.000000',148,38,1),(889,'2025-04-04','09:00:00.000000',68,47,1),(890,'2025-04-04','09:00:00.000000',118,45,1),(891,'2025-04-04','09:00:00.000000',113,46,1),(892,'2025-04-04','09:00:00.000000',115,37,1),(893,'2025-04-04','09:00:00.000000',91,48,1),(894,'2025-04-04','09:00:00.000000',97,15,1),(895,'2025-04-04','09:00:00.000000',52,25,1),(896,'2025-04-04','09:00:00.000000',77,5,1),(897,'2025-04-04','09:00:00.000000',75,35,1),(898,'2025-04-04','09:00:00.000000',78,8,1),(899,'2025-04-04','09:00:00.000000',123,16,1),(900,'2025-04-04','09:00:00.000000',126,7,1),(901,'2025-04-04','09:00:00.000000',121,26,1),(902,'2025-04-04','09:00:00.000000',130,6,1),(903,'2025-04-04','09:00:00.000000',131,17,1),(904,'2025-04-04','09:00:00.000000',92,28,1),(905,'2025-04-04','09:00:00.000000',114,18,1),(906,'2025-04-04','09:00:00.000000',128,36,1),(907,'2025-04-04','09:00:00.000000',136,27,1),(908,'2025-04-04','13:00:00.000000',125,17,1),(909,'2025-04-04','13:00:00.000000',60,15,1),(910,'2025-04-04','13:00:00.000000',123,25,1),(911,'2025-04-04','13:00:00.000000',90,16,1),(912,'2025-04-04','13:00:00.000000',88,26,1),(913,'2025-04-04','13:00:00.000000',148,18,1),(914,'2025-04-04','13:00:00.000000',99,27,1),(915,'2025-04-04','13:00:00.000000',50,7,1),(916,'2025-04-04','13:00:00.000000',148,6,1),(917,'2025-04-04','13:00:00.000000',144,5,1),(918,'2025-04-04','13:00:00.000000',89,28,1),(919,'2025-04-04','13:00:00.000000',84,36,1),(920,'2025-04-04','13:00:00.000000',87,35,1),(921,'2025-04-04','13:00:00.000000',86,8,1),(922,'2025-04-04','13:00:00.000000',67,46,1),(923,'2025-04-04','13:00:00.000000',52,37,1),(924,'2025-04-04','13:00:00.000000',98,38,1),(925,'2025-04-04','13:00:00.000000',139,47,1),(926,'2025-04-04','13:00:00.000000',78,45,1),(927,'2025-04-04','13:00:00.000000',91,48,1),(928,'2025-04-04','17:00:00.000000',75,45,1),(929,'2025-04-04','17:00:00.000000',125,46,1),(930,'2025-04-04','17:00:00.000000',71,48,1),(931,'2025-04-04','17:00:00.000000',93,47,1),(932,'2025-04-04','17:00:00.000000',98,37,1),(933,'2025-04-04','17:00:00.000000',63,38,1),(934,'2025-04-04','17:00:00.000000',135,28,1),(935,'2025-04-04','17:00:00.000000',92,16,1),(936,'2025-04-04','17:00:00.000000',91,7,1),(937,'2025-04-04','17:00:00.000000',131,5,1),(938,'2025-04-04','17:00:00.000000',59,18,1),(939,'2025-04-04','17:00:00.000000',118,15,1),(940,'2025-04-04','17:00:00.000000',56,26,1),(941,'2025-04-04','17:00:00.000000',137,27,1),(942,'2025-04-04','17:00:00.000000',148,17,1),(943,'2025-04-04','17:00:00.000000',101,8,1),(944,'2025-04-04','17:00:00.000000',113,36,1),(945,'2025-04-04','17:00:00.000000',71,25,1),(946,'2025-04-04','17:00:00.000000',87,6,1),(947,'2025-04-04','17:00:00.000000',104,35,1),(948,'2025-04-04','21:00:00.000000',56,8,1),(949,'2025-04-04','21:00:00.000000',107,16,1),(950,'2025-04-04','21:00:00.000000',86,7,1),(951,'2025-04-04','21:00:00.000000',60,25,1),(952,'2025-04-04','21:00:00.000000',53,5,1),(953,'2025-04-04','21:00:00.000000',55,17,1),(954,'2025-04-04','21:00:00.000000',95,35,1),(955,'2025-04-04','21:00:00.000000',79,27,1),(956,'2025-04-04','21:00:00.000000',133,18,1),(957,'2025-04-04','21:00:00.000000',127,15,1),(958,'2025-04-04','21:00:00.000000',81,26,1),(959,'2025-04-04','21:00:00.000000',113,6,1),(960,'2025-04-04','21:00:00.000000',111,36,1),(961,'2025-04-04','21:00:00.000000',112,28,1),(962,'2025-04-04','21:00:00.000000',72,48,1),(963,'2025-04-04','21:00:00.000000',96,37,1),(964,'2025-04-04','21:00:00.000000',149,45,1),(965,'2025-04-04','21:00:00.000000',92,47,1),(966,'2025-04-04','21:00:00.000000',136,46,1),(967,'2025-04-04','21:00:00.000000',123,38,1),(968,'2025-04-05','09:00:00.000000',149,37,1),(969,'2025-04-05','09:00:00.000000',71,46,1),(970,'2025-04-05','09:00:00.000000',146,44,1),(971,'2025-04-05','09:00:00.000000',62,45,1),(972,'2025-04-05','09:00:00.000000',82,47,1),(973,'2025-04-05','09:00:00.000000',110,35,1),(974,'2025-04-05','09:00:00.000000',141,16,1),(975,'2025-04-05','09:00:00.000000',79,6,1),(976,'2025-04-05','09:00:00.000000',64,4,1),(977,'2025-04-05','09:00:00.000000',119,34,1),(978,'2025-04-05','09:00:00.000000',70,26,1),(979,'2025-04-05','09:00:00.000000',102,15,1),(980,'2025-04-05','09:00:00.000000',123,5,1),(981,'2025-04-05','09:00:00.000000',78,14,1),(982,'2025-04-05','09:00:00.000000',97,24,1),(983,'2025-04-05','09:00:00.000000',72,25,1),(984,'2025-04-05','09:00:00.000000',137,27,1),(985,'2025-04-05','09:00:00.000000',130,17,1),(986,'2025-04-05','09:00:00.000000',94,36,1),(987,'2025-04-05','09:00:00.000000',136,7,1),(988,'2025-04-05','13:00:00.000000',81,27,1),(989,'2025-04-05','13:00:00.000000',129,14,1),(990,'2025-04-05','13:00:00.000000',101,17,1),(991,'2025-04-05','13:00:00.000000',85,5,1),(992,'2025-04-05','13:00:00.000000',96,15,1),(993,'2025-04-05','13:00:00.000000',69,36,1),(994,'2025-04-05','13:00:00.000000',112,26,1),(995,'2025-04-05','13:00:00.000000',69,24,1),(996,'2025-04-05','13:00:00.000000',100,34,1),(997,'2025-04-05','13:00:00.000000',117,7,1),(998,'2025-04-05','13:00:00.000000',144,6,1),(999,'2025-04-05','13:00:00.000000',54,4,1),(1000,'2025-04-05','13:00:00.000000',55,35,1),(1001,'2025-04-05','13:00:00.000000',53,16,1),(1002,'2025-04-05','13:00:00.000000',70,25,1),(1003,'2025-04-05','13:00:00.000000',135,37,1),(1004,'2025-04-05','13:00:00.000000',86,44,1),(1005,'2025-04-05','13:00:00.000000',89,46,1),(1006,'2025-04-05','13:00:00.000000',80,45,1),(1007,'2025-04-05','13:00:00.000000',71,47,1),(1008,'2025-04-05','17:00:00.000000',145,44,1),(1009,'2025-04-05','17:00:00.000000',60,37,1),(1010,'2025-04-05','17:00:00.000000',107,47,1),(1011,'2025-04-05','17:00:00.000000',130,45,1),(1012,'2025-04-05','17:00:00.000000',75,46,1),(1013,'2025-04-05','17:00:00.000000',65,24,1),(1014,'2025-04-05','17:00:00.000000',131,6,1),(1015,'2025-04-05','17:00:00.000000',147,26,1),(1016,'2025-04-05','17:00:00.000000',57,16,1),(1017,'2025-04-05','17:00:00.000000',78,34,1),(1018,'2025-04-05','17:00:00.000000',143,15,1),(1019,'2025-04-05','17:00:00.000000',118,4,1),(1020,'2025-04-05','17:00:00.000000',51,5,1),(1021,'2025-04-05','17:00:00.000000',138,35,1),(1022,'2025-04-05','17:00:00.000000',133,7,1),(1023,'2025-04-05','17:00:00.000000',108,17,1),(1024,'2025-04-05','17:00:00.000000',110,25,1),(1025,'2025-04-05','17:00:00.000000',106,27,1),(1026,'2025-04-05','17:00:00.000000',105,14,1),(1027,'2025-04-05','17:00:00.000000',68,36,1),(1028,'2025-04-05','21:00:00.000000',57,15,1),(1029,'2025-04-05','21:00:00.000000',136,24,1),(1030,'2025-04-05','21:00:00.000000',92,26,1),(1031,'2025-04-05','21:00:00.000000',133,27,1),(1032,'2025-04-05','21:00:00.000000',54,6,1),(1033,'2025-04-05','21:00:00.000000',140,36,1),(1034,'2025-04-05','21:00:00.000000',143,25,1),(1035,'2025-04-05','21:00:00.000000',130,17,1),(1036,'2025-04-05','21:00:00.000000',147,34,1),(1037,'2025-04-05','21:00:00.000000',130,4,1),(1038,'2025-04-05','21:00:00.000000',107,5,1),(1039,'2025-04-05','21:00:00.000000',95,16,1),(1040,'2025-04-05','21:00:00.000000',62,35,1),(1041,'2025-04-05','21:00:00.000000',149,14,1),(1042,'2025-04-05','21:00:00.000000',132,7,1),(1043,'2025-04-05','21:00:00.000000',63,44,1),(1044,'2025-04-05','21:00:00.000000',113,46,1),(1045,'2025-04-05','21:00:00.000000',71,37,1),(1046,'2025-04-05','21:00:00.000000',72,47,1),(1047,'2025-04-05','21:00:00.000000',107,45,1),(1048,'2025-04-06','09:00:00.000000',59,45,1),(1049,'2025-04-06','09:00:00.000000',119,43,1),(1050,'2025-04-06','09:00:00.000000',78,46,1),(1051,'2025-04-06','09:00:00.000000',145,44,1),(1052,'2025-04-06','09:00:00.000000',147,5,1),(1053,'2025-04-06','09:00:00.000000',87,16,1),(1054,'2025-04-06','09:00:00.000000',67,25,1),(1055,'2025-04-06','09:00:00.000000',58,23,1),(1056,'2025-04-06','09:00:00.000000',74,14,1),(1057,'2025-04-06','09:00:00.000000',148,33,1),(1058,'2025-04-06','09:00:00.000000',130,3,1),(1059,'2025-04-06','09:00:00.000000',140,13,1),(1060,'2025-04-06','09:00:00.000000',109,15,1),(1061,'2025-04-06','09:00:00.000000',81,24,1),(1062,'2025-04-06','09:00:00.000000',74,34,1),(1063,'2025-04-06','09:00:00.000000',133,26,1),(1064,'2025-04-06','09:00:00.000000',57,36,1),(1065,'2025-04-06','09:00:00.000000',124,6,1),(1066,'2025-04-06','09:00:00.000000',140,35,1),(1067,'2025-04-06','09:00:00.000000',130,4,1),(1068,'2025-04-06','13:00:00.000000',65,23,1),(1069,'2025-04-06','13:00:00.000000',89,24,1),(1070,'2025-04-06','13:00:00.000000',139,14,1),(1071,'2025-04-06','13:00:00.000000',125,13,1),(1072,'2025-04-06','13:00:00.000000',101,25,1),(1073,'2025-04-06','13:00:00.000000',102,6,1),(1074,'2025-04-06','13:00:00.000000',114,35,1),(1075,'2025-04-06','13:00:00.000000',135,36,1),(1076,'2025-04-06','13:00:00.000000',101,5,1),(1077,'2025-04-06','13:00:00.000000',147,34,1),(1078,'2025-04-06','13:00:00.000000',105,26,1),(1079,'2025-04-06','13:00:00.000000',114,4,1),(1080,'2025-04-06','13:00:00.000000',96,3,1),(1081,'2025-04-06','13:00:00.000000',131,15,1),(1082,'2025-04-06','13:00:00.000000',61,33,1),(1083,'2025-04-06','13:00:00.000000',60,16,1),(1084,'2025-04-06','13:00:00.000000',55,43,1),(1085,'2025-04-06','13:00:00.000000',115,44,1),(1086,'2025-04-06','13:00:00.000000',75,45,1),(1087,'2025-04-06','13:00:00.000000',137,46,1),(1088,'2025-04-06','17:00:00.000000',127,44,1),(1089,'2025-04-06','17:00:00.000000',69,43,1),(1090,'2025-04-06','17:00:00.000000',56,45,1),(1091,'2025-04-06','17:00:00.000000',119,46,1),(1092,'2025-04-06','17:00:00.000000',123,36,1),(1093,'2025-04-06','17:00:00.000000',66,3,1),(1094,'2025-04-06','17:00:00.000000',78,6,1),(1095,'2025-04-06','17:00:00.000000',97,4,1),(1096,'2025-04-06','17:00:00.000000',93,35,1),(1097,'2025-04-06','17:00:00.000000',121,16,1),(1098,'2025-04-06','17:00:00.000000',79,13,1),(1099,'2025-04-06','17:00:00.000000',105,34,1),(1100,'2025-04-06','17:00:00.000000',105,24,1),(1101,'2025-04-06','17:00:00.000000',98,15,1),(1102,'2025-04-06','17:00:00.000000',106,23,1),(1103,'2025-04-06','17:00:00.000000',136,33,1),(1104,'2025-04-06','17:00:00.000000',137,5,1),(1105,'2025-04-06','17:00:00.000000',91,14,1),(1106,'2025-04-06','17:00:00.000000',129,25,1),(1107,'2025-04-06','17:00:00.000000',148,26,1),(1108,'2025-04-06','21:00:00.000000',55,14,1),(1109,'2025-04-06','21:00:00.000000',73,13,1),(1110,'2025-04-06','21:00:00.000000',108,4,1),(1111,'2025-04-06','21:00:00.000000',134,35,1),(1112,'2025-04-06','21:00:00.000000',129,24,1),(1113,'2025-04-06','21:00:00.000000',111,5,1),(1114,'2025-04-06','21:00:00.000000',142,34,1),(1115,'2025-04-06','21:00:00.000000',61,26,1),(1116,'2025-04-06','21:00:00.000000',71,15,1),(1117,'2025-04-06','21:00:00.000000',99,16,1),(1118,'2025-04-06','21:00:00.000000',128,3,1),(1119,'2025-04-06','21:00:00.000000',111,36,1),(1120,'2025-04-06','21:00:00.000000',90,33,1),(1121,'2025-04-06','21:00:00.000000',113,6,1),(1122,'2025-04-06','21:00:00.000000',105,23,1),(1123,'2025-04-06','21:00:00.000000',99,25,1),(1124,'2025-04-06','21:00:00.000000',123,44,1),(1125,'2025-04-06','21:00:00.000000',118,45,1),(1126,'2025-04-06','21:00:00.000000',147,43,1),(1127,'2025-04-06','21:00:00.000000',136,46,1),(1128,'2025-04-07','09:00:00.000000',139,45,1),(1129,'2025-04-07','09:00:00.000000',148,44,1),(1130,'2025-04-07','09:00:00.000000',108,42,1),(1131,'2025-04-07','09:00:00.000000',105,43,1),(1132,'2025-04-07','09:00:00.000000',70,23,1),(1133,'2025-04-07','09:00:00.000000',126,14,1),(1134,'2025-04-07','09:00:00.000000',146,12,1),(1135,'2025-04-07','09:00:00.000000',104,3,1),(1136,'2025-04-07','09:00:00.000000',143,34,1),(1137,'2025-04-07','09:00:00.000000',60,22,1),(1138,'2025-04-07','09:00:00.000000',122,24,1),(1139,'2025-04-07','09:00:00.000000',105,2,1),(1140,'2025-04-07','09:00:00.000000',71,15,1),(1141,'2025-04-07','09:00:00.000000',97,35,1),(1142,'2025-04-07','09:00:00.000000',103,32,1),(1143,'2025-04-07','09:00:00.000000',142,13,1),(1144,'2025-04-07','09:00:00.000000',113,25,1),(1145,'2025-04-07','09:00:00.000000',84,4,1),(1146,'2025-04-07','09:00:00.000000',126,33,1),(1147,'2025-04-07','09:00:00.000000',65,5,1),(1148,'2025-04-07','13:00:00.000000',140,13,1),(1149,'2025-04-07','13:00:00.000000',115,4,1),(1150,'2025-04-07','13:00:00.000000',149,2,1),(1151,'2025-04-07','13:00:00.000000',123,24,1),(1152,'2025-04-07','13:00:00.000000',139,22,1),(1153,'2025-04-07','13:00:00.000000',64,33,1),(1154,'2025-04-07','13:00:00.000000',89,12,1),(1155,'2025-04-07','13:00:00.000000',85,14,1),(1156,'2025-04-07','13:00:00.000000',128,32,1),(1157,'2025-04-07','13:00:00.000000',110,34,1),(1158,'2025-04-07','13:00:00.000000',72,15,1),(1159,'2025-04-07','13:00:00.000000',109,25,1),(1160,'2025-04-07','13:00:00.000000',94,5,1),(1161,'2025-04-07','13:00:00.000000',94,35,1),(1162,'2025-04-07','13:00:00.000000',94,3,1),(1163,'2025-04-07','13:00:00.000000',125,23,1),(1164,'2025-04-07','13:00:00.000000',62,45,1),(1165,'2025-04-07','13:00:00.000000',65,43,1),(1166,'2025-04-07','13:00:00.000000',124,44,1),(1167,'2025-04-07','13:00:00.000000',103,42,1),(1168,'2025-04-07','17:00:00.000000',74,44,1),(1169,'2025-04-07','17:00:00.000000',53,42,1),(1170,'2025-04-07','17:00:00.000000',75,45,1),(1171,'2025-04-07','17:00:00.000000',91,43,1),(1172,'2025-04-07','17:00:00.000000',82,12,1),(1173,'2025-04-07','17:00:00.000000',102,23,1),(1174,'2025-04-07','17:00:00.000000',102,13,1),(1175,'2025-04-07','17:00:00.000000',147,4,1),(1176,'2025-04-07','17:00:00.000000',129,32,1),(1177,'2025-04-07','17:00:00.000000',148,33,1),(1178,'2025-04-07','17:00:00.000000',147,15,1),(1179,'2025-04-07','17:00:00.000000',119,34,1),(1180,'2025-04-07','17:00:00.000000',74,35,1),(1181,'2025-04-07','17:00:00.000000',138,3,1),(1182,'2025-04-07','17:00:00.000000',149,14,1),(1183,'2025-04-07','17:00:00.000000',62,22,1),(1184,'2025-04-07','17:00:00.000000',130,2,1),(1185,'2025-04-07','17:00:00.000000',147,24,1),(1186,'2025-04-07','17:00:00.000000',61,25,1),(1187,'2025-04-07','17:00:00.000000',118,5,1),(1188,'2025-04-07','21:00:00.000000',74,13,1),(1189,'2025-04-07','21:00:00.000000',109,35,1),(1190,'2025-04-07','21:00:00.000000',78,34,1),(1191,'2025-04-07','21:00:00.000000',104,14,1),(1192,'2025-04-07','21:00:00.000000',57,4,1),(1193,'2025-04-07','21:00:00.000000',116,3,1),(1194,'2025-04-07','21:00:00.000000',90,32,1),(1195,'2025-04-07','21:00:00.000000',82,25,1),(1196,'2025-04-07','21:00:00.000000',105,15,1),(1197,'2025-04-07','21:00:00.000000',108,33,1),(1198,'2025-04-07','21:00:00.000000',50,2,1),(1199,'2025-04-07','21:00:00.000000',145,23,1),(1200,'2025-04-07','21:00:00.000000',82,5,1),(1201,'2025-04-07','21:00:00.000000',125,12,1),(1202,'2025-04-07','21:00:00.000000',88,24,1),(1203,'2025-04-07','21:00:00.000000',107,22,1),(1204,'2025-04-07','21:00:00.000000',79,43,1),(1205,'2025-04-07','21:00:00.000000',71,42,1),(1206,'2025-04-07','21:00:00.000000',132,44,1),(1207,'2025-04-07','21:00:00.000000',120,45,1),(1208,'2025-04-08','09:00:00.000000',66,43,1),(1209,'2025-04-08','09:00:00.000000',81,42,1),(1210,'2025-04-08','09:00:00.000000',61,41,1),(1211,'2025-04-08','09:00:00.000000',75,44,1),(1212,'2025-04-08','09:00:00.000000',56,1,1),(1213,'2025-04-08','09:00:00.000000',92,23,1),(1214,'2025-04-08','09:00:00.000000',125,34,1),(1215,'2025-04-08','09:00:00.000000',70,12,1),(1216,'2025-04-08','09:00:00.000000',63,32,1),(1217,'2025-04-08','09:00:00.000000',58,11,1),(1218,'2025-04-08','09:00:00.000000',111,3,1),(1219,'2025-04-08','09:00:00.000000',62,33,1),(1220,'2025-04-08','09:00:00.000000',77,4,1),(1221,'2025-04-08','09:00:00.000000',121,14,1),(1222,'2025-04-08','09:00:00.000000',127,22,1),(1223,'2025-04-08','09:00:00.000000',139,21,1),(1224,'2025-04-08','09:00:00.000000',124,13,1),(1225,'2025-04-08','09:00:00.000000',103,24,1),(1226,'2025-04-08','09:00:00.000000',115,2,1),(1227,'2025-04-08','09:00:00.000000',124,31,1),(1228,'2025-04-08','13:00:00.000000',50,33,1),(1229,'2025-04-08','13:00:00.000000',108,23,1),(1230,'2025-04-08','13:00:00.000000',61,22,1),(1231,'2025-04-08','13:00:00.000000',97,14,1),(1232,'2025-04-08','13:00:00.000000',147,1,1),(1233,'2025-04-08','13:00:00.000000',57,34,1),(1234,'2025-04-08','13:00:00.000000',86,11,1),(1235,'2025-04-08','13:00:00.000000',59,12,1),(1236,'2025-04-08','13:00:00.000000',129,32,1),(1237,'2025-04-08','13:00:00.000000',124,4,1),(1238,'2025-04-08','13:00:00.000000',74,24,1),(1239,'2025-04-08','13:00:00.000000',72,13,1),(1240,'2025-04-08','13:00:00.000000',149,3,1),(1241,'2025-04-08','13:00:00.000000',136,31,1),(1242,'2025-04-08','13:00:00.000000',137,2,1),(1243,'2025-04-08','13:00:00.000000',115,21,1),(1244,'2025-04-08','13:00:00.000000',83,44,1),(1245,'2025-04-08','13:00:00.000000',60,41,1),(1246,'2025-04-08','13:00:00.000000',61,43,1),(1247,'2025-04-08','13:00:00.000000',65,42,1),(1248,'2025-04-08','17:00:00.000000',130,41,1),(1249,'2025-04-08','17:00:00.000000',129,43,1),(1250,'2025-04-08','17:00:00.000000',97,44,1),(1251,'2025-04-08','17:00:00.000000',132,42,1),(1252,'2025-04-08','17:00:00.000000',129,13,1),(1253,'2025-04-08','17:00:00.000000',139,24,1),(1254,'2025-04-08','17:00:00.000000',74,2,1),(1255,'2025-04-08','17:00:00.000000',102,31,1),(1256,'2025-04-08','17:00:00.000000',143,1,1),(1257,'2025-04-08','17:00:00.000000',131,4,1),(1258,'2025-04-08','17:00:00.000000',141,11,1),(1259,'2025-04-08','17:00:00.000000',113,33,1),(1260,'2025-04-08','17:00:00.000000',143,22,1),(1261,'2025-04-08','17:00:00.000000',67,23,1),(1262,'2025-04-08','17:00:00.000000',103,34,1),(1263,'2025-04-08','17:00:00.000000',144,32,1),(1264,'2025-04-08','17:00:00.000000',91,12,1),(1265,'2025-04-08','17:00:00.000000',95,3,1),(1266,'2025-04-08','17:00:00.000000',96,21,1),(1267,'2025-04-08','17:00:00.000000',105,14,1),(1268,'2025-04-08','21:00:00.000000',127,4,1),(1269,'2025-04-08','21:00:00.000000',105,21,1),(1270,'2025-04-08','21:00:00.000000',116,12,1),(1271,'2025-04-08','21:00:00.000000',136,34,1),(1272,'2025-04-08','21:00:00.000000',123,11,1),(1273,'2025-04-08','21:00:00.000000',88,33,1),(1274,'2025-04-08','21:00:00.000000',140,1,1),(1275,'2025-04-08','21:00:00.000000',127,2,1),(1276,'2025-04-08','21:00:00.000000',135,22,1),(1277,'2025-04-08','21:00:00.000000',141,13,1),(1278,'2025-04-08','21:00:00.000000',80,32,1),(1279,'2025-04-08','21:00:00.000000',91,3,1),(1280,'2025-04-08','21:00:00.000000',127,14,1),(1281,'2025-04-08','21:00:00.000000',125,23,1),(1282,'2025-04-08','21:00:00.000000',91,24,1),(1283,'2025-04-08','21:00:00.000000',141,31,1),(1284,'2025-04-08','21:00:00.000000',81,42,1),(1285,'2025-04-08','21:00:00.000000',118,44,1),(1286,'2025-04-08','21:00:00.000000',113,41,1),(1287,'2025-04-08','21:00:00.000000',79,43,1),(1288,'2025-04-09','09:00:00.000000',50,41,1),(1289,'2025-04-09','09:00:00.000000',117,40,1),(1290,'2025-04-09','09:00:00.000000',126,43,1),(1291,'2025-04-09','09:00:00.000000',121,42,1),(1292,'2025-04-09','09:00:00.000000',103,50,1),(1293,'2025-04-09','09:00:00.000000',96,32,1),(1294,'2025-04-09','09:00:00.000000',114,31,1),(1295,'2025-04-09','09:00:00.000000',72,12,1),(1296,'2025-04-09','09:00:00.000000',85,23,1),(1297,'2025-04-09','09:00:00.000000',131,30,1),(1298,'2025-04-09','09:00:00.000000',52,10,1),(1299,'2025-04-09','09:00:00.000000',78,21,1),(1300,'2025-04-09','09:00:00.000000',85,1,1),(1301,'2025-04-09','09:00:00.000000',107,22,1),(1302,'2025-04-09','09:00:00.000000',132,3,1),(1303,'2025-04-09','09:00:00.000000',52,33,1),(1304,'2025-04-09','09:00:00.000000',120,2,1),(1305,'2025-04-09','09:00:00.000000',133,13,1),(1306,'2025-04-09','09:00:00.000000',73,20,1),(1307,'2025-04-09','09:00:00.000000',79,11,1),(1308,'2025-04-09','13:00:00.000000',94,10,1),(1309,'2025-04-09','13:00:00.000000',140,30,1),(1310,'2025-04-09','13:00:00.000000',81,32,1),(1311,'2025-04-09','13:00:00.000000',61,11,1),(1312,'2025-04-09','13:00:00.000000',104,21,1),(1313,'2025-04-09','13:00:00.000000',68,3,1),(1314,'2025-04-09','13:00:00.000000',127,12,1),(1315,'2025-04-09','13:00:00.000000',132,23,1),(1316,'2025-04-09','13:00:00.000000',124,1,1),(1317,'2025-04-09','13:00:00.000000',138,22,1),(1318,'2025-04-09','13:00:00.000000',106,31,1),(1319,'2025-04-09','13:00:00.000000',135,33,1),(1320,'2025-04-09','13:00:00.000000',148,13,1),(1321,'2025-04-09','13:00:00.000000',103,20,1),(1322,'2025-04-09','13:00:00.000000',101,2,1),(1323,'2025-04-09','13:00:00.000000',136,50,1),(1324,'2025-04-09','13:00:00.000000',126,40,1),(1325,'2025-04-09','13:00:00.000000',106,43,1),(1326,'2025-04-09','13:00:00.000000',97,42,1),(1327,'2025-04-09','13:00:00.000000',123,41,1),(1328,'2025-04-09','17:00:00.000000',121,40,1),(1329,'2025-04-09','17:00:00.000000',51,43,1),(1330,'2025-04-09','17:00:00.000000',143,50,1),(1331,'2025-04-09','17:00:00.000000',105,42,1),(1332,'2025-04-09','17:00:00.000000',139,41,1),(1333,'2025-04-09','17:00:00.000000',124,33,1),(1334,'2025-04-09','17:00:00.000000',120,3,1),(1335,'2025-04-09','17:00:00.000000',53,32,1),(1336,'2025-04-09','17:00:00.000000',123,10,1),(1337,'2025-04-09','17:00:00.000000',130,21,1),(1338,'2025-04-09','17:00:00.000000',128,1,1),(1339,'2025-04-09','17:00:00.000000',88,31,1),(1340,'2025-04-09','17:00:00.000000',63,20,1),(1341,'2025-04-09','17:00:00.000000',52,13,1),(1342,'2025-04-09','17:00:00.000000',108,23,1),(1343,'2025-04-09','17:00:00.000000',79,2,1),(1344,'2025-04-09','17:00:00.000000',79,22,1),(1345,'2025-04-09','17:00:00.000000',73,30,1),(1346,'2025-04-09','17:00:00.000000',92,11,1),(1347,'2025-04-09','17:00:00.000000',71,12,1),(1348,'2025-04-09','21:00:00.000000',99,21,1),(1349,'2025-04-09','21:00:00.000000',57,10,1),(1350,'2025-04-09','21:00:00.000000',89,1,1),(1351,'2025-04-09','21:00:00.000000',102,22,1),(1352,'2025-04-09','21:00:00.000000',55,20,1),(1353,'2025-04-09','21:00:00.000000',115,2,1),(1354,'2025-04-09','21:00:00.000000',62,31,1),(1355,'2025-04-09','21:00:00.000000',83,11,1),(1356,'2025-04-09','21:00:00.000000',87,23,1),(1357,'2025-04-09','21:00:00.000000',78,32,1),(1358,'2025-04-09','21:00:00.000000',58,30,1),(1359,'2025-04-09','21:00:00.000000',126,12,1),(1360,'2025-04-09','21:00:00.000000',112,33,1),(1361,'2025-04-09','21:00:00.000000',55,13,1),(1362,'2025-04-09','21:00:00.000000',61,3,1),(1363,'2025-04-09','21:00:00.000000',100,43,1),(1364,'2025-04-09','21:00:00.000000',76,50,1),(1365,'2025-04-09','21:00:00.000000',144,40,1),(1366,'2025-04-09','21:00:00.000000',74,41,1),(1367,'2025-04-09','21:00:00.000000',59,42,1),(1368,'2025-04-10','09:00:00.000000',54,49,1),(1369,'2025-04-10','09:00:00.000000',149,42,1),(1370,'2025-04-10','09:00:00.000000',75,39,1),(1371,'2025-04-10','09:00:00.000000',104,41,1),(1372,'2025-04-10','09:00:00.000000',124,40,1),(1373,'2025-04-10','09:00:00.000000',55,50,1),(1374,'2025-04-10','09:00:00.000000',65,11,1),(1375,'2025-04-10','09:00:00.000000',116,1,1),(1376,'2025-04-10','09:00:00.000000',92,30,1),(1377,'2025-04-10','09:00:00.000000',62,32,1),(1378,'2025-04-10','09:00:00.000000',68,10,1),(1379,'2025-04-10','09:00:00.000000',142,22,1),(1380,'2025-04-10','09:00:00.000000',121,21,1),(1381,'2025-04-10','09:00:00.000000',75,9,1),(1382,'2025-04-10','09:00:00.000000',92,19,1),(1383,'2025-04-10','09:00:00.000000',108,20,1),(1384,'2025-04-10','09:00:00.000000',127,2,1),(1385,'2025-04-10','09:00:00.000000',147,12,1),(1386,'2025-04-10','09:00:00.000000',123,31,1),(1387,'2025-04-10','09:00:00.000000',81,29,1),(1388,'2025-04-10','13:00:00.000000',123,11,1),(1389,'2025-04-10','13:00:00.000000',95,9,1),(1390,'2025-04-10','13:00:00.000000',53,2,1),(1391,'2025-04-10','13:00:00.000000',119,30,1),(1392,'2025-04-10','13:00:00.000000',124,22,1),(1393,'2025-04-10','13:00:00.000000',64,29,1),(1394,'2025-04-10','13:00:00.000000',68,10,1),(1395,'2025-04-10','13:00:00.000000',147,1,1),(1396,'2025-04-10','13:00:00.000000',105,32,1),(1397,'2025-04-10','13:00:00.000000',119,20,1),(1398,'2025-04-10','13:00:00.000000',100,19,1),(1399,'2025-04-10','13:00:00.000000',71,21,1),(1400,'2025-04-10','13:00:00.000000',91,12,1),(1401,'2025-04-10','13:00:00.000000',117,31,1),(1402,'2025-04-10','13:00:00.000000',106,42,1),(1403,'2025-04-10','13:00:00.000000',62,49,1),(1404,'2025-04-10','13:00:00.000000',106,40,1),(1405,'2025-04-10','13:00:00.000000',82,39,1),(1406,'2025-04-10','13:00:00.000000',141,50,1),(1407,'2025-04-10','13:00:00.000000',145,41,1),(1408,'2025-04-10','17:00:00.000000',110,42,1),(1409,'2025-04-10','17:00:00.000000',85,40,1),(1410,'2025-04-10','17:00:00.000000',69,49,1),(1411,'2025-04-10','17:00:00.000000',133,50,1),(1412,'2025-04-10','17:00:00.000000',129,39,1),(1413,'2025-04-10','17:00:00.000000',58,41,1),(1414,'2025-04-10','17:00:00.000000',83,9,1),(1415,'2025-04-10','17:00:00.000000',86,12,1),(1416,'2025-04-10','17:00:00.000000',80,20,1),(1417,'2025-04-10','17:00:00.000000',96,29,1),(1418,'2025-04-10','17:00:00.000000',133,11,1),(1419,'2025-04-10','17:00:00.000000',76,22,1),(1420,'2025-04-10','17:00:00.000000',85,30,1),(1421,'2025-04-10','17:00:00.000000',141,10,1),(1422,'2025-04-10','17:00:00.000000',123,1,1),(1423,'2025-04-10','17:00:00.000000',129,2,1),(1424,'2025-04-10','17:00:00.000000',104,32,1),(1425,'2025-04-10','17:00:00.000000',119,19,1),(1426,'2025-04-10','17:00:00.000000',61,21,1),(1427,'2025-04-10','17:00:00.000000',137,31,1),(1428,'2025-04-10','21:00:00.000000',106,31,1),(1429,'2025-04-10','21:00:00.000000',89,29,1),(1430,'2025-04-10','21:00:00.000000',123,9,1),(1431,'2025-04-10','21:00:00.000000',110,20,1),(1432,'2025-04-10','21:00:00.000000',148,2,1),(1433,'2025-04-10','21:00:00.000000',131,12,1),(1434,'2025-04-10','21:00:00.000000',69,22,1),(1435,'2025-04-10','21:00:00.000000',85,30,1),(1436,'2025-04-10','21:00:00.000000',130,10,1),(1437,'2025-04-10','21:00:00.000000',106,1,1),(1438,'2025-04-10','21:00:00.000000',88,32,1),(1439,'2025-04-10','21:00:00.000000',82,19,1),(1440,'2025-04-10','21:00:00.000000',129,21,1),(1441,'2025-04-10','21:00:00.000000',64,11,1),(1442,'2025-04-10','21:00:00.000000',137,39,1),(1443,'2025-04-10','21:00:00.000000',57,40,1),(1444,'2025-04-10','21:00:00.000000',58,50,1),(1445,'2025-04-10','21:00:00.000000',132,41,1),(1446,'2025-04-10','21:00:00.000000',64,42,1),(1447,'2025-04-10','21:00:00.000000',77,49,1),(1448,'2025-04-11','09:00:00.000000',63,41,1),(1449,'2025-04-11','09:00:00.000000',93,49,1),(1450,'2025-04-11','09:00:00.000000',120,48,1),(1451,'2025-04-11','09:00:00.000000',84,38,1),(1452,'2025-04-11','09:00:00.000000',50,40,1),(1453,'2025-04-11','09:00:00.000000',142,39,1),(1454,'2025-04-11','09:00:00.000000',109,50,1),(1455,'2025-04-11','09:00:00.000000',117,29,1),(1456,'2025-04-11','09:00:00.000000',62,11,1),(1457,'2025-04-11','09:00:00.000000',127,19,1),(1458,'2025-04-11','09:00:00.000000',131,1,1),(1459,'2025-04-11','09:00:00.000000',114,28,1),(1460,'2025-04-11','09:00:00.000000',114,30,1),(1461,'2025-04-11','09:00:00.000000',139,21,1),(1462,'2025-04-11','09:00:00.000000',144,10,1),(1463,'2025-04-11','09:00:00.000000',58,8,1),(1464,'2025-04-11','09:00:00.000000',103,9,1),(1465,'2025-04-11','09:00:00.000000',51,31,1),(1466,'2025-04-11','09:00:00.000000',143,18,1),(1467,'2025-04-11','09:00:00.000000',135,20,1),(1468,'2025-04-11','13:00:00.000000',89,29,1),(1469,'2025-04-11','13:00:00.000000',94,21,1),(1470,'2025-04-11','13:00:00.000000',118,31,1),(1471,'2025-04-11','13:00:00.000000',86,10,1),(1472,'2025-04-11','13:00:00.000000',74,19,1),(1473,'2025-04-11','13:00:00.000000',66,28,1),(1474,'2025-04-11','13:00:00.000000',74,30,1),(1475,'2025-04-11','13:00:00.000000',113,9,1),(1476,'2025-04-11','13:00:00.000000',66,20,1),(1477,'2025-04-11','13:00:00.000000',137,8,1),(1478,'2025-04-11','13:00:00.000000',72,1,1),(1479,'2025-04-11','13:00:00.000000',99,11,1),(1480,'2025-04-11','13:00:00.000000',73,18,1),(1481,'2025-04-11','13:00:00.000000',145,38,1),(1482,'2025-04-11','13:00:00.000000',64,41,1),(1483,'2025-04-11','13:00:00.000000',56,39,1),(1484,'2025-04-11','13:00:00.000000',82,40,1),(1485,'2025-04-11','13:00:00.000000',76,50,1),(1486,'2025-04-11','13:00:00.000000',136,48,1),(1487,'2025-04-11','13:00:00.000000',121,49,1),(1488,'2025-04-11','17:00:00.000000',137,40,1),(1489,'2025-04-11','17:00:00.000000',136,48,1),(1490,'2025-04-11','17:00:00.000000',98,38,1),(1491,'2025-04-11','17:00:00.000000',130,39,1),(1492,'2025-04-11','17:00:00.000000',108,50,1),(1493,'2025-04-11','17:00:00.000000',54,49,1),(1494,'2025-04-11','17:00:00.000000',102,41,1),(1495,'2025-04-11','17:00:00.000000',63,31,1),(1496,'2025-04-11','17:00:00.000000',126,8,1),(1497,'2025-04-11','17:00:00.000000',132,19,1),(1498,'2025-04-11','17:00:00.000000',89,28,1),(1499,'2025-04-11','17:00:00.000000',136,30,1),(1500,'2025-04-11','17:00:00.000000',93,21,1),(1501,'2025-04-11','17:00:00.000000',79,10,1),(1502,'2025-04-11','17:00:00.000000',94,11,1),(1503,'2025-04-11','17:00:00.000000',59,1,1),(1504,'2025-04-11','17:00:00.000000',126,29,1),(1505,'2025-04-11','17:00:00.000000',90,18,1),(1506,'2025-04-11','17:00:00.000000',138,9,1),(1507,'2025-04-11','17:00:00.000000',82,20,1),(1508,'2025-04-11','21:00:00.000000',108,11,1),(1509,'2025-04-11','21:00:00.000000',91,1,1),(1510,'2025-04-11','21:00:00.000000',116,31,1),(1511,'2025-04-11','21:00:00.000000',52,30,1),(1512,'2025-04-11','21:00:00.000000',82,8,1),(1513,'2025-04-11','21:00:00.000000',76,18,1),(1514,'2025-04-11','21:00:00.000000',111,19,1),(1515,'2025-04-11','21:00:00.000000',141,21,1),(1516,'2025-04-11','21:00:00.000000',87,10,1),(1517,'2025-04-11','21:00:00.000000',143,28,1),(1518,'2025-04-11','21:00:00.000000',64,29,1),(1519,'2025-04-11','21:00:00.000000',143,9,1),(1520,'2025-04-11','21:00:00.000000',131,20,1),(1521,'2025-04-11','21:00:00.000000',98,38,1),(1522,'2025-04-11','21:00:00.000000',132,48,1),(1523,'2025-04-11','21:00:00.000000',52,40,1),(1524,'2025-04-11','21:00:00.000000',133,49,1),(1525,'2025-04-11','21:00:00.000000',133,41,1),(1526,'2025-04-11','21:00:00.000000',105,50,1),(1527,'2025-04-11','21:00:00.000000',81,39,1),(1528,'2025-04-12','09:00:00.000000',50,48,1),(1529,'2025-04-12','09:00:00.000000',114,50,1),(1530,'2025-04-12','09:00:00.000000',142,49,1),(1531,'2025-04-12','09:00:00.000000',128,40,1),(1532,'2025-04-12','09:00:00.000000',135,38,1),(1533,'2025-04-12','09:00:00.000000',133,39,1),(1534,'2025-04-12','09:00:00.000000',114,47,1),(1535,'2025-04-12','09:00:00.000000',140,37,1),(1536,'2025-04-12','09:00:00.000000',77,7,1),(1537,'2025-04-12','09:00:00.000000',76,28,1),(1538,'2025-04-12','09:00:00.000000',148,17,1),(1539,'2025-04-12','09:00:00.000000',88,18,1),(1540,'2025-04-12','09:00:00.000000',145,20,1),(1541,'2025-04-12','09:00:00.000000',118,29,1),(1542,'2025-04-12','09:00:00.000000',52,8,1),(1543,'2025-04-12','09:00:00.000000',98,9,1),(1544,'2025-04-12','09:00:00.000000',69,30,1),(1545,'2025-04-12','09:00:00.000000',90,10,1),(1546,'2025-04-12','09:00:00.000000',69,19,1),(1547,'2025-04-12','09:00:00.000000',93,27,1),(1548,'2025-04-12','13:00:00.000000',116,10,1),(1549,'2025-04-12','13:00:00.000000',103,18,1),(1550,'2025-04-12','13:00:00.000000',50,8,1),(1551,'2025-04-12','13:00:00.000000',66,20,1),(1552,'2025-04-12','13:00:00.000000',59,29,1),(1553,'2025-04-12','13:00:00.000000',122,28,1),(1554,'2025-04-12','13:00:00.000000',133,9,1),(1555,'2025-04-12','13:00:00.000000',50,19,1),(1556,'2025-04-12','13:00:00.000000',87,17,1),(1557,'2025-04-12','13:00:00.000000',91,27,1),(1558,'2025-04-12','13:00:00.000000',95,30,1),(1559,'2025-04-12','13:00:00.000000',132,7,1),(1560,'2025-04-12','13:00:00.000000',112,48,1),(1561,'2025-04-12','13:00:00.000000',62,39,1),(1562,'2025-04-12','13:00:00.000000',79,50,1),(1563,'2025-04-12','13:00:00.000000',61,40,1),(1564,'2025-04-12','13:00:00.000000',50,37,1),(1565,'2025-04-12','13:00:00.000000',141,47,1),(1566,'2025-04-12','13:00:00.000000',104,49,1),(1567,'2025-04-12','13:00:00.000000',76,38,1),(1568,'2025-04-12','17:00:00.000000',54,37,1),(1569,'2025-04-12','17:00:00.000000',144,50,1),(1570,'2025-04-12','17:00:00.000000',120,48,1),(1571,'2025-04-12','17:00:00.000000',75,40,1),(1572,'2025-04-12','17:00:00.000000',144,49,1),(1573,'2025-04-12','17:00:00.000000',147,47,1),(1574,'2025-04-12','17:00:00.000000',76,39,1),(1575,'2025-04-12','17:00:00.000000',65,38,1),(1576,'2025-04-12','17:00:00.000000',143,29,1),(1577,'2025-04-12','17:00:00.000000',117,8,1),(1578,'2025-04-12','17:00:00.000000',81,10,1),(1579,'2025-04-12','17:00:00.000000',145,17,1),(1580,'2025-04-12','17:00:00.000000',79,20,1),(1581,'2025-04-12','17:00:00.000000',72,9,1),(1582,'2025-04-12','17:00:00.000000',59,18,1),(1583,'2025-04-12','17:00:00.000000',77,19,1),(1584,'2025-04-12','17:00:00.000000',129,28,1),(1585,'2025-04-12','17:00:00.000000',104,27,1),(1586,'2025-04-12','17:00:00.000000',86,30,1),(1587,'2025-04-12','17:00:00.000000',144,7,1),(1588,'2025-04-12','21:00:00.000000',113,10,1),(1589,'2025-04-12','21:00:00.000000',128,8,1),(1590,'2025-04-12','21:00:00.000000',124,28,1),(1591,'2025-04-12','21:00:00.000000',97,17,1),(1592,'2025-04-12','21:00:00.000000',95,30,1),(1593,'2025-04-12','21:00:00.000000',126,9,1),(1594,'2025-04-12','21:00:00.000000',80,7,1),(1595,'2025-04-12','21:00:00.000000',69,29,1),(1596,'2025-04-12','21:00:00.000000',126,20,1),(1597,'2025-04-12','21:00:00.000000',93,27,1),(1598,'2025-04-12','21:00:00.000000',148,18,1),(1599,'2025-04-12','21:00:00.000000',61,19,1),(1600,'2025-04-12','21:00:00.000000',133,38,1),(1601,'2025-04-12','21:00:00.000000',64,50,1),(1602,'2025-04-12','21:00:00.000000',55,49,1),(1603,'2025-04-12','21:00:00.000000',90,39,1),(1604,'2025-04-12','21:00:00.000000',90,37,1),(1605,'2025-04-12','21:00:00.000000',55,40,1),(1606,'2025-04-12','21:00:00.000000',149,47,1),(1607,'2025-04-12','21:00:00.000000',146,48,1),(1608,'2025-04-13','09:00:00.000000',98,47,1),(1609,'2025-04-13','09:00:00.000000',71,46,1),(1610,'2025-04-13','09:00:00.000000',64,49,1),(1611,'2025-04-13','09:00:00.000000',65,39,1),(1612,'2025-04-13','09:00:00.000000',116,48,1),(1613,'2025-04-13','09:00:00.000000',103,37,1),(1614,'2025-04-13','09:00:00.000000',102,38,1),(1615,'2025-04-13','09:00:00.000000',110,17,1),(1616,'2025-04-13','09:00:00.000000',130,19,1),(1617,'2025-04-13','09:00:00.000000',135,7,1),(1618,'2025-04-13','09:00:00.000000',135,36,1),(1619,'2025-04-13','09:00:00.000000',135,6,1),(1620,'2025-04-13','09:00:00.000000',105,9,1),(1621,'2025-04-13','09:00:00.000000',110,27,1),(1622,'2025-04-13','09:00:00.000000',61,16,1),(1623,'2025-04-13','09:00:00.000000',116,28,1),(1624,'2025-04-13','09:00:00.000000',130,29,1),(1625,'2025-04-13','09:00:00.000000',55,26,1),(1626,'2025-04-13','09:00:00.000000',140,8,1),(1627,'2025-04-13','09:00:00.000000',145,18,1),(1628,'2025-04-13','13:00:00.000000',103,6,1),(1629,'2025-04-13','13:00:00.000000',70,17,1),(1630,'2025-04-13','13:00:00.000000',82,7,1),(1631,'2025-04-13','13:00:00.000000',88,16,1),(1632,'2025-04-13','13:00:00.000000',110,8,1),(1633,'2025-04-13','13:00:00.000000',50,9,1),(1634,'2025-04-13','13:00:00.000000',112,26,1),(1635,'2025-04-13','13:00:00.000000',122,18,1),(1636,'2025-04-13','13:00:00.000000',92,36,1),(1637,'2025-04-13','13:00:00.000000',80,19,1),(1638,'2025-04-13','13:00:00.000000',124,29,1),(1639,'2025-04-13','13:00:00.000000',142,27,1),(1640,'2025-04-13','13:00:00.000000',110,28,1),(1641,'2025-04-13','13:00:00.000000',140,39,1),(1642,'2025-04-13','13:00:00.000000',59,46,1),(1643,'2025-04-13','13:00:00.000000',89,48,1),(1644,'2025-04-13','13:00:00.000000',72,47,1),(1645,'2025-04-13','13:00:00.000000',63,37,1),(1646,'2025-04-13','13:00:00.000000',74,49,1),(1647,'2025-04-13','13:00:00.000000',131,38,1),(1648,'2025-04-13','17:00:00.000000',95,39,1),(1649,'2025-04-13','17:00:00.000000',104,47,1),(1650,'2025-04-13','17:00:00.000000',127,48,1),(1651,'2025-04-13','17:00:00.000000',52,49,1),(1652,'2025-04-13','17:00:00.000000',135,38,1),(1653,'2025-04-13','17:00:00.000000',121,37,1),(1654,'2025-04-13','17:00:00.000000',59,46,1),(1655,'2025-04-13','17:00:00.000000',113,29,1),(1656,'2025-04-13','17:00:00.000000',65,9,1),(1657,'2025-04-13','17:00:00.000000',52,26,1),(1658,'2025-04-13','17:00:00.000000',110,6,1),(1659,'2025-04-13','17:00:00.000000',87,8,1),(1660,'2025-04-13','17:00:00.000000',109,7,1),(1661,'2025-04-13','17:00:00.000000',110,16,1),(1662,'2025-04-13','17:00:00.000000',73,19,1),(1663,'2025-04-13','17:00:00.000000',84,27,1),(1664,'2025-04-13','17:00:00.000000',105,18,1),(1665,'2025-04-13','17:00:00.000000',128,28,1),(1666,'2025-04-13','17:00:00.000000',126,36,1),(1667,'2025-04-13','17:00:00.000000',63,17,1),(1668,'2025-04-13','21:00:00.000000',138,7,1),(1669,'2025-04-13','21:00:00.000000',84,18,1),(1670,'2025-04-13','21:00:00.000000',63,29,1),(1671,'2025-04-13','21:00:00.000000',142,9,1),(1672,'2025-04-13','21:00:00.000000',100,26,1),(1673,'2025-04-13','21:00:00.000000',129,36,1),(1674,'2025-04-13','21:00:00.000000',131,17,1),(1675,'2025-04-13','21:00:00.000000',104,16,1),(1676,'2025-04-13','21:00:00.000000',146,19,1),(1677,'2025-04-13','21:00:00.000000',66,6,1),(1678,'2025-04-13','21:00:00.000000',142,27,1),(1679,'2025-04-13','21:00:00.000000',61,28,1),(1680,'2025-04-13','21:00:00.000000',58,8,1),(1681,'2025-04-13','21:00:00.000000',145,49,1),(1682,'2025-04-13','21:00:00.000000',98,38,1),(1683,'2025-04-13','21:00:00.000000',98,37,1),(1684,'2025-04-13','21:00:00.000000',128,46,1),(1685,'2025-04-13','21:00:00.000000',129,39,1),(1686,'2025-04-13','21:00:00.000000',99,47,1),(1687,'2025-04-13','21:00:00.000000',65,48,1),(1688,'2025-04-14','09:00:00.000000',117,46,1),(1689,'2025-04-14','09:00:00.000000',81,37,1),(1690,'2025-04-14','09:00:00.000000',57,45,1),(1691,'2025-04-14','09:00:00.000000',112,38,1),(1692,'2025-04-14','09:00:00.000000',139,48,1),(1693,'2025-04-14','09:00:00.000000',117,47,1),(1694,'2025-04-14','09:00:00.000000',50,26,1),(1695,'2025-04-14','09:00:00.000000',68,16,1),(1696,'2025-04-14','09:00:00.000000',101,25,1),(1697,'2025-04-14','09:00:00.000000',139,7,1),(1698,'2025-04-14','09:00:00.000000',144,36,1),(1699,'2025-04-14','09:00:00.000000',128,18,1),(1700,'2025-04-14','09:00:00.000000',108,15,1),(1701,'2025-04-14','09:00:00.000000',128,5,1),(1702,'2025-04-14','09:00:00.000000',128,17,1),(1703,'2025-04-14','09:00:00.000000',126,8,1),(1704,'2025-04-14','09:00:00.000000',142,6,1),(1705,'2025-04-14','09:00:00.000000',87,27,1),(1706,'2025-04-14','09:00:00.000000',129,28,1),(1707,'2025-04-14','09:00:00.000000',130,35,1),(1708,'2025-04-14','13:00:00.000000',132,15,1),(1709,'2025-04-14','13:00:00.000000',129,36,1),(1710,'2025-04-14','13:00:00.000000',57,6,1),(1711,'2025-04-14','13:00:00.000000',123,7,1),(1712,'2025-04-14','13:00:00.000000',140,25,1),(1713,'2025-04-14','13:00:00.000000',80,28,1),(1714,'2025-04-14','13:00:00.000000',139,26,1),(1715,'2025-04-14','13:00:00.000000',98,16,1),(1716,'2025-04-14','13:00:00.000000',82,27,1),(1717,'2025-04-14','13:00:00.000000',80,35,1),(1718,'2025-04-14','13:00:00.000000',133,18,1),(1719,'2025-04-14','13:00:00.000000',78,8,1),(1720,'2025-04-14','13:00:00.000000',60,5,1),(1721,'2025-04-14','13:00:00.000000',108,17,1),(1722,'2025-04-14','13:00:00.000000',82,47,1),(1723,'2025-04-14','13:00:00.000000',61,46,1),(1724,'2025-04-14','13:00:00.000000',139,38,1),(1725,'2025-04-14','13:00:00.000000',72,45,1),(1726,'2025-04-14','13:00:00.000000',125,48,1),(1727,'2025-04-14','13:00:00.000000',94,37,1),(1728,'2025-04-14','17:00:00.000000',78,38,1),(1729,'2025-04-14','17:00:00.000000',118,45,1),(1730,'2025-04-14','17:00:00.000000',112,48,1),(1731,'2025-04-14','17:00:00.000000',113,37,1),(1732,'2025-04-14','17:00:00.000000',81,47,1),(1733,'2025-04-14','17:00:00.000000',79,46,1),(1734,'2025-04-14','17:00:00.000000',88,17,1),(1735,'2025-04-14','17:00:00.000000',84,36,1),(1736,'2025-04-14','17:00:00.000000',140,35,1),(1737,'2025-04-14','17:00:00.000000',142,7,1),(1738,'2025-04-14','17:00:00.000000',62,18,1),(1739,'2025-04-14','17:00:00.000000',106,28,1),(1740,'2025-04-14','17:00:00.000000',132,6,1),(1741,'2025-04-14','17:00:00.000000',51,25,1),(1742,'2025-04-14','17:00:00.000000',68,15,1),(1743,'2025-04-14','17:00:00.000000',139,8,1),(1744,'2025-04-14','17:00:00.000000',131,26,1),(1745,'2025-04-14','17:00:00.000000',91,27,1),(1746,'2025-04-14','17:00:00.000000',124,16,1),(1747,'2025-04-14','17:00:00.000000',140,5,1),(1748,'2025-04-14','21:00:00.000000',89,26,1),(1749,'2025-04-14','21:00:00.000000',56,35,1),(1750,'2025-04-14','21:00:00.000000',97,5,1),(1751,'2025-04-14','21:00:00.000000',148,36,1),(1752,'2025-04-14','21:00:00.000000',79,7,1),(1753,'2025-04-14','21:00:00.000000',88,25,1),(1754,'2025-04-14','21:00:00.000000',122,8,1),(1755,'2025-04-14','21:00:00.000000',91,16,1),(1756,'2025-04-14','21:00:00.000000',94,17,1),(1757,'2025-04-14','21:00:00.000000',86,15,1),(1758,'2025-04-14','21:00:00.000000',117,6,1),(1759,'2025-04-14','21:00:00.000000',109,18,1),(1760,'2025-04-14','21:00:00.000000',74,27,1),(1761,'2025-04-14','21:00:00.000000',101,28,1),(1762,'2025-04-14','21:00:00.000000',67,38,1),(1763,'2025-04-14','21:00:00.000000',128,46,1),(1764,'2025-04-14','21:00:00.000000',57,45,1),(1765,'2025-04-14','21:00:00.000000',74,37,1),(1766,'2025-04-14','21:00:00.000000',125,47,1),(1767,'2025-04-14','21:00:00.000000',62,48,1),(1768,'2025-04-15','09:00:00.000000',95,44,1),(1769,'2025-04-15','09:00:00.000000',129,46,1),(1770,'2025-04-15','09:00:00.000000',62,37,1),(1771,'2025-04-15','09:00:00.000000',92,45,1),(1772,'2025-04-15','09:00:00.000000',91,47,1),(1773,'2025-04-15','09:00:00.000000',136,34,1),(1774,'2025-04-15','09:00:00.000000',91,35,1),(1775,'2025-04-15','09:00:00.000000',93,15,1),(1776,'2025-04-15','09:00:00.000000',58,14,1),(1777,'2025-04-15','09:00:00.000000',83,5,1),(1778,'2025-04-15','09:00:00.000000',96,24,1),(1779,'2025-04-15','09:00:00.000000',123,36,1),(1780,'2025-04-15','09:00:00.000000',129,17,1),(1781,'2025-04-15','09:00:00.000000',98,25,1),(1782,'2025-04-15','09:00:00.000000',112,4,1),(1783,'2025-04-15','09:00:00.000000',133,26,1),(1784,'2025-04-15','09:00:00.000000',89,27,1),(1785,'2025-04-15','09:00:00.000000',101,16,1),(1786,'2025-04-15','09:00:00.000000',149,7,1),(1787,'2025-04-15','09:00:00.000000',121,6,1),(1788,'2025-04-15','13:00:00.000000',57,17,1),(1789,'2025-04-15','13:00:00.000000',118,5,1),(1790,'2025-04-15','13:00:00.000000',105,27,1),(1791,'2025-04-15','13:00:00.000000',87,26,1),(1792,'2025-04-15','13:00:00.000000',137,34,1),(1793,'2025-04-15','13:00:00.000000',118,25,1),(1794,'2025-04-15','13:00:00.000000',108,14,1),(1795,'2025-04-15','13:00:00.000000',103,24,1),(1796,'2025-04-15','13:00:00.000000',123,15,1),(1797,'2025-04-15','13:00:00.000000',129,36,1),(1798,'2025-04-15','13:00:00.000000',103,4,1),(1799,'2025-04-15','13:00:00.000000',90,6,1),(1800,'2025-04-15','13:00:00.000000',134,7,1),(1801,'2025-04-15','13:00:00.000000',84,16,1),(1802,'2025-04-15','13:00:00.000000',109,35,1),(1803,'2025-04-15','13:00:00.000000',108,37,1),(1804,'2025-04-15','13:00:00.000000',76,44,1),(1805,'2025-04-15','13:00:00.000000',128,45,1),(1806,'2025-04-15','13:00:00.000000',91,46,1),(1807,'2025-04-15','13:00:00.000000',116,47,1),(1808,'2025-04-15','17:00:00.000000',76,37,1),(1809,'2025-04-15','17:00:00.000000',66,45,1),(1810,'2025-04-15','17:00:00.000000',59,46,1),(1811,'2025-04-15','17:00:00.000000',112,44,1),(1812,'2025-04-15','17:00:00.000000',147,47,1),(1813,'2025-04-15','17:00:00.000000',124,16,1),(1814,'2025-04-15','17:00:00.000000',124,7,1),(1815,'2025-04-15','17:00:00.000000',113,25,1),(1816,'2025-04-15','17:00:00.000000',69,35,1),(1817,'2025-04-15','17:00:00.000000',124,36,1),(1818,'2025-04-15','17:00:00.000000',120,5,1),(1819,'2025-04-15','17:00:00.000000',100,34,1),(1820,'2025-04-15','17:00:00.000000',117,26,1),(1821,'2025-04-15','17:00:00.000000',60,6,1),(1822,'2025-04-15','17:00:00.000000',110,14,1),(1823,'2025-04-15','17:00:00.000000',50,4,1),(1824,'2025-04-15','17:00:00.000000',96,27,1),(1825,'2025-04-15','17:00:00.000000',102,17,1),(1826,'2025-04-15','17:00:00.000000',90,15,1),(1827,'2025-04-15','17:00:00.000000',56,24,1),(1828,'2025-04-15','21:00:00.000000',66,4,1),(1829,'2025-04-15','21:00:00.000000',65,14,1),(1830,'2025-04-15','21:00:00.000000',83,26,1),(1831,'2025-04-15','21:00:00.000000',78,7,1),(1832,'2025-04-15','21:00:00.000000',81,36,1),(1833,'2025-04-15','21:00:00.000000',95,16,1),(1834,'2025-04-15','21:00:00.000000',87,6,1),(1835,'2025-04-15','21:00:00.000000',143,24,1),(1836,'2025-04-15','21:00:00.000000',67,17,1),(1837,'2025-04-15','21:00:00.000000',105,34,1),(1838,'2025-04-15','21:00:00.000000',111,5,1),(1839,'2025-04-15','21:00:00.000000',62,35,1),(1840,'2025-04-15','21:00:00.000000',92,15,1),(1841,'2025-04-15','21:00:00.000000',133,25,1),(1842,'2025-04-15','21:00:00.000000',141,27,1),(1843,'2025-04-15','21:00:00.000000',77,44,1),(1844,'2025-04-15','21:00:00.000000',52,46,1),(1845,'2025-04-15','21:00:00.000000',74,37,1),(1846,'2025-04-15','21:00:00.000000',117,45,1),(1847,'2025-04-15','21:00:00.000000',89,47,1),(1848,'2025-04-16','09:00:00.000000',58,44,1),(1849,'2025-04-16','09:00:00.000000',63,43,1),(1850,'2025-04-16','09:00:00.000000',78,46,1),(1851,'2025-04-16','09:00:00.000000',130,45,1),(1852,'2025-04-16','09:00:00.000000',81,3,1),(1853,'2025-04-16','09:00:00.000000',72,25,1),(1854,'2025-04-16','09:00:00.000000',109,13,1),(1855,'2025-04-16','09:00:00.000000',57,14,1),(1856,'2025-04-16','09:00:00.000000',110,26,1),(1857,'2025-04-16','09:00:00.000000',100,16,1),(1858,'2025-04-16','09:00:00.000000',101,33,1),(1859,'2025-04-16','09:00:00.000000',64,34,1),(1860,'2025-04-16','09:00:00.000000',148,24,1),(1861,'2025-04-16','09:00:00.000000',101,36,1),(1862,'2025-04-16','09:00:00.000000',132,4,1),(1863,'2025-04-16','09:00:00.000000',121,5,1),(1864,'2025-04-16','09:00:00.000000',70,6,1),(1865,'2025-04-16','09:00:00.000000',110,35,1),(1866,'2025-04-16','09:00:00.000000',111,15,1),(1867,'2025-04-16','09:00:00.000000',116,23,1),(1868,'2025-04-16','13:00:00.000000',118,4,1),(1869,'2025-04-16','13:00:00.000000',108,25,1),(1870,'2025-04-16','13:00:00.000000',119,36,1),(1871,'2025-04-16','13:00:00.000000',127,6,1),(1872,'2025-04-16','13:00:00.000000',75,35,1),(1873,'2025-04-16','13:00:00.000000',89,24,1),(1874,'2025-04-16','13:00:00.000000',86,5,1),(1875,'2025-04-16','13:00:00.000000',57,3,1),(1876,'2025-04-16','13:00:00.000000',68,23,1),(1877,'2025-04-16','13:00:00.000000',105,15,1),(1878,'2025-04-16','13:00:00.000000',100,16,1),(1879,'2025-04-16','13:00:00.000000',86,34,1),(1880,'2025-04-16','13:00:00.000000',83,26,1),(1881,'2025-04-16','13:00:00.000000',90,33,1),(1882,'2025-04-16','13:00:00.000000',120,14,1),(1883,'2025-04-16','13:00:00.000000',100,13,1),(1884,'2025-04-16','13:00:00.000000',135,44,1),(1885,'2025-04-16','13:00:00.000000',72,46,1),(1886,'2025-04-16','13:00:00.000000',94,43,1),(1887,'2025-04-16','13:00:00.000000',145,45,1),(1888,'2025-04-16','17:00:00.000000',78,46,1),(1889,'2025-04-16','17:00:00.000000',116,45,1),(1890,'2025-04-16','17:00:00.000000',56,44,1),(1891,'2025-04-16','17:00:00.000000',86,43,1),(1892,'2025-04-16','17:00:00.000000',136,4,1),(1893,'2025-04-16','17:00:00.000000',105,6,1),(1894,'2025-04-16','17:00:00.000000',82,36,1),(1895,'2025-04-16','17:00:00.000000',85,3,1),(1896,'2025-04-16','17:00:00.000000',133,33,1),(1897,'2025-04-16','17:00:00.000000',121,15,1),(1898,'2025-04-16','17:00:00.000000',113,13,1),(1899,'2025-04-16','17:00:00.000000',82,24,1),(1900,'2025-04-16','17:00:00.000000',105,25,1),(1901,'2025-04-16','17:00:00.000000',53,5,1),(1902,'2025-04-16','17:00:00.000000',73,35,1),(1903,'2025-04-16','17:00:00.000000',91,23,1),(1904,'2025-04-16','17:00:00.000000',139,34,1),(1905,'2025-04-16','17:00:00.000000',64,14,1),(1906,'2025-04-16','17:00:00.000000',118,26,1),(1907,'2025-04-16','17:00:00.000000',50,16,1),(1908,'2025-04-16','21:00:00.000000',72,13,1),(1909,'2025-04-16','21:00:00.000000',50,15,1),(1910,'2025-04-16','21:00:00.000000',53,26,1),(1911,'2025-04-16','21:00:00.000000',108,33,1),(1912,'2025-04-16','21:00:00.000000',80,36,1),(1913,'2025-04-16','21:00:00.000000',105,4,1),(1914,'2025-04-16','21:00:00.000000',90,25,1),(1915,'2025-04-16','21:00:00.000000',83,6,1),(1916,'2025-04-16','21:00:00.000000',100,16,1),(1917,'2025-04-16','21:00:00.000000',110,5,1),(1918,'2025-04-16','21:00:00.000000',79,23,1),(1919,'2025-04-16','21:00:00.000000',124,24,1),(1920,'2025-04-16','21:00:00.000000',119,34,1),(1921,'2025-04-16','21:00:00.000000',106,3,1),(1922,'2025-04-16','21:00:00.000000',79,35,1),(1923,'2025-04-16','21:00:00.000000',118,14,1),(1924,'2025-04-16','21:00:00.000000',98,44,1),(1925,'2025-04-16','21:00:00.000000',123,46,1),(1926,'2025-04-16','21:00:00.000000',63,43,1),(1927,'2025-04-16','21:00:00.000000',128,45,1),(1928,'2025-04-17','09:00:00.000000',124,42,1),(1929,'2025-04-17','09:00:00.000000',133,44,1),(1930,'2025-04-17','09:00:00.000000',138,45,1),(1931,'2025-04-17','09:00:00.000000',50,43,1),(1932,'2025-04-17','09:00:00.000000',119,14,1),(1933,'2025-04-17','09:00:00.000000',90,32,1),(1934,'2025-04-17','09:00:00.000000',67,5,1),(1935,'2025-04-17','09:00:00.000000',89,33,1),(1936,'2025-04-17','09:00:00.000000',113,22,1),(1937,'2025-04-17','09:00:00.000000',104,35,1),(1938,'2025-04-17','09:00:00.000000',127,15,1),(1939,'2025-04-17','09:00:00.000000',136,12,1),(1940,'2025-04-17','09:00:00.000000',123,3,1),(1941,'2025-04-17','09:00:00.000000',90,2,1),(1942,'2025-04-17','09:00:00.000000',120,13,1),(1943,'2025-04-17','09:00:00.000000',99,24,1),(1944,'2025-04-17','09:00:00.000000',52,34,1),(1945,'2025-04-17','09:00:00.000000',129,25,1),(1946,'2025-04-17','09:00:00.000000',63,23,1),(1947,'2025-04-17','09:00:00.000000',134,4,1),(1948,'2025-04-17','13:00:00.000000',135,12,1),(1949,'2025-04-17','13:00:00.000000',51,24,1),(1950,'2025-04-17','13:00:00.000000',86,35,1),(1951,'2025-04-17','13:00:00.000000',96,33,1),(1952,'2025-04-17','13:00:00.000000',131,14,1),(1953,'2025-04-17','13:00:00.000000',113,23,1),(1954,'2025-04-17','13:00:00.000000',131,32,1),(1955,'2025-04-17','13:00:00.000000',137,25,1),(1956,'2025-04-17','13:00:00.000000',128,5,1),(1957,'2025-04-17','13:00:00.000000',135,22,1),(1958,'2025-04-17','13:00:00.000000',85,15,1),(1959,'2025-04-17','13:00:00.000000',135,34,1),(1960,'2025-04-17','13:00:00.000000',114,2,1),(1961,'2025-04-17','13:00:00.000000',130,3,1),(1962,'2025-04-17','13:00:00.000000',52,13,1),(1963,'2025-04-17','13:00:00.000000',134,4,1),(1964,'2025-04-17','13:00:00.000000',115,42,1),(1965,'2025-04-17','13:00:00.000000',120,45,1),(1966,'2025-04-17','13:00:00.000000',85,44,1),(1967,'2025-04-17','13:00:00.000000',63,43,1),(1968,'2025-04-17','17:00:00.000000',72,43,1),(1969,'2025-04-17','17:00:00.000000',147,44,1),(1970,'2025-04-17','17:00:00.000000',101,42,1),(1971,'2025-04-17','17:00:00.000000',71,45,1),(1972,'2025-04-17','17:00:00.000000',69,25,1),(1973,'2025-04-17','17:00:00.000000',92,35,1),(1974,'2025-04-17','17:00:00.000000',83,15,1),(1975,'2025-04-17','17:00:00.000000',130,4,1),(1976,'2025-04-17','17:00:00.000000',70,22,1),(1977,'2025-04-17','17:00:00.000000',63,12,1),(1978,'2025-04-17','17:00:00.000000',110,2,1),(1979,'2025-04-17','17:00:00.000000',105,32,1),(1980,'2025-04-17','17:00:00.000000',74,5,1),(1981,'2025-04-17','17:00:00.000000',50,23,1),(1982,'2025-04-17','17:00:00.000000',81,33,1),(1983,'2025-04-17','17:00:00.000000',136,24,1),(1984,'2025-04-17','17:00:00.000000',126,3,1),(1985,'2025-04-17','17:00:00.000000',125,34,1),(1986,'2025-04-17','17:00:00.000000',97,13,1),(1987,'2025-04-17','17:00:00.000000',62,14,1),(1988,'2025-04-17','21:00:00.000000',77,14,1),(1989,'2025-04-17','21:00:00.000000',87,33,1),(1990,'2025-04-17','21:00:00.000000',84,3,1),(1991,'2025-04-17','21:00:00.000000',55,4,1),(1992,'2025-04-17','21:00:00.000000',126,24,1),(1993,'2025-04-17','21:00:00.000000',74,35,1),(1994,'2025-04-17','21:00:00.000000',128,2,1),(1995,'2025-04-17','21:00:00.000000',97,5,1),(1996,'2025-04-17','21:00:00.000000',130,23,1),(1997,'2025-04-17','21:00:00.000000',89,22,1),(1998,'2025-04-17','21:00:00.000000',113,34,1),(1999,'2025-04-17','21:00:00.000000',94,13,1),(2000,'2025-04-17','21:00:00.000000',148,32,1),(2001,'2025-04-17','21:00:00.000000',87,25,1),(2002,'2025-04-17','21:00:00.000000',93,15,1),(2003,'2025-04-17','21:00:00.000000',111,12,1),(2004,'2025-04-17','21:00:00.000000',82,43,1),(2005,'2025-04-17','21:00:00.000000',134,44,1),(2006,'2025-04-17','21:00:00.000000',79,42,1),(2007,'2025-04-17','21:00:00.000000',62,45,1),(2008,'2025-04-18','09:00:00.000000',88,44,1),(2009,'2025-04-18','09:00:00.000000',97,41,1),(2010,'2025-04-18','09:00:00.000000',61,43,1),(2011,'2025-04-18','09:00:00.000000',93,42,1),(2012,'2025-04-18','09:00:00.000000',97,34,1),(2013,'2025-04-18','09:00:00.000000',94,2,1),(2014,'2025-04-18','09:00:00.000000',53,13,1),(2015,'2025-04-18','09:00:00.000000',91,4,1),(2016,'2025-04-18','09:00:00.000000',62,11,1),(2017,'2025-04-18','09:00:00.000000',139,23,1),(2018,'2025-04-18','09:00:00.000000',107,22,1),(2019,'2025-04-18','09:00:00.000000',116,1,1),(2020,'2025-04-18','09:00:00.000000',137,21,1),(2021,'2025-04-18','09:00:00.000000',95,14,1),(2022,'2025-04-18','09:00:00.000000',85,24,1),(2023,'2025-04-18','09:00:00.000000',127,31,1),(2024,'2025-04-18','09:00:00.000000',91,33,1),(2025,'2025-04-18','09:00:00.000000',72,32,1),(2026,'2025-04-18','09:00:00.000000',98,12,1),(2027,'2025-04-18','09:00:00.000000',122,3,1),(2028,'2025-04-18','13:00:00.000000',145,4,1),(2029,'2025-04-18','13:00:00.000000',72,33,1),(2030,'2025-04-18','13:00:00.000000',96,34,1),(2031,'2025-04-18','13:00:00.000000',91,32,1),(2032,'2025-04-18','13:00:00.000000',101,2,1),(2033,'2025-04-18','13:00:00.000000',68,31,1),(2034,'2025-04-18','13:00:00.000000',149,11,1),(2035,'2025-04-18','13:00:00.000000',64,1,1),(2036,'2025-04-18','13:00:00.000000',134,24,1),(2037,'2025-04-18','13:00:00.000000',110,12,1),(2038,'2025-04-18','13:00:00.000000',138,14,1),(2039,'2025-04-18','13:00:00.000000',53,21,1),(2040,'2025-04-18','13:00:00.000000',101,13,1),(2041,'2025-04-18','13:00:00.000000',51,22,1),(2042,'2025-04-18','13:00:00.000000',56,23,1),(2043,'2025-04-18','13:00:00.000000',108,3,1),(2044,'2025-04-18','13:00:00.000000',142,43,1),(2045,'2025-04-18','13:00:00.000000',67,42,1),(2046,'2025-04-18','13:00:00.000000',117,44,1),(2047,'2025-04-18','13:00:00.000000',89,41,1),(2048,'2025-04-18','17:00:00.000000',149,44,1),(2049,'2025-04-18','17:00:00.000000',132,41,1),(2050,'2025-04-18','17:00:00.000000',66,43,1),(2051,'2025-04-18','17:00:00.000000',97,42,1),(2052,'2025-04-18','17:00:00.000000',148,14,1),(2053,'2025-04-18','17:00:00.000000',128,4,1),(2054,'2025-04-18','17:00:00.000000',57,3,1),(2055,'2025-04-18','17:00:00.000000',111,34,1),(2056,'2025-04-18','17:00:00.000000',67,13,1),(2057,'2025-04-18','17:00:00.000000',107,33,1),(2058,'2025-04-18','17:00:00.000000',67,12,1),(2059,'2025-04-18','17:00:00.000000',112,32,1),(2060,'2025-04-18','17:00:00.000000',54,31,1),(2061,'2025-04-18','17:00:00.000000',112,24,1),(2062,'2025-04-18','17:00:00.000000',97,23,1),(2063,'2025-04-18','17:00:00.000000',118,1,1),(2064,'2025-04-18','17:00:00.000000',87,2,1),(2065,'2025-04-18','17:00:00.000000',67,22,1),(2066,'2025-04-18','17:00:00.000000',77,11,1),(2067,'2025-04-18','17:00:00.000000',60,21,1),(2068,'2025-04-18','21:00:00.000000',116,4,1),(2069,'2025-04-18','21:00:00.000000',92,24,1),(2070,'2025-04-18','21:00:00.000000',106,32,1),(2071,'2025-04-18','21:00:00.000000',51,31,1),(2072,'2025-04-18','21:00:00.000000',92,1,1),(2073,'2025-04-18','21:00:00.000000',125,12,1),(2074,'2025-04-18','21:00:00.000000',104,33,1),(2075,'2025-04-18','21:00:00.000000',65,21,1),(2076,'2025-04-18','21:00:00.000000',96,13,1),(2077,'2025-04-18','21:00:00.000000',111,22,1),(2078,'2025-04-18','21:00:00.000000',103,34,1),(2079,'2025-04-18','21:00:00.000000',75,3,1),(2080,'2025-04-18','21:00:00.000000',127,23,1),(2081,'2025-04-18','21:00:00.000000',51,14,1),(2082,'2025-04-18','21:00:00.000000',62,2,1),(2083,'2025-04-18','21:00:00.000000',62,11,1),(2084,'2025-04-18','21:00:00.000000',74,41,1),(2085,'2025-04-18','21:00:00.000000',59,44,1),(2086,'2025-04-18','21:00:00.000000',124,42,1),(2087,'2025-04-18','21:00:00.000000',113,43,1),(2088,'2025-04-19','09:00:00.000000',106,42,1),(2089,'2025-04-19','09:00:00.000000',72,43,1),(2090,'2025-04-19','09:00:00.000000',135,41,1),(2091,'2025-04-19','09:00:00.000000',57,40,1),(2092,'2025-04-19','09:00:00.000000',51,50,1),(2093,'2025-04-19','09:00:00.000000',75,20,1),(2094,'2025-04-19','09:00:00.000000',115,31,1),(2095,'2025-04-19','09:00:00.000000',118,12,1),(2096,'2025-04-19','09:00:00.000000',140,32,1),(2097,'2025-04-19','09:00:00.000000',78,10,1),(2098,'2025-04-19','09:00:00.000000',63,2,1),(2099,'2025-04-19','09:00:00.000000',147,33,1),(2100,'2025-04-19','09:00:00.000000',75,3,1),(2101,'2025-04-19','09:00:00.000000',108,13,1),(2102,'2025-04-19','09:00:00.000000',92,1,1),(2103,'2025-04-19','09:00:00.000000',140,30,1),(2104,'2025-04-19','09:00:00.000000',89,21,1),(2105,'2025-04-19','09:00:00.000000',86,23,1),(2106,'2025-04-19','09:00:00.000000',87,11,1),(2107,'2025-04-19','09:00:00.000000',74,22,1),(2108,'2025-04-19','13:00:00.000000',51,22,1),(2109,'2025-04-19','13:00:00.000000',102,20,1),(2110,'2025-04-19','13:00:00.000000',124,31,1),(2111,'2025-04-19','13:00:00.000000',128,1,1),(2112,'2025-04-19','13:00:00.000000',96,21,1),(2113,'2025-04-19','13:00:00.000000',105,32,1),(2114,'2025-04-19','13:00:00.000000',104,12,1),(2115,'2025-04-19','13:00:00.000000',116,33,1),(2116,'2025-04-19','13:00:00.000000',96,23,1),(2117,'2025-04-19','13:00:00.000000',87,3,1),(2118,'2025-04-19','13:00:00.000000',61,13,1),(2119,'2025-04-19','13:00:00.000000',112,11,1),(2120,'2025-04-19','13:00:00.000000',89,10,1),(2121,'2025-04-19','13:00:00.000000',122,2,1),(2122,'2025-04-19','13:00:00.000000',72,30,1),(2123,'2025-04-19','13:00:00.000000',109,43,1),(2124,'2025-04-19','13:00:00.000000',137,50,1),(2125,'2025-04-19','13:00:00.000000',82,41,1),(2126,'2025-04-19','13:00:00.000000',116,42,1),(2127,'2025-04-19','13:00:00.000000',113,40,1),(2128,'2025-04-19','17:00:00.000000',141,42,1),(2129,'2025-04-19','17:00:00.000000',109,43,1),(2130,'2025-04-19','17:00:00.000000',128,50,1),(2131,'2025-04-19','17:00:00.000000',119,40,1),(2132,'2025-04-19','17:00:00.000000',108,41,1),(2133,'2025-04-19','17:00:00.000000',142,11,1),(2134,'2025-04-19','17:00:00.000000',139,10,1),(2135,'2025-04-19','17:00:00.000000',127,33,1),(2136,'2025-04-19','17:00:00.000000',118,12,1),(2137,'2025-04-19','17:00:00.000000',70,3,1),(2138,'2025-04-19','17:00:00.000000',112,32,1),(2139,'2025-04-19','17:00:00.000000',149,13,1),(2140,'2025-04-19','17:00:00.000000',90,30,1),(2141,'2025-04-19','17:00:00.000000',99,1,1),(2142,'2025-04-19','17:00:00.000000',66,2,1),(2143,'2025-04-19','17:00:00.000000',96,20,1),(2144,'2025-04-19','17:00:00.000000',85,31,1),(2145,'2025-04-19','17:00:00.000000',78,22,1),(2146,'2025-04-19','17:00:00.000000',115,23,1),(2147,'2025-04-19','17:00:00.000000',114,21,1),(2148,'2025-04-19','21:00:00.000000',75,21,1),(2149,'2025-04-19','21:00:00.000000',52,10,1),(2150,'2025-04-19','21:00:00.000000',76,20,1),(2151,'2025-04-19','21:00:00.000000',90,33,1),(2152,'2025-04-19','21:00:00.000000',139,1,1),(2153,'2025-04-19','21:00:00.000000',137,3,1),(2154,'2025-04-19','21:00:00.000000',109,30,1),(2155,'2025-04-19','21:00:00.000000',120,2,1),(2156,'2025-04-19','21:00:00.000000',129,22,1),(2157,'2025-04-19','21:00:00.000000',111,13,1),(2158,'2025-04-19','21:00:00.000000',115,11,1),(2159,'2025-04-19','21:00:00.000000',76,23,1),(2160,'2025-04-19','21:00:00.000000',83,31,1),(2161,'2025-04-19','21:00:00.000000',112,12,1),(2162,'2025-04-19','21:00:00.000000',135,32,1),(2163,'2025-04-19','21:00:00.000000',111,40,1),(2164,'2025-04-19','21:00:00.000000',114,42,1),(2165,'2025-04-19','21:00:00.000000',84,50,1),(2166,'2025-04-19','21:00:00.000000',128,43,1),(2167,'2025-04-19','21:00:00.000000',70,41,1),(2168,'2025-04-20','09:00:00.000000',141,40,1),(2169,'2025-04-20','09:00:00.000000',99,42,1),(2170,'2025-04-20','09:00:00.000000',117,50,1),(2171,'2025-04-20','09:00:00.000000',69,39,1),(2172,'2025-04-20','09:00:00.000000',101,49,1),(2173,'2025-04-20','09:00:00.000000',63,41,1),(2174,'2025-04-20','09:00:00.000000',141,10,1),(2175,'2025-04-20','09:00:00.000000',97,29,1),(2176,'2025-04-20','09:00:00.000000',136,20,1),(2177,'2025-04-20','09:00:00.000000',53,30,1),(2178,'2025-04-20','09:00:00.000000',63,12,1),(2179,'2025-04-20','09:00:00.000000',119,1,1),(2180,'2025-04-20','09:00:00.000000',104,22,1),(2181,'2025-04-20','09:00:00.000000',60,9,1),(2182,'2025-04-20','09:00:00.000000',73,32,1),(2183,'2025-04-20','09:00:00.000000',93,2,1),(2184,'2025-04-20','09:00:00.000000',63,21,1),(2185,'2025-04-20','09:00:00.000000',54,19,1),(2186,'2025-04-20','09:00:00.000000',79,11,1),(2187,'2025-04-20','09:00:00.000000',69,31,1),(2188,'2025-04-20','13:00:00.000000',143,1,1),(2189,'2025-04-20','13:00:00.000000',95,10,1),(2190,'2025-04-20','13:00:00.000000',144,32,1),(2191,'2025-04-20','13:00:00.000000',142,11,1),(2192,'2025-04-20','13:00:00.000000',139,29,1),(2193,'2025-04-20','13:00:00.000000',144,12,1),(2194,'2025-04-20','13:00:00.000000',146,31,1),(2195,'2025-04-20','13:00:00.000000',54,19,1),(2196,'2025-04-20','13:00:00.000000',143,2,1),(2197,'2025-04-20','13:00:00.000000',135,21,1),(2198,'2025-04-20','13:00:00.000000',101,9,1),(2199,'2025-04-20','13:00:00.000000',69,22,1),(2200,'2025-04-20','13:00:00.000000',142,20,1),(2201,'2025-04-20','13:00:00.000000',62,30,1),(2202,'2025-04-20','13:00:00.000000',50,42,1),(2203,'2025-04-20','13:00:00.000000',128,41,1),(2204,'2025-04-20','13:00:00.000000',76,40,1),(2205,'2025-04-20','13:00:00.000000',119,39,1),(2206,'2025-04-20','13:00:00.000000',88,49,1),(2207,'2025-04-20','13:00:00.000000',138,50,1),(2208,'2025-04-20','17:00:00.000000',63,40,1),(2209,'2025-04-20','17:00:00.000000',100,42,1),(2210,'2025-04-20','17:00:00.000000',126,39,1),(2211,'2025-04-20','17:00:00.000000',75,50,1),(2212,'2025-04-20','17:00:00.000000',96,49,1),(2213,'2025-04-20','17:00:00.000000',143,41,1),(2214,'2025-04-20','17:00:00.000000',103,30,1),(2215,'2025-04-20','17:00:00.000000',71,31,1),(2216,'2025-04-20','17:00:00.000000',135,12,1),(2217,'2025-04-20','17:00:00.000000',122,21,1),(2218,'2025-04-20','17:00:00.000000',64,22,1),(2219,'2025-04-20','17:00:00.000000',108,20,1),(2220,'2025-04-20','17:00:00.000000',117,29,1),(2221,'2025-04-20','17:00:00.000000',127,11,1),(2222,'2025-04-20','17:00:00.000000',99,32,1),(2223,'2025-04-20','17:00:00.000000',116,1,1),(2224,'2025-04-20','17:00:00.000000',56,19,1),(2225,'2025-04-20','17:00:00.000000',58,2,1),(2226,'2025-04-20','17:00:00.000000',94,10,1),(2227,'2025-04-20','17:00:00.000000',66,9,1),(2228,'2025-04-20','21:00:00.000000',126,9,1),(2229,'2025-04-20','21:00:00.000000',67,22,1),(2230,'2025-04-20','21:00:00.000000',59,19,1),(2231,'2025-04-20','21:00:00.000000',53,31,1),(2232,'2025-04-20','21:00:00.000000',76,10,1),(2233,'2025-04-20','21:00:00.000000',108,21,1),(2234,'2025-04-20','21:00:00.000000',134,30,1),(2235,'2025-04-20','21:00:00.000000',128,12,1),(2236,'2025-04-20','21:00:00.000000',128,1,1),(2237,'2025-04-20','21:00:00.000000',116,20,1),(2238,'2025-04-20','21:00:00.000000',147,11,1),(2239,'2025-04-20','21:00:00.000000',133,32,1),(2240,'2025-04-20','21:00:00.000000',99,2,1),(2241,'2025-04-20','21:00:00.000000',131,29,1),(2242,'2025-04-20','21:00:00.000000',147,49,1),(2243,'2025-04-20','21:00:00.000000',97,40,1),(2244,'2025-04-20','21:00:00.000000',54,39,1),(2245,'2025-04-20','21:00:00.000000',134,42,1),(2246,'2025-04-20','21:00:00.000000',95,50,1),(2247,'2025-04-20','21:00:00.000000',79,41,1),(2248,'2025-04-21','09:00:00.000000',58,50,1),(2249,'2025-04-21','09:00:00.000000',77,38,1),(2250,'2025-04-21','09:00:00.000000',106,39,1),(2251,'2025-04-21','09:00:00.000000',128,49,1),(2252,'2025-04-21','09:00:00.000000',115,41,1),(2253,'2025-04-21','09:00:00.000000',114,40,1),(2254,'2025-04-21','09:00:00.000000',130,48,1),(2255,'2025-04-21','09:00:00.000000',107,18,1),(2256,'2025-04-21','09:00:00.000000',100,30,1),(2257,'2025-04-21','09:00:00.000000',109,21,1),(2258,'2025-04-21','09:00:00.000000',87,1,1),(2259,'2025-04-21','09:00:00.000000',58,28,1),(2260,'2025-04-21','09:00:00.000000',70,9,1),(2261,'2025-04-21','09:00:00.000000',138,19,1),(2262,'2025-04-21','09:00:00.000000',106,20,1),(2263,'2025-04-21','09:00:00.000000',100,11,1),(2264,'2025-04-21','09:00:00.000000',109,29,1),(2265,'2025-04-21','09:00:00.000000',96,10,1),(2266,'2025-04-21','09:00:00.000000',73,8,1),(2267,'2025-04-21','09:00:00.000000',110,31,1),(2268,'2025-04-21','13:00:00.000000',81,11,1),(2269,'2025-04-21','13:00:00.000000',141,19,1),(2270,'2025-04-21','13:00:00.000000',67,21,1),(2271,'2025-04-21','13:00:00.000000',141,29,1),(2272,'2025-04-21','13:00:00.000000',53,31,1),(2273,'2025-04-21','13:00:00.000000',132,28,1),(2274,'2025-04-21','13:00:00.000000',129,30,1),(2275,'2025-04-21','13:00:00.000000',126,8,1),(2276,'2025-04-21','13:00:00.000000',137,10,1),(2277,'2025-04-21','13:00:00.000000',54,18,1),(2278,'2025-04-21','13:00:00.000000',72,1,1),(2279,'2025-04-21','13:00:00.000000',126,9,1),(2280,'2025-04-21','13:00:00.000000',95,20,1),(2281,'2025-04-21','13:00:00.000000',103,50,1),(2282,'2025-04-21','13:00:00.000000',120,38,1),(2283,'2025-04-21','13:00:00.000000',89,39,1),(2284,'2025-04-21','13:00:00.000000',68,49,1),(2285,'2025-04-21','13:00:00.000000',67,48,1),(2286,'2025-04-21','13:00:00.000000',109,41,1),(2287,'2025-04-21','13:00:00.000000',68,40,1),(2288,'2025-04-21','17:00:00.000000',86,48,1),(2289,'2025-04-21','17:00:00.000000',59,41,1),(2290,'2025-04-21','17:00:00.000000',103,50,1),(2291,'2025-04-21','17:00:00.000000',59,40,1),(2292,'2025-04-21','17:00:00.000000',91,38,1),(2293,'2025-04-21','17:00:00.000000',130,39,1),(2294,'2025-04-21','17:00:00.000000',120,49,1),(2295,'2025-04-21','17:00:00.000000',73,20,1),(2296,'2025-04-21','17:00:00.000000',74,1,1),(2297,'2025-04-21','17:00:00.000000',72,19,1),(2298,'2025-04-21','17:00:00.000000',137,18,1),(2299,'2025-04-21','17:00:00.000000',51,28,1),(2300,'2025-04-21','17:00:00.000000',119,11,1),(2301,'2025-04-21','17:00:00.000000',149,29,1),(2302,'2025-04-21','17:00:00.000000',103,8,1),(2303,'2025-04-21','17:00:00.000000',79,10,1),(2304,'2025-04-21','17:00:00.000000',133,30,1),(2305,'2025-04-21','17:00:00.000000',59,21,1),(2306,'2025-04-21','17:00:00.000000',136,31,1),(2307,'2025-04-21','17:00:00.000000',103,9,1),(2308,'2025-04-21','21:00:00.000000',128,30,1),(2309,'2025-04-21','21:00:00.000000',57,19,1),(2310,'2025-04-21','21:00:00.000000',70,10,1),(2311,'2025-04-21','21:00:00.000000',94,18,1),(2312,'2025-04-21','21:00:00.000000',59,31,1),(2313,'2025-04-21','21:00:00.000000',60,21,1),(2314,'2025-04-21','21:00:00.000000',116,1,1),(2315,'2025-04-21','21:00:00.000000',118,29,1),(2316,'2025-04-21','21:00:00.000000',121,11,1),(2317,'2025-04-21','21:00:00.000000',58,28,1),(2318,'2025-04-21','21:00:00.000000',106,20,1),(2319,'2025-04-21','21:00:00.000000',146,8,1),(2320,'2025-04-21','21:00:00.000000',147,9,1),(2321,'2025-04-21','21:00:00.000000',95,49,1),(2322,'2025-04-21','21:00:00.000000',137,39,1),(2323,'2025-04-21','21:00:00.000000',121,50,1),(2324,'2025-04-21','21:00:00.000000',96,38,1),(2325,'2025-04-21','21:00:00.000000',79,41,1),(2326,'2025-04-21','21:00:00.000000',126,40,1),(2327,'2025-04-21','21:00:00.000000',70,48,1),(2328,'2025-04-22','09:00:00.000000',138,38,1),(2329,'2025-04-22','09:00:00.000000',133,50,1),(2330,'2025-04-22','09:00:00.000000',92,47,1),(2331,'2025-04-22','09:00:00.000000',116,49,1),(2332,'2025-04-22','09:00:00.000000',75,48,1),(2333,'2025-04-22','09:00:00.000000',148,40,1),(2334,'2025-04-22','09:00:00.000000',117,39,1),(2335,'2025-04-22','09:00:00.000000',124,10,1),(2336,'2025-04-22','09:00:00.000000',54,8,1),(2337,'2025-04-22','09:00:00.000000',112,30,1),(2338,'2025-04-22','09:00:00.000000',145,28,1),(2339,'2025-04-22','09:00:00.000000',108,9,1),(2340,'2025-04-22','09:00:00.000000',146,18,1),(2341,'2025-04-22','09:00:00.000000',89,29,1),(2342,'2025-04-22','09:00:00.000000',68,20,1),(2343,'2025-04-22','09:00:00.000000',91,27,1),(2344,'2025-04-22','09:00:00.000000',84,17,1),(2345,'2025-04-22','09:00:00.000000',64,19,1),(2346,'2025-04-22','09:00:00.000000',53,37,1),(2347,'2025-04-22','09:00:00.000000',102,7,1),(2348,'2025-04-22','13:00:00.000000',136,37,1),(2349,'2025-04-22','13:00:00.000000',96,28,1),(2350,'2025-04-22','13:00:00.000000',82,29,1),(2351,'2025-04-22','13:00:00.000000',143,17,1),(2352,'2025-04-22','13:00:00.000000',146,30,1),(2353,'2025-04-22','13:00:00.000000',129,18,1),(2354,'2025-04-22','13:00:00.000000',117,19,1),(2355,'2025-04-22','13:00:00.000000',114,10,1),(2356,'2025-04-22','13:00:00.000000',134,7,1),(2357,'2025-04-22','13:00:00.000000',63,27,1),(2358,'2025-04-22','13:00:00.000000',109,20,1),(2359,'2025-04-22','13:00:00.000000',66,9,1),(2360,'2025-04-22','13:00:00.000000',109,8,1),(2361,'2025-04-22','13:00:00.000000',107,40,1),(2362,'2025-04-22','13:00:00.000000',108,47,1),(2363,'2025-04-22','13:00:00.000000',140,49,1),(2364,'2025-04-22','13:00:00.000000',140,38,1),(2365,'2025-04-22','13:00:00.000000',63,48,1),(2366,'2025-04-22','13:00:00.000000',69,50,1),(2367,'2025-04-22','13:00:00.000000',114,39,1),(2368,'2025-04-22','17:00:00.000000',80,40,1),(2369,'2025-04-22','17:00:00.000000',104,38,1),(2370,'2025-04-22','17:00:00.000000',63,48,1),(2371,'2025-04-22','17:00:00.000000',111,49,1),(2372,'2025-04-22','17:00:00.000000',101,39,1),(2373,'2025-04-22','17:00:00.000000',121,50,1),(2374,'2025-04-22','17:00:00.000000',66,47,1),(2375,'2025-04-22','17:00:00.000000',125,37,1),(2376,'2025-04-22','17:00:00.000000',50,18,1),(2377,'2025-04-22','17:00:00.000000',95,28,1),(2378,'2025-04-22','17:00:00.000000',124,19,1),(2379,'2025-04-22','17:00:00.000000',90,29,1),(2380,'2025-04-22','17:00:00.000000',56,30,1),(2381,'2025-04-22','17:00:00.000000',113,8,1),(2382,'2025-04-22','17:00:00.000000',73,7,1),(2383,'2025-04-22','17:00:00.000000',57,9,1),(2384,'2025-04-22','17:00:00.000000',65,10,1),(2385,'2025-04-22','17:00:00.000000',92,27,1),(2386,'2025-04-22','17:00:00.000000',109,20,1),(2387,'2025-04-22','17:00:00.000000',94,17,1),(2388,'2025-04-22','21:00:00.000000',123,9,1),(2389,'2025-04-22','21:00:00.000000',121,10,1),(2390,'2025-04-22','21:00:00.000000',117,19,1),(2391,'2025-04-22','21:00:00.000000',61,30,1),(2392,'2025-04-22','21:00:00.000000',136,8,1),(2393,'2025-04-22','21:00:00.000000',95,20,1),(2394,'2025-04-22','21:00:00.000000',74,29,1),(2395,'2025-04-22','21:00:00.000000',82,27,1),(2396,'2025-04-22','21:00:00.000000',144,28,1),(2397,'2025-04-22','21:00:00.000000',94,7,1),(2398,'2025-04-22','21:00:00.000000',126,17,1),(2399,'2025-04-22','21:00:00.000000',114,37,1),(2400,'2025-04-22','21:00:00.000000',124,18,1),(2401,'2025-04-22','21:00:00.000000',114,40,1),(2402,'2025-04-22','21:00:00.000000',129,50,1),(2403,'2025-04-22','21:00:00.000000',114,39,1),(2404,'2025-04-22','21:00:00.000000',89,49,1),(2405,'2025-04-22','21:00:00.000000',77,38,1),(2406,'2025-04-22','21:00:00.000000',101,48,1),(2407,'2025-04-22','21:00:00.000000',58,47,1),(2408,'2025-04-23','09:00:00.000000',60,49,1),(2409,'2025-04-23','09:00:00.000000',106,47,1),(2410,'2025-04-23','09:00:00.000000',97,46,1),(2411,'2025-04-23','09:00:00.000000',128,48,1),(2412,'2025-04-23','09:00:00.000000',57,39,1),(2413,'2025-04-23','09:00:00.000000',119,38,1),(2414,'2025-04-23','09:00:00.000000',99,9,1),(2415,'2025-04-23','09:00:00.000000',71,27,1),(2416,'2025-04-23','09:00:00.000000',59,36,1),(2417,'2025-04-23','09:00:00.000000',132,26,1),(2418,'2025-04-23','09:00:00.000000',146,17,1),(2419,'2025-04-23','09:00:00.000000',83,7,1),(2420,'2025-04-23','09:00:00.000000',60,19,1),(2421,'2025-04-23','09:00:00.000000',75,28,1),(2422,'2025-04-23','09:00:00.000000',66,6,1),(2423,'2025-04-23','09:00:00.000000',64,8,1),(2424,'2025-04-23','09:00:00.000000',143,37,1),(2425,'2025-04-23','09:00:00.000000',118,18,1),(2426,'2025-04-23','09:00:00.000000',95,16,1),(2427,'2025-04-23','09:00:00.000000',95,29,1),(2428,'2025-04-23','13:00:00.000000',104,8,1),(2429,'2025-04-23','13:00:00.000000',123,27,1),(2430,'2025-04-23','13:00:00.000000',59,26,1),(2431,'2025-04-23','13:00:00.000000',68,36,1),(2432,'2025-04-23','13:00:00.000000',64,17,1),(2433,'2025-04-23','13:00:00.000000',133,16,1),(2434,'2025-04-23','13:00:00.000000',137,18,1),(2435,'2025-04-23','13:00:00.000000',124,7,1),(2436,'2025-04-23','13:00:00.000000',69,29,1),(2437,'2025-04-23','13:00:00.000000',124,9,1),(2438,'2025-04-23','13:00:00.000000',53,37,1),(2439,'2025-04-23','13:00:00.000000',81,28,1),(2440,'2025-04-23','13:00:00.000000',140,6,1),(2441,'2025-04-23','13:00:00.000000',76,19,1),(2442,'2025-04-23','13:00:00.000000',103,48,1),(2443,'2025-04-23','13:00:00.000000',78,39,1),(2444,'2025-04-23','13:00:00.000000',90,47,1),(2445,'2025-04-23','13:00:00.000000',118,49,1),(2446,'2025-04-23','13:00:00.000000',76,38,1),(2447,'2025-04-23','13:00:00.000000',127,46,1),(2448,'2025-04-23','17:00:00.000000',99,47,1),(2449,'2025-04-23','17:00:00.000000',61,39,1),(2450,'2025-04-23','17:00:00.000000',113,48,1),(2451,'2025-04-23','17:00:00.000000',137,38,1),(2452,'2025-04-23','17:00:00.000000',129,46,1),(2453,'2025-04-23','17:00:00.000000',61,49,1),(2454,'2025-04-23','17:00:00.000000',72,18,1),(2455,'2025-04-23','17:00:00.000000',134,29,1),(2456,'2025-04-23','17:00:00.000000',107,16,1),(2457,'2025-04-23','17:00:00.000000',108,17,1),(2458,'2025-04-23','17:00:00.000000',59,28,1),(2459,'2025-04-23','17:00:00.000000',57,19,1),(2460,'2025-04-23','17:00:00.000000',65,27,1),(2461,'2025-04-23','17:00:00.000000',129,7,1),(2462,'2025-04-23','17:00:00.000000',124,37,1),(2463,'2025-04-23','17:00:00.000000',128,6,1),(2464,'2025-04-23','17:00:00.000000',68,8,1),(2465,'2025-04-23','17:00:00.000000',72,26,1),(2466,'2025-04-23','17:00:00.000000',143,36,1),(2467,'2025-04-23','17:00:00.000000',90,9,1),(2468,'2025-04-23','21:00:00.000000',93,9,1),(2469,'2025-04-23','21:00:00.000000',120,19,1),(2470,'2025-04-23','21:00:00.000000',92,18,1),(2471,'2025-04-23','21:00:00.000000',89,28,1),(2472,'2025-04-23','21:00:00.000000',52,16,1),(2473,'2025-04-23','21:00:00.000000',50,29,1),(2474,'2025-04-23','21:00:00.000000',118,27,1),(2475,'2025-04-23','21:00:00.000000',96,8,1),(2476,'2025-04-23','21:00:00.000000',99,36,1),(2477,'2025-04-23','21:00:00.000000',117,6,1),(2478,'2025-04-23','21:00:00.000000',57,7,1),(2479,'2025-04-23','21:00:00.000000',142,17,1),(2480,'2025-04-23','21:00:00.000000',106,37,1),(2481,'2025-04-23','21:00:00.000000',50,26,1),(2482,'2025-04-23','21:00:00.000000',122,46,1),(2483,'2025-04-23','21:00:00.000000',112,49,1),(2484,'2025-04-23','21:00:00.000000',137,48,1),(2485,'2025-04-23','21:00:00.000000',92,39,1),(2486,'2025-04-23','21:00:00.000000',85,47,1),(2487,'2025-04-23','21:00:00.000000',120,38,1),(2488,'2025-04-24','09:00:00.000000',100,48,1),(2489,'2025-04-24','09:00:00.000000',114,38,1),(2490,'2025-04-24','09:00:00.000000',71,46,1),(2491,'2025-04-24','09:00:00.000000',76,47,1),(2492,'2025-04-24','09:00:00.000000',147,45,1),(2493,'2025-04-24','09:00:00.000000',93,27,1),(2494,'2025-04-24','09:00:00.000000',96,25,1),(2495,'2025-04-24','09:00:00.000000',117,17,1),(2496,'2025-04-24','09:00:00.000000',107,6,1),(2497,'2025-04-24','09:00:00.000000',79,18,1),(2498,'2025-04-24','09:00:00.000000',110,7,1),(2499,'2025-04-24','09:00:00.000000',118,26,1),(2500,'2025-04-24','09:00:00.000000',96,16,1),(2501,'2025-04-24','09:00:00.000000',98,37,1),(2502,'2025-04-24','09:00:00.000000',96,36,1),(2503,'2025-04-24','09:00:00.000000',83,28,1),(2504,'2025-04-24','09:00:00.000000',117,5,1),(2505,'2025-04-24','09:00:00.000000',107,35,1),(2506,'2025-04-24','09:00:00.000000',126,15,1),(2507,'2025-04-24','09:00:00.000000',149,8,1),(2508,'2025-04-24','13:00:00.000000',130,8,1),(2509,'2025-04-24','13:00:00.000000',94,27,1),(2510,'2025-04-24','13:00:00.000000',102,37,1),(2511,'2025-04-24','13:00:00.000000',134,35,1),(2512,'2025-04-24','13:00:00.000000',59,7,1),(2513,'2025-04-24','13:00:00.000000',73,25,1),(2514,'2025-04-24','13:00:00.000000',121,26,1),(2515,'2025-04-24','13:00:00.000000',112,28,1),(2516,'2025-04-24','13:00:00.000000',67,17,1),(2517,'2025-04-24','13:00:00.000000',73,5,1),(2518,'2025-04-24','13:00:00.000000',99,16,1),(2519,'2025-04-24','13:00:00.000000',85,36,1),(2520,'2025-04-24','13:00:00.000000',94,18,1),(2521,'2025-04-24','13:00:00.000000',144,6,1),(2522,'2025-04-24','13:00:00.000000',145,15,1),(2523,'2025-04-24','13:00:00.000000',51,48,1),(2524,'2025-04-24','13:00:00.000000',124,38,1),(2525,'2025-04-24','13:00:00.000000',112,46,1),(2526,'2025-04-24','13:00:00.000000',88,47,1),(2527,'2025-04-24','13:00:00.000000',79,45,1),(2528,'2025-04-24','17:00:00.000000',68,48,1),(2529,'2025-04-24','17:00:00.000000',86,38,1),(2530,'2025-04-24','17:00:00.000000',147,46,1),(2531,'2025-04-24','17:00:00.000000',133,45,1),(2532,'2025-04-24','17:00:00.000000',72,47,1),(2533,'2025-04-24','17:00:00.000000',142,28,1),(2534,'2025-04-24','17:00:00.000000',109,27,1),(2535,'2025-04-24','17:00:00.000000',147,18,1),(2536,'2025-04-24','17:00:00.000000',57,17,1),(2537,'2025-04-24','17:00:00.000000',84,16,1),(2538,'2025-04-24','17:00:00.000000',116,15,1),(2539,'2025-04-24','17:00:00.000000',67,5,1),(2540,'2025-04-24','17:00:00.000000',105,35,1),(2541,'2025-04-24','17:00:00.000000',93,36,1),(2542,'2025-04-24','17:00:00.000000',113,26,1),(2543,'2025-04-24','17:00:00.000000',51,8,1),(2544,'2025-04-24','17:00:00.000000',54,37,1),(2545,'2025-04-24','17:00:00.000000',55,6,1),(2546,'2025-04-24','17:00:00.000000',79,7,1),(2547,'2025-04-24','17:00:00.000000',74,25,1),(2548,'2025-04-24','21:00:00.000000',134,27,1),(2549,'2025-04-24','21:00:00.000000',82,25,1),(2550,'2025-04-24','21:00:00.000000',132,26,1),(2551,'2025-04-24','21:00:00.000000',89,17,1),(2552,'2025-04-24','21:00:00.000000',83,28,1),(2553,'2025-04-24','21:00:00.000000',96,7,1),(2554,'2025-04-24','21:00:00.000000',123,16,1),(2555,'2025-04-24','21:00:00.000000',107,37,1),(2556,'2025-04-24','21:00:00.000000',129,15,1),(2557,'2025-04-24','21:00:00.000000',58,8,1),(2558,'2025-04-24','21:00:00.000000',130,18,1),(2559,'2025-04-24','21:00:00.000000',61,6,1),(2560,'2025-04-24','21:00:00.000000',113,35,1),(2561,'2025-04-24','21:00:00.000000',144,36,1),(2562,'2025-04-24','21:00:00.000000',104,5,1),(2563,'2025-04-24','21:00:00.000000',79,45,1),(2564,'2025-04-24','21:00:00.000000',58,46,1),(2565,'2025-04-24','21:00:00.000000',108,47,1),(2566,'2025-04-24','21:00:00.000000',80,48,1),(2567,'2025-04-24','21:00:00.000000',119,38,1),(2568,'2025-04-25','09:00:00.000000',135,44,1),(2569,'2025-04-25','09:00:00.000000',82,45,1),(2570,'2025-04-25','09:00:00.000000',69,46,1),(2571,'2025-04-25','09:00:00.000000',99,47,1),(2572,'2025-04-25','09:00:00.000000',93,24,1),(2573,'2025-04-25','09:00:00.000000',121,15,1),(2574,'2025-04-25','09:00:00.000000',135,14,1),(2575,'2025-04-25','09:00:00.000000',132,37,1),(2576,'2025-04-25','09:00:00.000000',130,26,1),(2577,'2025-04-25','09:00:00.000000',103,25,1),(2578,'2025-04-25','09:00:00.000000',115,6,1),(2579,'2025-04-25','09:00:00.000000',114,27,1),(2580,'2025-04-25','09:00:00.000000',149,36,1),(2581,'2025-04-25','09:00:00.000000',86,7,1),(2582,'2025-04-25','09:00:00.000000',79,35,1),(2583,'2025-04-25','09:00:00.000000',148,5,1),(2584,'2025-04-25','09:00:00.000000',90,34,1),(2585,'2025-04-25','09:00:00.000000',75,16,1),(2586,'2025-04-25','09:00:00.000000',128,17,1),(2587,'2025-04-25','09:00:00.000000',113,4,1),(2588,'2025-04-25','13:00:00.000000',147,7,1),(2589,'2025-04-25','13:00:00.000000',125,26,1),(2590,'2025-04-25','13:00:00.000000',94,37,1),(2591,'2025-04-25','13:00:00.000000',147,36,1),(2592,'2025-04-25','13:00:00.000000',135,27,1),(2593,'2025-04-25','13:00:00.000000',57,35,1),(2594,'2025-04-25','13:00:00.000000',132,34,1),(2595,'2025-04-25','13:00:00.000000',121,17,1),(2596,'2025-04-25','13:00:00.000000',100,14,1),(2597,'2025-04-25','13:00:00.000000',85,5,1),(2598,'2025-04-25','13:00:00.000000',71,6,1),(2599,'2025-04-25','13:00:00.000000',57,16,1),(2600,'2025-04-25','13:00:00.000000',93,24,1),(2601,'2025-04-25','13:00:00.000000',114,4,1),(2602,'2025-04-25','13:00:00.000000',100,25,1),(2603,'2025-04-25','13:00:00.000000',137,15,1),(2604,'2025-04-25','13:00:00.000000',53,46,1),(2605,'2025-04-25','13:00:00.000000',80,45,1),(2606,'2025-04-25','13:00:00.000000',99,47,1),(2607,'2025-04-25','13:00:00.000000',93,44,1),(2608,'2025-04-25','17:00:00.000000',93,44,1),(2609,'2025-04-25','17:00:00.000000',82,46,1),(2610,'2025-04-25','17:00:00.000000',149,47,1),(2611,'2025-04-25','17:00:00.000000',55,45,1),(2612,'2025-04-25','17:00:00.000000',139,14,1),(2613,'2025-04-25','17:00:00.000000',75,17,1),(2614,'2025-04-25','17:00:00.000000',120,16,1),(2615,'2025-04-25','17:00:00.000000',137,27,1),(2616,'2025-04-25','17:00:00.000000',129,37,1),(2617,'2025-04-25','17:00:00.000000',74,24,1),(2618,'2025-04-25','17:00:00.000000',136,4,1),(2619,'2025-04-25','17:00:00.000000',105,15,1),(2620,'2025-04-25','17:00:00.000000',81,26,1),(2621,'2025-04-25','17:00:00.000000',116,25,1),(2622,'2025-04-25','17:00:00.000000',52,35,1),(2623,'2025-04-25','17:00:00.000000',96,6,1),(2624,'2025-04-25','17:00:00.000000',76,5,1),(2625,'2025-04-25','17:00:00.000000',106,34,1),(2626,'2025-04-25','17:00:00.000000',133,7,1),(2627,'2025-04-25','17:00:00.000000',145,36,1),(2628,'2025-04-25','21:00:00.000000',72,4,1),(2629,'2025-04-25','21:00:00.000000',115,14,1),(2630,'2025-04-25','21:00:00.000000',135,17,1),(2631,'2025-04-25','21:00:00.000000',131,16,1),(2632,'2025-04-25','21:00:00.000000',77,36,1),(2633,'2025-04-25','21:00:00.000000',147,15,1),(2634,'2025-04-25','21:00:00.000000',115,5,1),(2635,'2025-04-25','21:00:00.000000',85,35,1),(2636,'2025-04-25','21:00:00.000000',149,34,1),(2637,'2025-04-25','21:00:00.000000',122,7,1),(2638,'2025-04-25','21:00:00.000000',111,25,1),(2639,'2025-04-25','21:00:00.000000',53,6,1),(2640,'2025-04-25','21:00:00.000000',133,27,1),(2641,'2025-04-25','21:00:00.000000',76,24,1),(2642,'2025-04-25','21:00:00.000000',77,26,1),(2643,'2025-04-25','21:00:00.000000',135,37,1),(2644,'2025-04-25','21:00:00.000000',142,44,1),(2645,'2025-04-25','21:00:00.000000',69,46,1),(2646,'2025-04-25','21:00:00.000000',65,47,1),(2647,'2025-04-25','21:00:00.000000',149,45,1),(2648,'2025-04-26','09:00:00.000000',77,46,1),(2649,'2025-04-26','09:00:00.000000',95,44,1),(2650,'2025-04-26','09:00:00.000000',58,43,1),(2651,'2025-04-26','09:00:00.000000',64,45,1),(2652,'2025-04-26','09:00:00.000000',111,6,1),(2653,'2025-04-26','09:00:00.000000',145,26,1),(2654,'2025-04-26','09:00:00.000000',136,35,1),(2655,'2025-04-26','09:00:00.000000',87,3,1),(2656,'2025-04-26','09:00:00.000000',73,34,1),(2657,'2025-04-26','09:00:00.000000',102,33,1),(2658,'2025-04-26','09:00:00.000000',137,36,1),(2659,'2025-04-26','09:00:00.000000',113,5,1),(2660,'2025-04-26','09:00:00.000000',112,25,1),(2661,'2025-04-26','09:00:00.000000',74,16,1),(2662,'2025-04-26','09:00:00.000000',141,15,1),(2663,'2025-04-26','09:00:00.000000',99,13,1),(2664,'2025-04-26','09:00:00.000000',102,24,1),(2665,'2025-04-26','09:00:00.000000',82,14,1),(2666,'2025-04-26','09:00:00.000000',80,23,1),(2667,'2025-04-26','09:00:00.000000',96,4,1),(2668,'2025-04-26','13:00:00.000000',81,26,1),(2669,'2025-04-26','13:00:00.000000',139,36,1),(2670,'2025-04-26','13:00:00.000000',117,15,1),(2671,'2025-04-26','13:00:00.000000',76,6,1),(2672,'2025-04-26','13:00:00.000000',148,13,1),(2673,'2025-04-26','13:00:00.000000',124,35,1),(2674,'2025-04-26','13:00:00.000000',52,14,1),(2675,'2025-04-26','13:00:00.000000',92,4,1),(2676,'2025-04-26','13:00:00.000000',96,3,1),(2677,'2025-04-26','13:00:00.000000',137,23,1),(2678,'2025-04-26','13:00:00.000000',115,34,1),(2679,'2025-04-26','13:00:00.000000',146,25,1),(2680,'2025-04-26','13:00:00.000000',148,24,1),(2681,'2025-04-26','13:00:00.000000',61,16,1),(2682,'2025-04-26','13:00:00.000000',53,33,1),(2683,'2025-04-26','13:00:00.000000',116,5,1),(2684,'2025-04-26','13:00:00.000000',74,45,1),(2685,'2025-04-26','13:00:00.000000',95,44,1),(2686,'2025-04-26','13:00:00.000000',106,46,1),(2687,'2025-04-26','13:00:00.000000',52,43,1),(2688,'2025-04-26','17:00:00.000000',118,45,1),(2689,'2025-04-26','17:00:00.000000',77,44,1),(2690,'2025-04-26','17:00:00.000000',134,46,1),(2691,'2025-04-26','17:00:00.000000',50,43,1),(2692,'2025-04-26','17:00:00.000000',71,4,1),(2693,'2025-04-26','17:00:00.000000',73,5,1),(2694,'2025-04-26','17:00:00.000000',76,14,1),(2695,'2025-04-26','17:00:00.000000',53,23,1),(2696,'2025-04-26','17:00:00.000000',64,13,1),(2697,'2025-04-26','17:00:00.000000',63,24,1),(2698,'2025-04-26','17:00:00.000000',57,25,1),(2699,'2025-04-26','17:00:00.000000',73,6,1),(2700,'2025-04-26','17:00:00.000000',148,3,1),(2701,'2025-04-26','17:00:00.000000',103,26,1),(2702,'2025-04-26','17:00:00.000000',94,16,1),(2703,'2025-04-26','17:00:00.000000',69,36,1),(2704,'2025-04-26','17:00:00.000000',78,35,1),(2705,'2025-04-26','17:00:00.000000',99,15,1),(2706,'2025-04-26','17:00:00.000000',104,33,1),(2707,'2025-04-26','17:00:00.000000',117,34,1),(2708,'2025-04-26','21:00:00.000000',54,16,1),(2709,'2025-04-26','21:00:00.000000',72,4,1),(2710,'2025-04-26','21:00:00.000000',133,5,1),(2711,'2025-04-26','21:00:00.000000',129,26,1),(2712,'2025-04-26','21:00:00.000000',64,3,1),(2713,'2025-04-26','21:00:00.000000',73,35,1),(2714,'2025-04-26','21:00:00.000000',113,6,1),(2715,'2025-04-26','21:00:00.000000',108,34,1),(2716,'2025-04-26','21:00:00.000000',63,25,1),(2717,'2025-04-26','21:00:00.000000',139,33,1),(2718,'2025-04-26','21:00:00.000000',138,24,1),(2719,'2025-04-26','21:00:00.000000',142,15,1),(2720,'2025-04-26','21:00:00.000000',107,13,1),(2721,'2025-04-26','21:00:00.000000',92,23,1),(2722,'2025-04-26','21:00:00.000000',53,36,1),(2723,'2025-04-26','21:00:00.000000',126,14,1),(2724,'2025-04-26','21:00:00.000000',83,43,1),(2725,'2025-04-26','21:00:00.000000',138,46,1),(2726,'2025-04-26','21:00:00.000000',146,44,1),(2727,'2025-04-26','21:00:00.000000',123,45,1),(2728,'2025-03-28','09:00:00.000000',51,41,2),(2729,'2025-03-28','09:00:00.000000',139,44,2),(2730,'2025-03-28','09:00:00.000000',141,42,2),(2731,'2025-03-28','09:00:00.000000',117,43,2),(2732,'2025-03-28','09:00:00.000000',103,23,2),(2733,'2025-03-28','09:00:00.000000',133,24,2),(2734,'2025-03-28','09:00:00.000000',109,34,2),(2735,'2025-03-28','09:00:00.000000',86,33,2),(2736,'2025-03-28','09:00:00.000000',56,31,2),(2737,'2025-03-28','09:00:00.000000',75,32,2),(2738,'2025-03-28','09:00:00.000000',77,21,2),(2739,'2025-03-28','09:00:00.000000',124,1,2),(2740,'2025-03-28','09:00:00.000000',110,13,2),(2741,'2025-03-28','09:00:00.000000',122,11,2),(2742,'2025-03-28','09:00:00.000000',83,12,2),(2743,'2025-03-28','09:00:00.000000',122,14,2),(2744,'2025-03-28','09:00:00.000000',122,22,2),(2745,'2025-03-28','09:00:00.000000',93,3,2),(2746,'2025-03-28','09:00:00.000000',115,4,2),(2747,'2025-03-28','09:00:00.000000',148,2,2),(2748,'2025-03-28','13:00:00.000000',101,4,2),(2749,'2025-03-28','13:00:00.000000',146,21,2),(2750,'2025-03-28','13:00:00.000000',72,12,2),(2751,'2025-03-28','13:00:00.000000',66,1,2),(2752,'2025-03-28','13:00:00.000000',107,2,2),(2753,'2025-03-28','13:00:00.000000',129,22,2),(2754,'2025-03-28','13:00:00.000000',53,14,2),(2755,'2025-03-28','13:00:00.000000',131,3,2),(2756,'2025-03-28','13:00:00.000000',112,13,2),(2757,'2025-03-28','13:00:00.000000',112,11,2),(2758,'2025-03-28','13:00:00.000000',119,32,2),(2759,'2025-03-28','13:00:00.000000',129,23,2),(2760,'2025-03-28','13:00:00.000000',103,33,2),(2761,'2025-03-28','13:00:00.000000',85,24,2),(2762,'2025-03-28','13:00:00.000000',90,31,2),(2763,'2025-03-28','13:00:00.000000',110,34,2),(2764,'2025-03-28','13:00:00.000000',67,41,2),(2765,'2025-03-28','13:00:00.000000',90,44,2),(2766,'2025-03-28','13:00:00.000000',86,43,2),(2767,'2025-03-28','13:00:00.000000',104,42,2),(2768,'2025-03-28','17:00:00.000000',88,43,2),(2769,'2025-03-28','17:00:00.000000',54,44,2),(2770,'2025-03-28','17:00:00.000000',77,42,2),(2771,'2025-03-28','17:00:00.000000',144,41,2),(2772,'2025-03-28','17:00:00.000000',64,34,2),(2773,'2025-03-28','17:00:00.000000',64,23,2),(2774,'2025-03-28','17:00:00.000000',81,31,2),(2775,'2025-03-28','17:00:00.000000',114,24,2),(2776,'2025-03-28','17:00:00.000000',59,33,2),(2777,'2025-03-28','17:00:00.000000',123,32,2),(2778,'2025-03-28','17:00:00.000000',57,22,2),(2779,'2025-03-28','17:00:00.000000',51,1,2),(2780,'2025-03-28','17:00:00.000000',145,2,2),(2781,'2025-03-28','17:00:00.000000',129,11,2),(2782,'2025-03-28','17:00:00.000000',101,21,2),(2783,'2025-03-28','17:00:00.000000',142,12,2),(2784,'2025-03-28','17:00:00.000000',147,4,2),(2785,'2025-03-28','17:00:00.000000',64,14,2),(2786,'2025-03-28','17:00:00.000000',138,3,2),(2787,'2025-03-28','17:00:00.000000',133,13,2),(2788,'2025-03-28','21:00:00.000000',95,11,2),(2789,'2025-03-28','21:00:00.000000',101,13,2),(2790,'2025-03-28','21:00:00.000000',90,2,2),(2791,'2025-03-28','21:00:00.000000',104,21,2),(2792,'2025-03-28','21:00:00.000000',81,1,2),(2793,'2025-03-28','21:00:00.000000',95,4,2),(2794,'2025-03-28','21:00:00.000000',103,3,2),(2795,'2025-03-28','21:00:00.000000',103,22,2),(2796,'2025-03-28','21:00:00.000000',129,12,2),(2797,'2025-03-28','21:00:00.000000',72,14,2),(2798,'2025-03-28','21:00:00.000000',79,24,2),(2799,'2025-03-28','21:00:00.000000',87,34,2),(2800,'2025-03-28','21:00:00.000000',148,33,2),(2801,'2025-03-28','21:00:00.000000',81,23,2),(2802,'2025-03-28','21:00:00.000000',116,32,2),(2803,'2025-03-28','21:00:00.000000',56,31,2),(2804,'2025-03-28','21:00:00.000000',143,42,2),(2805,'2025-03-28','21:00:00.000000',76,44,2),(2806,'2025-03-28','21:00:00.000000',102,41,2),(2807,'2025-03-28','21:00:00.000000',68,43,2),(2808,'2025-03-29','09:00:00.000000',93,43,2),(2809,'2025-03-29','09:00:00.000000',142,42,2),(2810,'2025-03-29','09:00:00.000000',124,41,2),(2811,'2025-03-29','09:00:00.000000',61,40,2),(2812,'2025-03-29','09:00:00.000000',72,50,2),(2813,'2025-03-29','09:00:00.000000',99,23,2),(2814,'2025-03-29','09:00:00.000000',54,31,2),(2815,'2025-03-29','09:00:00.000000',136,30,2),(2816,'2025-03-29','09:00:00.000000',61,32,2),(2817,'2025-03-29','09:00:00.000000',72,33,2),(2818,'2025-03-29','09:00:00.000000',92,10,2),(2819,'2025-03-29','09:00:00.000000',122,20,2),(2820,'2025-03-29','09:00:00.000000',100,22,2),(2821,'2025-03-29','09:00:00.000000',79,2,2),(2822,'2025-03-29','09:00:00.000000',86,21,2),(2823,'2025-03-29','09:00:00.000000',74,11,2),(2824,'2025-03-29','09:00:00.000000',62,3,2),(2825,'2025-03-29','09:00:00.000000',102,12,2),(2826,'2025-03-29','09:00:00.000000',92,13,2),(2827,'2025-03-29','09:00:00.000000',101,1,2),(2828,'2025-03-29','13:00:00.000000',66,2,2),(2829,'2025-03-29','13:00:00.000000',80,22,2),(2830,'2025-03-29','13:00:00.000000',132,11,2),(2831,'2025-03-29','13:00:00.000000',62,12,2),(2832,'2025-03-29','13:00:00.000000',90,20,2),(2833,'2025-03-29','13:00:00.000000',114,3,2),(2834,'2025-03-29','13:00:00.000000',114,21,2),(2835,'2025-03-29','13:00:00.000000',69,10,2),(2836,'2025-03-29','13:00:00.000000',121,13,2),(2837,'2025-03-29','13:00:00.000000',57,1,2),(2838,'2025-03-29','13:00:00.000000',114,23,2),(2839,'2025-03-29','13:00:00.000000',147,30,2),(2840,'2025-03-29','13:00:00.000000',114,31,2),(2841,'2025-03-29','13:00:00.000000',106,32,2),(2842,'2025-03-29','13:00:00.000000',119,33,2),(2843,'2025-03-29','13:00:00.000000',116,43,2),(2844,'2025-03-29','13:00:00.000000',143,40,2),(2845,'2025-03-29','13:00:00.000000',148,41,2),(2846,'2025-03-29','13:00:00.000000',99,42,2),(2847,'2025-03-29','13:00:00.000000',72,50,2),(2848,'2025-03-29','17:00:00.000000',78,43,2),(2849,'2025-03-29','17:00:00.000000',135,40,2),(2850,'2025-03-29','17:00:00.000000',146,50,2),(2851,'2025-03-29','17:00:00.000000',122,41,2),(2852,'2025-03-29','17:00:00.000000',134,42,2),(2853,'2025-03-29','17:00:00.000000',141,23,2),(2854,'2025-03-29','17:00:00.000000',83,30,2),(2855,'2025-03-29','17:00:00.000000',57,33,2),(2856,'2025-03-29','17:00:00.000000',73,32,2),(2857,'2025-03-29','17:00:00.000000',90,31,2),(2858,'2025-03-29','17:00:00.000000',112,11,2),(2859,'2025-03-29','17:00:00.000000',112,21,2),(2860,'2025-03-29','17:00:00.000000',145,1,2),(2861,'2025-03-29','17:00:00.000000',52,12,2),(2862,'2025-03-29','17:00:00.000000',125,20,2),(2863,'2025-03-29','17:00:00.000000',54,13,2),(2864,'2025-03-29','17:00:00.000000',87,3,2),(2865,'2025-03-29','17:00:00.000000',149,22,2),(2866,'2025-03-29','17:00:00.000000',134,10,2),(2867,'2025-03-29','17:00:00.000000',66,2,2),(2868,'2025-03-29','21:00:00.000000',73,22,2),(2869,'2025-03-29','21:00:00.000000',67,13,2),(2870,'2025-03-29','21:00:00.000000',129,20,2),(2871,'2025-03-29','21:00:00.000000',123,3,2),(2872,'2025-03-29','21:00:00.000000',72,2,2),(2873,'2025-03-29','21:00:00.000000',99,21,2),(2874,'2025-03-29','21:00:00.000000',51,10,2),(2875,'2025-03-29','21:00:00.000000',50,12,2),(2876,'2025-03-29','21:00:00.000000',126,11,2),(2877,'2025-03-29','21:00:00.000000',73,1,2),(2878,'2025-03-29','21:00:00.000000',73,33,2),(2879,'2025-03-29','21:00:00.000000',69,32,2),(2880,'2025-03-29','21:00:00.000000',62,31,2),(2881,'2025-03-29','21:00:00.000000',106,30,2),(2882,'2025-03-29','21:00:00.000000',80,23,2),(2883,'2025-03-29','21:00:00.000000',141,42,2),(2884,'2025-03-29','21:00:00.000000',105,41,2),(2885,'2025-03-29','21:00:00.000000',136,50,2),(2886,'2025-03-29','21:00:00.000000',61,40,2),(2887,'2025-03-29','21:00:00.000000',76,43,2),(2888,'2025-03-30','09:00:00.000000',77,40,2),(2889,'2025-03-30','09:00:00.000000',70,42,2),(2890,'2025-03-30','09:00:00.000000',129,41,2),(2891,'2025-03-30','09:00:00.000000',101,39,2),(2892,'2025-03-30','09:00:00.000000',119,49,2),(2893,'2025-03-30','09:00:00.000000',135,50,2),(2894,'2025-03-30','09:00:00.000000',54,29,2),(2895,'2025-03-30','09:00:00.000000',103,31,2),(2896,'2025-03-30','09:00:00.000000',98,32,2),(2897,'2025-03-30','09:00:00.000000',84,30,2),(2898,'2025-03-30','09:00:00.000000',118,11,2),(2899,'2025-03-30','09:00:00.000000',61,12,2),(2900,'2025-03-30','09:00:00.000000',134,19,2),(2901,'2025-03-30','09:00:00.000000',81,2,2),(2902,'2025-03-30','09:00:00.000000',70,1,2),(2903,'2025-03-30','09:00:00.000000',73,22,2),(2904,'2025-03-30','09:00:00.000000',63,21,2),(2905,'2025-03-30','09:00:00.000000',146,20,2),(2906,'2025-03-30','09:00:00.000000',101,9,2),(2907,'2025-03-30','09:00:00.000000',132,10,2),(2908,'2025-03-30','13:00:00.000000',95,22,2),(2909,'2025-03-30','13:00:00.000000',138,9,2),(2910,'2025-03-30','13:00:00.000000',144,19,2),(2911,'2025-03-30','13:00:00.000000',59,12,2),(2912,'2025-03-30','13:00:00.000000',107,20,2),(2913,'2025-03-30','13:00:00.000000',137,10,2),(2914,'2025-03-30','13:00:00.000000',125,2,2),(2915,'2025-03-30','13:00:00.000000',93,11,2),(2916,'2025-03-30','13:00:00.000000',53,21,2),(2917,'2025-03-30','13:00:00.000000',146,1,2),(2918,'2025-03-30','13:00:00.000000',132,29,2),(2919,'2025-03-30','13:00:00.000000',149,31,2),(2920,'2025-03-30','13:00:00.000000',147,32,2),(2921,'2025-03-30','13:00:00.000000',142,30,2),(2922,'2025-03-30','13:00:00.000000',141,40,2),(2923,'2025-03-30','13:00:00.000000',146,42,2),(2924,'2025-03-30','13:00:00.000000',52,39,2),(2925,'2025-03-30','13:00:00.000000',75,41,2),(2926,'2025-03-30','13:00:00.000000',124,50,2),(2927,'2025-03-30','13:00:00.000000',93,49,2),(2928,'2025-03-30','17:00:00.000000',93,40,2),(2929,'2025-03-30','17:00:00.000000',136,42,2),(2930,'2025-03-30','17:00:00.000000',99,41,2),(2931,'2025-03-30','17:00:00.000000',112,50,2),(2932,'2025-03-30','17:00:00.000000',132,49,2),(2933,'2025-03-30','17:00:00.000000',136,39,2),(2934,'2025-03-30','17:00:00.000000',92,30,2),(2935,'2025-03-30','17:00:00.000000',53,29,2),(2936,'2025-03-30','17:00:00.000000',65,31,2),(2937,'2025-03-30','17:00:00.000000',63,32,2),(2938,'2025-03-30','17:00:00.000000',147,20,2),(2939,'2025-03-30','17:00:00.000000',70,1,2),(2940,'2025-03-30','17:00:00.000000',112,19,2),(2941,'2025-03-30','17:00:00.000000',128,12,2),(2942,'2025-03-30','17:00:00.000000',65,2,2),(2943,'2025-03-30','17:00:00.000000',83,21,2),(2944,'2025-03-30','17:00:00.000000',146,9,2),(2945,'2025-03-30','17:00:00.000000',65,11,2),(2946,'2025-03-30','17:00:00.000000',117,22,2),(2947,'2025-03-30','17:00:00.000000',100,10,2),(2948,'2025-03-30','21:00:00.000000',77,12,2),(2949,'2025-03-30','21:00:00.000000',51,2,2),(2950,'2025-03-30','21:00:00.000000',138,21,2),(2951,'2025-03-30','21:00:00.000000',93,20,2),(2952,'2025-03-30','21:00:00.000000',114,22,2),(2953,'2025-03-30','21:00:00.000000',128,11,2),(2954,'2025-03-30','21:00:00.000000',81,9,2),(2955,'2025-03-30','21:00:00.000000',85,1,2),(2956,'2025-03-30','21:00:00.000000',89,19,2),(2957,'2025-03-30','21:00:00.000000',105,10,2),(2958,'2025-03-30','21:00:00.000000',61,29,2),(2959,'2025-03-30','21:00:00.000000',139,32,2),(2960,'2025-03-30','21:00:00.000000',75,31,2),(2961,'2025-03-30','21:00:00.000000',90,30,2),(2962,'2025-03-30','21:00:00.000000',93,39,2),(2963,'2025-03-30','21:00:00.000000',96,50,2),(2964,'2025-03-30','21:00:00.000000',73,49,2),(2965,'2025-03-30','21:00:00.000000',62,42,2),(2966,'2025-03-30','21:00:00.000000',124,41,2),(2967,'2025-03-30','21:00:00.000000',125,40,2),(2968,'2025-03-31','09:00:00.000000',140,50,2),(2969,'2025-03-31','09:00:00.000000',86,38,2),(2970,'2025-03-31','09:00:00.000000',128,49,2),(2971,'2025-03-31','09:00:00.000000',50,41,2),(2972,'2025-03-31','09:00:00.000000',76,39,2),(2973,'2025-03-31','09:00:00.000000',144,48,2),(2974,'2025-03-31','09:00:00.000000',51,40,2),(2975,'2025-03-31','09:00:00.000000',76,30,2),(2976,'2025-03-31','09:00:00.000000',73,28,2),(2977,'2025-03-31','09:00:00.000000',141,31,2),(2978,'2025-03-31','09:00:00.000000',144,29,2),(2979,'2025-03-31','09:00:00.000000',59,19,2),(2980,'2025-03-31','09:00:00.000000',50,9,2),(2981,'2025-03-31','09:00:00.000000',100,20,2),(2982,'2025-03-31','09:00:00.000000',57,8,2),(2983,'2025-03-31','09:00:00.000000',96,10,2),(2984,'2025-03-31','09:00:00.000000',135,21,2),(2985,'2025-03-31','09:00:00.000000',85,11,2),(2986,'2025-03-31','09:00:00.000000',119,18,2),(2987,'2025-03-31','09:00:00.000000',60,1,2),(2988,'2025-03-31','13:00:00.000000',62,21,2),(2989,'2025-03-31','13:00:00.000000',59,11,2),(2990,'2025-03-31','13:00:00.000000',91,9,2),(2991,'2025-03-31','13:00:00.000000',92,20,2),(2992,'2025-03-31','13:00:00.000000',136,19,2),(2993,'2025-03-31','13:00:00.000000',68,10,2),(2994,'2025-03-31','13:00:00.000000',81,1,2),(2995,'2025-03-31','13:00:00.000000',74,8,2),(2996,'2025-03-31','13:00:00.000000',53,18,2),(2997,'2025-03-31','13:00:00.000000',134,31,2),(2998,'2025-03-31','13:00:00.000000',140,30,2),(2999,'2025-03-31','13:00:00.000000',101,29,2),(3000,'2025-03-31','13:00:00.000000',106,28,2),(3001,'2025-03-31','13:00:00.000000',85,41,2),(3002,'2025-03-31','13:00:00.000000',144,50,2),(3003,'2025-03-31','13:00:00.000000',118,38,2),(3004,'2025-03-31','13:00:00.000000',93,49,2),(3005,'2025-03-31','13:00:00.000000',103,48,2),(3006,'2025-03-31','13:00:00.000000',84,40,2),(3007,'2025-03-31','13:00:00.000000',148,39,2),(3008,'2025-03-31','17:00:00.000000',129,49,2),(3009,'2025-03-31','17:00:00.000000',73,40,2),(3010,'2025-03-31','17:00:00.000000',138,39,2),(3011,'2025-03-31','17:00:00.000000',51,38,2),(3012,'2025-03-31','17:00:00.000000',141,48,2),(3013,'2025-03-31','17:00:00.000000',111,50,2),(3014,'2025-03-31','17:00:00.000000',108,41,2),(3015,'2025-03-31','17:00:00.000000',125,30,2),(3016,'2025-03-31','17:00:00.000000',104,29,2),(3017,'2025-03-31','17:00:00.000000',127,31,2),(3018,'2025-03-31','17:00:00.000000',69,28,2),(3019,'2025-03-31','17:00:00.000000',65,10,2),(3020,'2025-03-31','17:00:00.000000',90,19,2),(3021,'2025-03-31','17:00:00.000000',103,20,2),(3022,'2025-03-31','17:00:00.000000',99,18,2),(3023,'2025-03-31','17:00:00.000000',54,8,2),(3024,'2025-03-31','17:00:00.000000',121,11,2),(3025,'2025-03-31','17:00:00.000000',108,21,2),(3026,'2025-03-31','17:00:00.000000',53,9,2),(3027,'2025-03-31','17:00:00.000000',65,1,2),(3028,'2025-03-31','21:00:00.000000',88,19,2),(3029,'2025-03-31','21:00:00.000000',64,18,2),(3030,'2025-03-31','21:00:00.000000',65,11,2),(3031,'2025-03-31','21:00:00.000000',65,1,2),(3032,'2025-03-31','21:00:00.000000',82,8,2),(3033,'2025-03-31','21:00:00.000000',58,20,2),(3034,'2025-03-31','21:00:00.000000',102,10,2),(3035,'2025-03-31','21:00:00.000000',110,21,2),(3036,'2025-03-31','21:00:00.000000',141,9,2),(3037,'2025-03-31','21:00:00.000000',97,28,2),(3038,'2025-03-31','21:00:00.000000',146,30,2),(3039,'2025-03-31','21:00:00.000000',123,29,2),(3040,'2025-03-31','21:00:00.000000',117,31,2),(3041,'2025-03-31','21:00:00.000000',117,48,2),(3042,'2025-03-31','21:00:00.000000',67,49,2),(3043,'2025-03-31','21:00:00.000000',53,50,2),(3044,'2025-03-31','21:00:00.000000',63,38,2),(3045,'2025-03-31','21:00:00.000000',98,39,2),(3046,'2025-03-31','21:00:00.000000',69,41,2),(3047,'2025-03-31','21:00:00.000000',111,40,2),(3048,'2025-04-01','09:00:00.000000',110,47,2),(3049,'2025-04-01','09:00:00.000000',60,49,2),(3050,'2025-04-01','09:00:00.000000',128,48,2),(3051,'2025-04-01','09:00:00.000000',64,39,2),(3052,'2025-04-01','09:00:00.000000',101,50,2),(3053,'2025-04-01','09:00:00.000000',52,40,2),(3054,'2025-04-01','09:00:00.000000',86,38,2),(3055,'2025-04-01','09:00:00.000000',99,37,2),(3056,'2025-04-01','09:00:00.000000',99,28,2),(3057,'2025-04-01','09:00:00.000000',119,27,2),(3058,'2025-04-01','09:00:00.000000',141,29,2),(3059,'2025-04-01','09:00:00.000000',137,30,2),(3060,'2025-04-01','09:00:00.000000',113,17,2),(3061,'2025-04-01','09:00:00.000000',114,20,2),(3062,'2025-04-01','09:00:00.000000',125,19,2),(3063,'2025-04-01','09:00:00.000000',131,7,2),(3064,'2025-04-01','09:00:00.000000',125,9,2),(3065,'2025-04-01','09:00:00.000000',87,8,2),(3066,'2025-04-01','09:00:00.000000',128,10,2),(3067,'2025-04-01','09:00:00.000000',128,18,2),(3068,'2025-04-01','13:00:00.000000',104,8,2),(3069,'2025-04-01','13:00:00.000000',128,7,2),(3070,'2025-04-01','13:00:00.000000',130,19,2),(3071,'2025-04-01','13:00:00.000000',70,20,2),(3072,'2025-04-01','13:00:00.000000',56,18,2),(3073,'2025-04-01','13:00:00.000000',88,9,2),(3074,'2025-04-01','13:00:00.000000',55,17,2),(3075,'2025-04-01','13:00:00.000000',130,10,2),(3076,'2025-04-01','13:00:00.000000',56,29,2),(3077,'2025-04-01','13:00:00.000000',139,28,2),(3078,'2025-04-01','13:00:00.000000',82,27,2),(3079,'2025-04-01','13:00:00.000000',104,30,2),(3080,'2025-04-01','13:00:00.000000',100,39,2),(3081,'2025-04-01','13:00:00.000000',83,49,2),(3082,'2025-04-01','13:00:00.000000',103,50,2),(3083,'2025-04-01','13:00:00.000000',90,48,2),(3084,'2025-04-01','13:00:00.000000',97,40,2),(3085,'2025-04-01','13:00:00.000000',148,47,2),(3086,'2025-04-01','13:00:00.000000',103,38,2),(3087,'2025-04-01','13:00:00.000000',105,37,2),(3088,'2025-04-01','17:00:00.000000',92,37,2),(3089,'2025-04-01','17:00:00.000000',63,39,2),(3090,'2025-04-01','17:00:00.000000',61,40,2),(3091,'2025-04-01','17:00:00.000000',127,47,2),(3092,'2025-04-01','17:00:00.000000',127,38,2),(3093,'2025-04-01','17:00:00.000000',125,48,2),(3094,'2025-04-01','17:00:00.000000',121,50,2),(3095,'2025-04-01','17:00:00.000000',135,49,2),(3096,'2025-04-01','17:00:00.000000',62,29,2),(3097,'2025-04-01','17:00:00.000000',114,27,2),(3098,'2025-04-01','17:00:00.000000',77,30,2),(3099,'2025-04-01','17:00:00.000000',116,28,2),(3100,'2025-04-01','17:00:00.000000',70,17,2),(3101,'2025-04-01','17:00:00.000000',134,18,2),(3102,'2025-04-01','17:00:00.000000',91,10,2),(3103,'2025-04-01','17:00:00.000000',122,9,2),(3104,'2025-04-01','17:00:00.000000',120,7,2),(3105,'2025-04-01','17:00:00.000000',61,8,2),(3106,'2025-04-01','17:00:00.000000',58,19,2),(3107,'2025-04-01','17:00:00.000000',130,20,2),(3108,'2025-04-01','21:00:00.000000',149,17,2),(3109,'2025-04-01','21:00:00.000000',88,18,2),(3110,'2025-04-01','21:00:00.000000',126,10,2),(3111,'2025-04-01','21:00:00.000000',137,19,2),(3112,'2025-04-01','21:00:00.000000',116,8,2),(3113,'2025-04-01','21:00:00.000000',124,9,2),(3114,'2025-04-01','21:00:00.000000',76,20,2),(3115,'2025-04-01','21:00:00.000000',107,7,2),(3116,'2025-04-01','21:00:00.000000',146,27,2),(3117,'2025-04-01','21:00:00.000000',111,30,2),(3118,'2025-04-01','21:00:00.000000',69,29,2),(3119,'2025-04-01','21:00:00.000000',97,28,2),(3120,'2025-04-01','21:00:00.000000',69,37,2),(3121,'2025-04-01','21:00:00.000000',61,48,2),(3122,'2025-04-01','21:00:00.000000',127,38,2),(3123,'2025-04-01','21:00:00.000000',118,50,2),(3124,'2025-04-01','21:00:00.000000',114,49,2),(3125,'2025-04-01','21:00:00.000000',113,47,2),(3126,'2025-04-01','21:00:00.000000',52,40,2),(3127,'2025-04-01','21:00:00.000000',88,39,2),(3128,'2025-04-02','09:00:00.000000',57,49,2),(3129,'2025-04-02','09:00:00.000000',63,46,2),(3130,'2025-04-02','09:00:00.000000',70,38,2),(3131,'2025-04-02','09:00:00.000000',105,37,2),(3132,'2025-04-02','09:00:00.000000',57,47,2),(3133,'2025-04-02','09:00:00.000000',80,39,2),(3134,'2025-04-02','09:00:00.000000',103,48,2),(3135,'2025-04-02','09:00:00.000000',64,36,2),(3136,'2025-04-02','09:00:00.000000',138,27,2),(3137,'2025-04-02','09:00:00.000000',68,26,2),(3138,'2025-04-02','09:00:00.000000',83,28,2),(3139,'2025-04-02','09:00:00.000000',135,29,2),(3140,'2025-04-02','09:00:00.000000',136,8,2),(3141,'2025-04-02','09:00:00.000000',54,18,2),(3142,'2025-04-02','09:00:00.000000',92,6,2),(3143,'2025-04-02','09:00:00.000000',52,9,2),(3144,'2025-04-02','09:00:00.000000',103,17,2),(3145,'2025-04-02','09:00:00.000000',111,7,2),(3146,'2025-04-02','09:00:00.000000',139,19,2),(3147,'2025-04-02','09:00:00.000000',81,16,2),(3148,'2025-04-02','13:00:00.000000',57,8,2),(3149,'2025-04-02','13:00:00.000000',57,9,2),(3150,'2025-04-02','13:00:00.000000',111,7,2),(3151,'2025-04-02','13:00:00.000000',113,6,2),(3152,'2025-04-02','13:00:00.000000',144,19,2),(3153,'2025-04-02','13:00:00.000000',90,18,2),(3154,'2025-04-02','13:00:00.000000',64,16,2),(3155,'2025-04-02','13:00:00.000000',77,17,2),(3156,'2025-04-02','13:00:00.000000',56,36,2),(3157,'2025-04-02','13:00:00.000000',105,26,2),(3158,'2025-04-02','13:00:00.000000',63,29,2),(3159,'2025-04-02','13:00:00.000000',121,28,2),(3160,'2025-04-02','13:00:00.000000',136,27,2),(3161,'2025-04-02','13:00:00.000000',146,39,2),(3162,'2025-04-02','13:00:00.000000',147,46,2),(3163,'2025-04-02','13:00:00.000000',95,38,2),(3164,'2025-04-02','13:00:00.000000',119,37,2),(3165,'2025-04-02','13:00:00.000000',85,48,2),(3166,'2025-04-02','13:00:00.000000',73,49,2),(3167,'2025-04-02','13:00:00.000000',58,47,2),(3168,'2025-04-02','17:00:00.000000',52,38,2),(3169,'2025-04-02','17:00:00.000000',94,47,2),(3170,'2025-04-02','17:00:00.000000',87,49,2),(3171,'2025-04-02','17:00:00.000000',58,48,2),(3172,'2025-04-02','17:00:00.000000',74,46,2),(3173,'2025-04-02','17:00:00.000000',113,37,2),(3174,'2025-04-02','17:00:00.000000',100,39,2),(3175,'2025-04-02','17:00:00.000000',76,29,2),(3176,'2025-04-02','17:00:00.000000',90,28,2),(3177,'2025-04-02','17:00:00.000000',69,26,2),(3178,'2025-04-02','17:00:00.000000',98,27,2),(3179,'2025-04-02','17:00:00.000000',90,36,2),(3180,'2025-04-02','17:00:00.000000',65,7,2),(3181,'2025-04-02','17:00:00.000000',77,17,2),(3182,'2025-04-02','17:00:00.000000',82,18,2),(3183,'2025-04-02','17:00:00.000000',74,6,2),(3184,'2025-04-02','17:00:00.000000',64,16,2),(3185,'2025-04-02','17:00:00.000000',127,9,2),(3186,'2025-04-02','17:00:00.000000',67,8,2),(3187,'2025-04-02','17:00:00.000000',111,19,2),(3188,'2025-04-02','21:00:00.000000',76,8,2),(3189,'2025-04-02','21:00:00.000000',110,9,2),(3190,'2025-04-02','21:00:00.000000',122,7,2),(3191,'2025-04-02','21:00:00.000000',87,19,2),(3192,'2025-04-02','21:00:00.000000',68,16,2),(3193,'2025-04-02','21:00:00.000000',123,18,2),(3194,'2025-04-02','21:00:00.000000',102,6,2),(3195,'2025-04-02','21:00:00.000000',53,17,2),(3196,'2025-04-02','21:00:00.000000',90,29,2),(3197,'2025-04-02','21:00:00.000000',114,36,2),(3198,'2025-04-02','21:00:00.000000',96,26,2),(3199,'2025-04-02','21:00:00.000000',101,27,2),(3200,'2025-04-02','21:00:00.000000',127,28,2),(3201,'2025-04-02','21:00:00.000000',72,38,2),(3202,'2025-04-02','21:00:00.000000',132,37,2),(3203,'2025-04-02','21:00:00.000000',118,48,2),(3204,'2025-04-02','21:00:00.000000',58,46,2),(3205,'2025-04-02','21:00:00.000000',68,39,2),(3206,'2025-04-02','21:00:00.000000',55,47,2),(3207,'2025-04-02','21:00:00.000000',103,49,2),(3208,'2025-04-03','09:00:00.000000',143,38,2),(3209,'2025-04-03','09:00:00.000000',144,45,2),(3210,'2025-04-03','09:00:00.000000',105,37,2),(3211,'2025-04-03','09:00:00.000000',139,48,2),(3212,'2025-04-03','09:00:00.000000',130,46,2),(3213,'2025-04-03','09:00:00.000000',58,47,2),(3214,'2025-04-03','09:00:00.000000',69,28,2),(3215,'2025-04-03','09:00:00.000000',86,36,2),(3216,'2025-04-03','09:00:00.000000',80,25,2),(3217,'2025-04-03','09:00:00.000000',118,26,2),(3218,'2025-04-03','09:00:00.000000',90,27,2),(3219,'2025-04-03','09:00:00.000000',137,35,2),(3220,'2025-04-03','09:00:00.000000',122,5,2),(3221,'2025-04-03','09:00:00.000000',143,16,2),(3222,'2025-04-03','09:00:00.000000',142,7,2),(3223,'2025-04-03','09:00:00.000000',120,8,2),(3224,'2025-04-03','09:00:00.000000',54,6,2),(3225,'2025-04-03','09:00:00.000000',115,17,2),(3226,'2025-04-03','09:00:00.000000',127,18,2),(3227,'2025-04-03','09:00:00.000000',109,15,2),(3228,'2025-04-03','13:00:00.000000',102,8,2),(3229,'2025-04-03','13:00:00.000000',70,6,2),(3230,'2025-04-03','13:00:00.000000',148,16,2),(3231,'2025-04-03','13:00:00.000000',145,17,2),(3232,'2025-04-03','13:00:00.000000',107,5,2),(3233,'2025-04-03','13:00:00.000000',105,15,2),(3234,'2025-04-03','13:00:00.000000',123,18,2),(3235,'2025-04-03','13:00:00.000000',148,7,2),(3236,'2025-04-03','13:00:00.000000',95,26,2),(3237,'2025-04-03','13:00:00.000000',56,25,2),(3238,'2025-04-03','13:00:00.000000',142,36,2),(3239,'2025-04-03','13:00:00.000000',135,28,2),(3240,'2025-04-03','13:00:00.000000',124,27,2),(3241,'2025-04-03','13:00:00.000000',121,35,2),(3242,'2025-04-03','13:00:00.000000',126,37,2),(3243,'2025-04-03','13:00:00.000000',139,47,2),(3244,'2025-04-03','13:00:00.000000',70,45,2),(3245,'2025-04-03','13:00:00.000000',108,46,2),(3246,'2025-04-03','13:00:00.000000',148,48,2),(3247,'2025-04-03','13:00:00.000000',142,38,2),(3248,'2025-04-03','17:00:00.000000',85,48,2),(3249,'2025-04-03','17:00:00.000000',96,47,2),(3250,'2025-04-03','17:00:00.000000',126,37,2),(3251,'2025-04-03','17:00:00.000000',106,38,2),(3252,'2025-04-03','17:00:00.000000',86,46,2),(3253,'2025-04-03','17:00:00.000000',51,45,2),(3254,'2025-04-03','17:00:00.000000',119,28,2),(3255,'2025-04-03','17:00:00.000000',136,26,2),(3256,'2025-04-03','17:00:00.000000',58,36,2),(3257,'2025-04-03','17:00:00.000000',93,27,2),(3258,'2025-04-03','17:00:00.000000',51,25,2),(3259,'2025-04-03','17:00:00.000000',107,35,2),(3260,'2025-04-03','17:00:00.000000',120,17,2),(3261,'2025-04-03','17:00:00.000000',145,18,2),(3262,'2025-04-03','17:00:00.000000',147,8,2),(3263,'2025-04-03','17:00:00.000000',122,15,2),(3264,'2025-04-03','17:00:00.000000',117,16,2),(3265,'2025-04-03','17:00:00.000000',84,7,2),(3266,'2025-04-03','17:00:00.000000',149,6,2),(3267,'2025-04-03','17:00:00.000000',121,5,2),(3268,'2025-04-03','21:00:00.000000',61,8,2),(3269,'2025-04-03','21:00:00.000000',136,17,2),(3270,'2025-04-03','21:00:00.000000',62,16,2),(3271,'2025-04-03','21:00:00.000000',85,15,2),(3272,'2025-04-03','21:00:00.000000',73,7,2),(3273,'2025-04-03','21:00:00.000000',51,18,2),(3274,'2025-04-03','21:00:00.000000',83,5,2),(3275,'2025-04-03','21:00:00.000000',75,6,2),(3276,'2025-04-03','21:00:00.000000',78,26,2),(3277,'2025-04-03','21:00:00.000000',54,35,2),(3278,'2025-04-03','21:00:00.000000',100,36,2),(3279,'2025-04-03','21:00:00.000000',104,28,2),(3280,'2025-04-03','21:00:00.000000',131,27,2),(3281,'2025-04-03','21:00:00.000000',149,25,2),(3282,'2025-04-03','21:00:00.000000',113,38,2),(3283,'2025-04-03','21:00:00.000000',125,46,2),(3284,'2025-04-03','21:00:00.000000',108,48,2),(3285,'2025-04-03','21:00:00.000000',63,47,2),(3286,'2025-04-03','21:00:00.000000',113,45,2),(3287,'2025-04-03','21:00:00.000000',118,37,2),(3288,'2025-04-04','09:00:00.000000',62,47,2),(3289,'2025-04-04','09:00:00.000000',51,45,2),(3290,'2025-04-04','09:00:00.000000',132,44,2),(3291,'2025-04-04','09:00:00.000000',66,37,2),(3292,'2025-04-04','09:00:00.000000',132,46,2),(3293,'2025-04-04','09:00:00.000000',72,25,2),(3294,'2025-04-04','09:00:00.000000',129,36,2),(3295,'2025-04-04','09:00:00.000000',131,24,2),(3296,'2025-04-04','09:00:00.000000',75,34,2),(3297,'2025-04-04','09:00:00.000000',120,27,2),(3298,'2025-04-04','09:00:00.000000',85,26,2),(3299,'2025-04-04','09:00:00.000000',93,35,2),(3300,'2025-04-04','09:00:00.000000',53,4,2),(3301,'2025-04-04','09:00:00.000000',54,14,2),(3302,'2025-04-04','09:00:00.000000',105,15,2),(3303,'2025-04-04','09:00:00.000000',119,17,2),(3304,'2025-04-04','09:00:00.000000',138,6,2),(3305,'2025-04-04','09:00:00.000000',52,7,2),(3306,'2025-04-04','09:00:00.000000',70,16,2),(3307,'2025-04-04','09:00:00.000000',149,5,2),(3308,'2025-04-04','13:00:00.000000',73,16,2),(3309,'2025-04-04','13:00:00.000000',127,5,2),(3310,'2025-04-04','13:00:00.000000',124,15,2),(3311,'2025-04-04','13:00:00.000000',122,17,2),(3312,'2025-04-04','13:00:00.000000',64,14,2),(3313,'2025-04-04','13:00:00.000000',125,4,2),(3314,'2025-04-04','13:00:00.000000',76,7,2),(3315,'2025-04-04','13:00:00.000000',122,6,2),(3316,'2025-04-04','13:00:00.000000',73,24,2),(3317,'2025-04-04','13:00:00.000000',70,34,2),(3318,'2025-04-04','13:00:00.000000',66,27,2),(3319,'2025-04-04','13:00:00.000000',81,35,2),(3320,'2025-04-04','13:00:00.000000',97,26,2),(3321,'2025-04-04','13:00:00.000000',95,25,2),(3322,'2025-04-04','13:00:00.000000',115,36,2),(3323,'2025-04-04','13:00:00.000000',114,47,2),(3324,'2025-04-04','13:00:00.000000',120,46,2),(3325,'2025-04-04','13:00:00.000000',107,44,2),(3326,'2025-04-04','13:00:00.000000',108,37,2),(3327,'2025-04-04','13:00:00.000000',96,45,2),(3328,'2025-04-04','17:00:00.000000',86,47,2),(3329,'2025-04-04','17:00:00.000000',108,37,2),(3330,'2025-04-04','17:00:00.000000',117,44,2),(3331,'2025-04-04','17:00:00.000000',126,45,2),(3332,'2025-04-04','17:00:00.000000',139,46,2),(3333,'2025-04-04','17:00:00.000000',66,36,2),(3334,'2025-04-04','17:00:00.000000',120,27,2),(3335,'2025-04-04','17:00:00.000000',118,25,2),(3336,'2025-04-04','17:00:00.000000',88,35,2),(3337,'2025-04-04','17:00:00.000000',142,34,2),(3338,'2025-04-04','17:00:00.000000',62,24,2),(3339,'2025-04-04','17:00:00.000000',84,26,2),(3340,'2025-04-04','17:00:00.000000',116,16,2),(3341,'2025-04-04','17:00:00.000000',78,5,2),(3342,'2025-04-04','17:00:00.000000',105,14,2),(3343,'2025-04-04','17:00:00.000000',147,17,2),(3344,'2025-04-04','17:00:00.000000',141,6,2),(3345,'2025-04-04','17:00:00.000000',107,4,2),(3346,'2025-04-04','17:00:00.000000',93,7,2),(3347,'2025-04-04','17:00:00.000000',123,15,2),(3348,'2025-04-04','21:00:00.000000',88,17,2),(3349,'2025-04-04','21:00:00.000000',114,7,2),(3350,'2025-04-04','21:00:00.000000',119,16,2),(3351,'2025-04-04','21:00:00.000000',139,5,2),(3352,'2025-04-04','21:00:00.000000',110,6,2),(3353,'2025-04-04','21:00:00.000000',120,4,2),(3354,'2025-04-04','21:00:00.000000',104,14,2),(3355,'2025-04-04','21:00:00.000000',80,15,2),(3356,'2025-04-04','21:00:00.000000',128,27,2),(3357,'2025-04-04','21:00:00.000000',81,25,2),(3358,'2025-04-04','21:00:00.000000',62,24,2),(3359,'2025-04-04','21:00:00.000000',55,36,2),(3360,'2025-04-04','21:00:00.000000',58,26,2),(3361,'2025-04-04','21:00:00.000000',63,34,2),(3362,'2025-04-04','21:00:00.000000',69,35,2),(3363,'2025-04-04','21:00:00.000000',122,47,2),(3364,'2025-04-04','21:00:00.000000',94,37,2),(3365,'2025-04-04','21:00:00.000000',77,44,2),(3366,'2025-04-04','21:00:00.000000',61,45,2),(3367,'2025-04-04','21:00:00.000000',76,46,2),(3368,'2025-04-05','09:00:00.000000',126,45,2),(3369,'2025-04-05','09:00:00.000000',122,44,2),(3370,'2025-04-05','09:00:00.000000',137,43,2),(3371,'2025-04-05','09:00:00.000000',60,46,2),(3372,'2025-04-05','09:00:00.000000',105,35,2),(3373,'2025-04-05','09:00:00.000000',76,23,2),(3374,'2025-04-05','09:00:00.000000',57,34,2),(3375,'2025-04-05','09:00:00.000000',140,25,2),(3376,'2025-04-05','09:00:00.000000',57,36,2),(3377,'2025-04-05','09:00:00.000000',96,26,2),(3378,'2025-04-05','09:00:00.000000',121,33,2),(3379,'2025-04-05','09:00:00.000000',136,24,2),(3380,'2025-04-05','09:00:00.000000',135,3,2),(3381,'2025-04-05','09:00:00.000000',148,5,2),(3382,'2025-04-05','09:00:00.000000',62,14,2),(3383,'2025-04-05','09:00:00.000000',96,15,2),(3384,'2025-04-05','09:00:00.000000',88,4,2),(3385,'2025-04-05','09:00:00.000000',86,16,2),(3386,'2025-04-05','09:00:00.000000',148,13,2),(3387,'2025-04-05','09:00:00.000000',114,6,2),(3388,'2025-04-05','13:00:00.000000',77,15,2),(3389,'2025-04-05','13:00:00.000000',144,14,2),(3390,'2025-04-05','13:00:00.000000',51,4,2),(3391,'2025-04-05','13:00:00.000000',111,16,2),(3392,'2025-04-05','13:00:00.000000',146,3,2),(3393,'2025-04-05','13:00:00.000000',90,13,2),(3394,'2025-04-05','13:00:00.000000',79,6,2),(3395,'2025-04-05','13:00:00.000000',131,5,2),(3396,'2025-04-05','13:00:00.000000',132,26,2),(3397,'2025-04-05','13:00:00.000000',93,36,2),(3398,'2025-04-05','13:00:00.000000',95,33,2),(3399,'2025-04-05','13:00:00.000000',50,25,2),(3400,'2025-04-05','13:00:00.000000',100,34,2),(3401,'2025-04-05','13:00:00.000000',63,23,2),(3402,'2025-04-05','13:00:00.000000',89,35,2),(3403,'2025-04-05','13:00:00.000000',83,24,2),(3404,'2025-04-05','13:00:00.000000',71,46,2),(3405,'2025-04-05','13:00:00.000000',51,43,2),(3406,'2025-04-05','13:00:00.000000',96,44,2),(3407,'2025-04-05','13:00:00.000000',127,45,2),(3408,'2025-04-05','17:00:00.000000',116,46,2),(3409,'2025-04-05','17:00:00.000000',122,43,2),(3410,'2025-04-05','17:00:00.000000',103,44,2),(3411,'2025-04-05','17:00:00.000000',86,45,2),(3412,'2025-04-05','17:00:00.000000',105,26,2),(3413,'2025-04-05','17:00:00.000000',131,35,2),(3414,'2025-04-05','17:00:00.000000',54,25,2),(3415,'2025-04-05','17:00:00.000000',77,24,2),(3416,'2025-04-05','17:00:00.000000',119,36,2),(3417,'2025-04-05','17:00:00.000000',101,33,2),(3418,'2025-04-05','17:00:00.000000',64,23,2),(3419,'2025-04-05','17:00:00.000000',99,34,2),(3420,'2025-04-05','17:00:00.000000',149,3,2),(3421,'2025-04-05','17:00:00.000000',140,16,2),(3422,'2025-04-05','17:00:00.000000',147,15,2),(3423,'2025-04-05','17:00:00.000000',137,14,2),(3424,'2025-04-05','17:00:00.000000',86,5,2),(3425,'2025-04-05','17:00:00.000000',111,6,2),(3426,'2025-04-05','17:00:00.000000',106,4,2),(3427,'2025-04-05','17:00:00.000000',117,13,2),(3428,'2025-04-05','21:00:00.000000',143,4,2),(3429,'2025-04-05','21:00:00.000000',102,15,2),(3430,'2025-04-05','21:00:00.000000',149,13,2),(3431,'2025-04-05','21:00:00.000000',75,6,2),(3432,'2025-04-05','21:00:00.000000',130,14,2),(3433,'2025-04-05','21:00:00.000000',80,16,2),(3434,'2025-04-05','21:00:00.000000',117,3,2),(3435,'2025-04-05','21:00:00.000000',117,5,2),(3436,'2025-04-05','21:00:00.000000',102,23,2),(3437,'2025-04-05','21:00:00.000000',82,26,2),(3438,'2025-04-05','21:00:00.000000',51,36,2),(3439,'2025-04-05','21:00:00.000000',72,35,2),(3440,'2025-04-05','21:00:00.000000',124,25,2),(3441,'2025-04-05','21:00:00.000000',53,33,2),(3442,'2025-04-05','21:00:00.000000',115,34,2),(3443,'2025-04-05','21:00:00.000000',84,24,2),(3444,'2025-04-05','21:00:00.000000',52,46,2),(3445,'2025-04-05','21:00:00.000000',70,43,2),(3446,'2025-04-05','21:00:00.000000',117,45,2),(3447,'2025-04-05','21:00:00.000000',90,44,2),(3448,'2025-04-06','09:00:00.000000',91,42,2),(3449,'2025-04-06','09:00:00.000000',113,45,2),(3450,'2025-04-06','09:00:00.000000',78,44,2),(3451,'2025-04-06','09:00:00.000000',130,43,2),(3452,'2025-04-06','09:00:00.000000',63,24,2),(3453,'2025-04-06','09:00:00.000000',149,34,2),(3454,'2025-04-06','09:00:00.000000',86,32,2),(3455,'2025-04-06','09:00:00.000000',84,23,2),(3456,'2025-04-06','09:00:00.000000',79,35,2),(3457,'2025-04-06','09:00:00.000000',123,25,2),(3458,'2025-04-06','09:00:00.000000',99,33,2),(3459,'2025-04-06','09:00:00.000000',141,2,2),(3460,'2025-04-06','09:00:00.000000',140,13,2),(3461,'2025-04-06','09:00:00.000000',123,22,2),(3462,'2025-04-06','09:00:00.000000',129,3,2),(3463,'2025-04-06','09:00:00.000000',103,15,2),(3464,'2025-04-06','09:00:00.000000',131,14,2),(3465,'2025-04-06','09:00:00.000000',74,12,2),(3466,'2025-04-06','09:00:00.000000',62,5,2),(3467,'2025-04-06','09:00:00.000000',130,4,2),(3468,'2025-04-06','13:00:00.000000',76,4,2),(3469,'2025-04-06','13:00:00.000000',91,13,2),(3470,'2025-04-06','13:00:00.000000',60,3,2),(3471,'2025-04-06','13:00:00.000000',141,5,2),(3472,'2025-04-06','13:00:00.000000',77,14,2),(3473,'2025-04-06','13:00:00.000000',63,22,2),(3474,'2025-04-06','13:00:00.000000',98,12,2),(3475,'2025-04-06','13:00:00.000000',118,2,2),(3476,'2025-04-06','13:00:00.000000',69,15,2),(3477,'2025-04-06','13:00:00.000000',116,23,2),(3478,'2025-04-06','13:00:00.000000',142,32,2),(3479,'2025-04-06','13:00:00.000000',68,25,2),(3480,'2025-04-06','13:00:00.000000',129,24,2),(3481,'2025-04-06','13:00:00.000000',65,34,2),(3482,'2025-04-06','13:00:00.000000',89,35,2),(3483,'2025-04-06','13:00:00.000000',102,33,2),(3484,'2025-04-06','13:00:00.000000',91,43,2),(3485,'2025-04-06','13:00:00.000000',128,44,2),(3486,'2025-04-06','13:00:00.000000',142,42,2),(3487,'2025-04-06','13:00:00.000000',63,45,2),(3488,'2025-04-06','17:00:00.000000',58,43,2),(3489,'2025-04-06','17:00:00.000000',56,42,2),(3490,'2025-04-06','17:00:00.000000',138,44,2),(3491,'2025-04-06','17:00:00.000000',84,45,2),(3492,'2025-04-06','17:00:00.000000',116,23,2),(3493,'2025-04-06','17:00:00.000000',142,34,2),(3494,'2025-04-06','17:00:00.000000',59,32,2),(3495,'2025-04-06','17:00:00.000000',55,33,2),(3496,'2025-04-06','17:00:00.000000',122,25,2),(3497,'2025-04-06','17:00:00.000000',144,24,2),(3498,'2025-04-06','17:00:00.000000',72,35,2),(3499,'2025-04-06','17:00:00.000000',64,15,2),(3500,'2025-04-06','17:00:00.000000',73,3,2),(3501,'2025-04-06','17:00:00.000000',56,12,2),(3502,'2025-04-06','17:00:00.000000',97,5,2),(3503,'2025-04-06','17:00:00.000000',101,2,2),(3504,'2025-04-06','17:00:00.000000',102,14,2),(3505,'2025-04-06','17:00:00.000000',80,22,2),(3506,'2025-04-06','17:00:00.000000',122,13,2),(3507,'2025-04-06','17:00:00.000000',67,4,2),(3508,'2025-04-06','21:00:00.000000',100,15,2),(3509,'2025-04-06','21:00:00.000000',123,13,2),(3510,'2025-04-06','21:00:00.000000',127,14,2),(3511,'2025-04-06','21:00:00.000000',77,12,2),(3512,'2025-04-06','21:00:00.000000',85,3,2),(3513,'2025-04-06','21:00:00.000000',136,4,2),(3514,'2025-04-06','21:00:00.000000',78,2,2),(3515,'2025-04-06','21:00:00.000000',129,22,2),(3516,'2025-04-06','21:00:00.000000',98,5,2),(3517,'2025-04-06','21:00:00.000000',98,25,2),(3518,'2025-04-06','21:00:00.000000',74,33,2),(3519,'2025-04-06','21:00:00.000000',138,23,2),(3520,'2025-04-06','21:00:00.000000',132,34,2),(3521,'2025-04-06','21:00:00.000000',101,32,2),(3522,'2025-04-06','21:00:00.000000',107,35,2),(3523,'2025-04-06','21:00:00.000000',80,24,2),(3524,'2025-04-06','21:00:00.000000',84,43,2),(3525,'2025-04-06','21:00:00.000000',103,45,2),(3526,'2025-04-06','21:00:00.000000',63,42,2),(3527,'2025-04-06','21:00:00.000000',70,44,2),(3528,'2025-04-07','09:00:00.000000',60,44,2),(3529,'2025-04-07','09:00:00.000000',99,41,2),(3530,'2025-04-07','09:00:00.000000',51,43,2),(3531,'2025-04-07','09:00:00.000000',54,42,2),(3532,'2025-04-07','09:00:00.000000',114,32,2),(3533,'2025-04-07','09:00:00.000000',83,31,2),(3534,'2025-04-07','09:00:00.000000',108,24,2),(3535,'2025-04-07','09:00:00.000000',50,33,2),(3536,'2025-04-07','09:00:00.000000',85,23,2),(3537,'2025-04-07','09:00:00.000000',83,34,2),(3538,'2025-04-07','09:00:00.000000',103,1,2),(3539,'2025-04-07','09:00:00.000000',58,3,2),(3540,'2025-04-07','09:00:00.000000',106,13,2),(3541,'2025-04-07','09:00:00.000000',129,21,2),(3542,'2025-04-07','09:00:00.000000',148,11,2),(3543,'2025-04-07','09:00:00.000000',148,2,2),(3544,'2025-04-07','09:00:00.000000',113,12,2),(3545,'2025-04-07','09:00:00.000000',120,22,2),(3546,'2025-04-07','09:00:00.000000',141,14,2),(3547,'2025-04-07','09:00:00.000000',130,4,2),(3548,'2025-04-07','13:00:00.000000',97,4,2),(3549,'2025-04-07','13:00:00.000000',129,3,2),(3550,'2025-04-07','13:00:00.000000',100,22,2),(3551,'2025-04-07','13:00:00.000000',101,13,2),(3552,'2025-04-07','13:00:00.000000',68,12,2),(3553,'2025-04-07','13:00:00.000000',130,14,2),(3554,'2025-04-07','13:00:00.000000',74,2,2),(3555,'2025-04-07','13:00:00.000000',64,21,2),(3556,'2025-04-07','13:00:00.000000',69,11,2),(3557,'2025-04-07','13:00:00.000000',77,1,2),(3558,'2025-04-07','13:00:00.000000',130,24,2),(3559,'2025-04-07','13:00:00.000000',86,23,2),(3560,'2025-04-07','13:00:00.000000',63,31,2),(3561,'2025-04-07','13:00:00.000000',92,34,2),(3562,'2025-04-07','13:00:00.000000',112,32,2),(3563,'2025-04-07','13:00:00.000000',68,33,2),(3564,'2025-04-07','13:00:00.000000',92,41,2),(3565,'2025-04-07','13:00:00.000000',59,43,2),(3566,'2025-04-07','13:00:00.000000',105,44,2),(3567,'2025-04-07','13:00:00.000000',109,42,2),(3568,'2025-04-07','17:00:00.000000',137,41,2),(3569,'2025-04-07','17:00:00.000000',98,43,2),(3570,'2025-04-07','17:00:00.000000',106,44,2),(3571,'2025-04-07','17:00:00.000000',80,42,2),(3572,'2025-04-07','17:00:00.000000',109,34,2),(3573,'2025-04-07','17:00:00.000000',95,31,2),(3574,'2025-04-07','17:00:00.000000',65,32,2),(3575,'2025-04-07','17:00:00.000000',64,24,2),(3576,'2025-04-07','17:00:00.000000',99,23,2),(3577,'2025-04-07','17:00:00.000000',147,33,2),(3578,'2025-04-07','17:00:00.000000',78,22,2),(3579,'2025-04-07','17:00:00.000000',145,3,2),(3580,'2025-04-07','17:00:00.000000',147,21,2),(3581,'2025-04-07','17:00:00.000000',116,13,2),(3582,'2025-04-07','17:00:00.000000',82,11,2),(3583,'2025-04-07','17:00:00.000000',110,1,2),(3584,'2025-04-07','17:00:00.000000',124,2,2),(3585,'2025-04-07','17:00:00.000000',59,12,2),(3586,'2025-04-07','17:00:00.000000',134,4,2),(3587,'2025-04-07','17:00:00.000000',119,14,2),(3588,'2025-04-07','21:00:00.000000',97,11,2),(3589,'2025-04-07','21:00:00.000000',75,4,2),(3590,'2025-04-07','21:00:00.000000',140,21,2),(3591,'2025-04-07','21:00:00.000000',72,14,2),(3592,'2025-04-07','21:00:00.000000',116,3,2),(3593,'2025-04-07','21:00:00.000000',126,12,2),(3594,'2025-04-07','21:00:00.000000',77,13,2),(3595,'2025-04-07','21:00:00.000000',79,22,2),(3596,'2025-04-07','21:00:00.000000',108,1,2),(3597,'2025-04-07','21:00:00.000000',99,2,2),(3598,'2025-04-07','21:00:00.000000',101,34,2),(3599,'2025-04-07','21:00:00.000000',54,31,2),(3600,'2025-04-07','21:00:00.000000',55,32,2),(3601,'2025-04-07','21:00:00.000000',81,24,2),(3602,'2025-04-07','21:00:00.000000',120,23,2),(3603,'2025-04-07','21:00:00.000000',139,33,2),(3604,'2025-04-07','21:00:00.000000',58,44,2),(3605,'2025-04-07','21:00:00.000000',128,43,2),(3606,'2025-04-07','21:00:00.000000',147,41,2),(3607,'2025-04-07','21:00:00.000000',81,42,2),(3608,'2025-04-08','09:00:00.000000',112,43,2),(3609,'2025-04-08','09:00:00.000000',71,42,2),(3610,'2025-04-08','09:00:00.000000',123,50,2),(3611,'2025-04-08','09:00:00.000000',74,40,2),(3612,'2025-04-08','09:00:00.000000',58,41,2),(3613,'2025-04-08','09:00:00.000000',109,31,2),(3614,'2025-04-08','09:00:00.000000',148,33,2),(3615,'2025-04-08','09:00:00.000000',59,30,2),(3616,'2025-04-08','09:00:00.000000',103,32,2),(3617,'2025-04-08','09:00:00.000000',145,23,2),(3618,'2025-04-08','09:00:00.000000',120,10,2),(3619,'2025-04-08','09:00:00.000000',68,1,2),(3620,'2025-04-08','09:00:00.000000',88,12,2),(3621,'2025-04-08','09:00:00.000000',92,13,2),(3622,'2025-04-08','09:00:00.000000',149,21,2),(3623,'2025-04-08','09:00:00.000000',132,20,2),(3624,'2025-04-08','09:00:00.000000',138,22,2),(3625,'2025-04-08','09:00:00.000000',86,2,2),(3626,'2025-04-08','09:00:00.000000',143,3,2),(3627,'2025-04-08','09:00:00.000000',75,11,2),(3628,'2025-04-08','13:00:00.000000',121,2,2),(3629,'2025-04-08','13:00:00.000000',142,11,2),(3630,'2025-04-08','13:00:00.000000',111,20,2),(3631,'2025-04-08','13:00:00.000000',57,1,2),(3632,'2025-04-08','13:00:00.000000',124,12,2),(3633,'2025-04-08','13:00:00.000000',97,13,2),(3634,'2025-04-08','13:00:00.000000',78,22,2),(3635,'2025-04-08','13:00:00.000000',72,21,2),(3636,'2025-04-08','13:00:00.000000',149,10,2),(3637,'2025-04-08','13:00:00.000000',127,3,2),(3638,'2025-04-08','13:00:00.000000',124,30,2),(3639,'2025-04-08','13:00:00.000000',142,31,2),(3640,'2025-04-08','13:00:00.000000',108,23,2),(3641,'2025-04-08','13:00:00.000000',68,33,2),(3642,'2025-04-08','13:00:00.000000',72,32,2),(3643,'2025-04-08','13:00:00.000000',108,40,2),(3644,'2025-04-08','13:00:00.000000',105,42,2),(3645,'2025-04-08','13:00:00.000000',101,43,2),(3646,'2025-04-08','13:00:00.000000',101,50,2),(3647,'2025-04-08','13:00:00.000000',88,41,2),(3648,'2025-04-08','17:00:00.000000',110,41,2),(3649,'2025-04-08','17:00:00.000000',105,40,2),(3650,'2025-04-08','17:00:00.000000',78,50,2),(3651,'2025-04-08','17:00:00.000000',148,43,2),(3652,'2025-04-08','17:00:00.000000',69,42,2),(3653,'2025-04-08','17:00:00.000000',82,23,2),(3654,'2025-04-08','17:00:00.000000',71,30,2),(3655,'2025-04-08','17:00:00.000000',81,33,2),(3656,'2025-04-08','17:00:00.000000',84,31,2),(3657,'2025-04-08','17:00:00.000000',136,32,2),(3658,'2025-04-08','17:00:00.000000',58,20,2),(3659,'2025-04-08','17:00:00.000000',59,10,2),(3660,'2025-04-08','17:00:00.000000',148,3,2),(3661,'2025-04-08','17:00:00.000000',129,11,2),(3662,'2025-04-08','17:00:00.000000',60,12,2),(3663,'2025-04-08','17:00:00.000000',56,2,2),(3664,'2025-04-08','17:00:00.000000',115,13,2),(3665,'2025-04-08','17:00:00.000000',123,1,2),(3666,'2025-04-08','17:00:00.000000',135,22,2),(3667,'2025-04-08','17:00:00.000000',87,21,2),(3668,'2025-04-08','21:00:00.000000',85,11,2),(3669,'2025-04-08','21:00:00.000000',98,10,2),(3670,'2025-04-08','21:00:00.000000',54,3,2),(3671,'2025-04-08','21:00:00.000000',136,1,2),(3672,'2025-04-08','21:00:00.000000',76,13,2),(3673,'2025-04-08','21:00:00.000000',105,21,2),(3674,'2025-04-08','21:00:00.000000',149,22,2),(3675,'2025-04-08','21:00:00.000000',70,2,2),(3676,'2025-04-08','21:00:00.000000',110,12,2),(3677,'2025-04-08','21:00:00.000000',110,20,2),(3678,'2025-04-08','21:00:00.000000',127,30,2),(3679,'2025-04-08','21:00:00.000000',77,31,2),(3680,'2025-04-08','21:00:00.000000',117,23,2),(3681,'2025-04-08','21:00:00.000000',96,33,2),(3682,'2025-04-08','21:00:00.000000',85,32,2),(3683,'2025-04-08','21:00:00.000000',122,40,2),(3684,'2025-04-08','21:00:00.000000',72,41,2),(3685,'2025-04-08','21:00:00.000000',96,42,2),(3686,'2025-04-08','21:00:00.000000',130,43,2),(3687,'2025-04-08','21:00:00.000000',146,50,2),(3688,'2025-04-09','09:00:00.000000',109,42,2),(3689,'2025-04-09','09:00:00.000000',73,49,2),(3690,'2025-04-09','09:00:00.000000',94,39,2),(3691,'2025-04-09','09:00:00.000000',92,41,2),(3692,'2025-04-09','09:00:00.000000',56,40,2),(3693,'2025-04-09','09:00:00.000000',113,50,2),(3694,'2025-04-09','09:00:00.000000',100,32,2),(3695,'2025-04-09','09:00:00.000000',60,30,2),(3696,'2025-04-09','09:00:00.000000',129,31,2),(3697,'2025-04-09','09:00:00.000000',130,29,2),(3698,'2025-04-09','09:00:00.000000',63,1,2),(3699,'2025-04-09','09:00:00.000000',84,2,2),(3700,'2025-04-09','09:00:00.000000',136,12,2),(3701,'2025-04-09','09:00:00.000000',106,11,2),(3702,'2025-04-09','09:00:00.000000',87,10,2),(3703,'2025-04-09','09:00:00.000000',78,9,2),(3704,'2025-04-09','09:00:00.000000',54,22,2),(3705,'2025-04-09','09:00:00.000000',61,21,2),(3706,'2025-04-09','09:00:00.000000',140,20,2),(3707,'2025-04-09','09:00:00.000000',96,19,2),(3708,'2025-04-09','13:00:00.000000',137,22,2),(3709,'2025-04-09','13:00:00.000000',71,10,2),(3710,'2025-04-09','13:00:00.000000',65,11,2),(3711,'2025-04-09','13:00:00.000000',147,21,2),(3712,'2025-04-09','13:00:00.000000',125,9,2),(3713,'2025-04-09','13:00:00.000000',146,20,2),(3714,'2025-04-09','13:00:00.000000',86,19,2),(3715,'2025-04-09','13:00:00.000000',62,1,2),(3716,'2025-04-09','13:00:00.000000',107,12,2),(3717,'2025-04-09','13:00:00.000000',71,2,2),(3718,'2025-04-09','13:00:00.000000',89,32,2),(3719,'2025-04-09','13:00:00.000000',75,31,2),(3720,'2025-04-09','13:00:00.000000',71,29,2),(3721,'2025-04-09','13:00:00.000000',148,30,2),(3722,'2025-04-09','13:00:00.000000',79,42,2),(3723,'2025-04-09','13:00:00.000000',71,39,2),(3724,'2025-04-09','13:00:00.000000',53,40,2),(3725,'2025-04-09','13:00:00.000000',148,41,2),(3726,'2025-04-09','13:00:00.000000',124,49,2),(3727,'2025-04-09','13:00:00.000000',51,50,2),(3728,'2025-04-09','17:00:00.000000',71,39,2),(3729,'2025-04-09','17:00:00.000000',78,42,2),(3730,'2025-04-09','17:00:00.000000',66,41,2),(3731,'2025-04-09','17:00:00.000000',65,49,2),(3732,'2025-04-09','17:00:00.000000',119,40,2),(3733,'2025-04-09','17:00:00.000000',98,50,2),(3734,'2025-04-09','17:00:00.000000',126,29,2),(3735,'2025-04-09','17:00:00.000000',144,30,2),(3736,'2025-04-09','17:00:00.000000',99,32,2),(3737,'2025-04-09','17:00:00.000000',66,31,2),(3738,'2025-04-09','17:00:00.000000',133,1,2),(3739,'2025-04-09','17:00:00.000000',100,9,2),(3740,'2025-04-09','17:00:00.000000',106,10,2),(3741,'2025-04-09','17:00:00.000000',60,22,2),(3742,'2025-04-09','17:00:00.000000',123,11,2),(3743,'2025-04-09','17:00:00.000000',74,2,2),(3744,'2025-04-09','17:00:00.000000',108,21,2),(3745,'2025-04-09','17:00:00.000000',146,20,2),(3746,'2025-04-09','17:00:00.000000',83,12,2),(3747,'2025-04-09','17:00:00.000000',94,19,2),(3748,'2025-04-09','21:00:00.000000',141,9,2),(3749,'2025-04-09','21:00:00.000000',112,19,2),(3750,'2025-04-09','21:00:00.000000',79,20,2),(3751,'2025-04-09','21:00:00.000000',103,10,2),(3752,'2025-04-09','21:00:00.000000',116,2,2),(3753,'2025-04-09','21:00:00.000000',105,22,2),(3754,'2025-04-09','21:00:00.000000',81,21,2),(3755,'2025-04-09','21:00:00.000000',100,11,2),(3756,'2025-04-09','21:00:00.000000',117,1,2),(3757,'2025-04-09','21:00:00.000000',119,12,2),(3758,'2025-04-09','21:00:00.000000',52,32,2),(3759,'2025-04-09','21:00:00.000000',136,29,2),(3760,'2025-04-09','21:00:00.000000',69,31,2),(3761,'2025-04-09','21:00:00.000000',74,30,2),(3762,'2025-04-09','21:00:00.000000',78,41,2),(3763,'2025-04-09','21:00:00.000000',117,49,2),(3764,'2025-04-09','21:00:00.000000',88,42,2),(3765,'2025-04-09','21:00:00.000000',64,50,2),(3766,'2025-04-09','21:00:00.000000',112,39,2),(3767,'2025-04-09','21:00:00.000000',98,40,2),(3768,'2025-04-10','09:00:00.000000',123,49,2),(3769,'2025-04-10','09:00:00.000000',139,38,2),(3770,'2025-04-10','09:00:00.000000',89,50,2),(3771,'2025-04-10','09:00:00.000000',72,41,2),(3772,'2025-04-10','09:00:00.000000',56,48,2),(3773,'2025-04-10','09:00:00.000000',115,39,2),(3774,'2025-04-10','09:00:00.000000',53,40,2),(3775,'2025-04-10','09:00:00.000000',87,29,2),(3776,'2025-04-10','09:00:00.000000',75,31,2),(3777,'2025-04-10','09:00:00.000000',113,30,2),(3778,'2025-04-10','09:00:00.000000',123,28,2),(3779,'2025-04-10','09:00:00.000000',83,20,2),(3780,'2025-04-10','09:00:00.000000',100,18,2),(3781,'2025-04-10','09:00:00.000000',52,21,2),(3782,'2025-04-10','09:00:00.000000',52,9,2),(3783,'2025-04-10','09:00:00.000000',120,1,2),(3784,'2025-04-10','09:00:00.000000',59,19,2),(3785,'2025-04-10','09:00:00.000000',96,10,2),(3786,'2025-04-10','09:00:00.000000',122,8,2),(3787,'2025-04-10','09:00:00.000000',68,11,2),(3788,'2025-04-10','13:00:00.000000',129,20,2),(3789,'2025-04-10','13:00:00.000000',123,11,2),(3790,'2025-04-10','13:00:00.000000',142,9,2),(3791,'2025-04-10','13:00:00.000000',131,18,2),(3792,'2025-04-10','13:00:00.000000',110,1,2),(3793,'2025-04-10','13:00:00.000000',81,21,2),(3794,'2025-04-10','13:00:00.000000',80,19,2),(3795,'2025-04-10','13:00:00.000000',78,10,2),(3796,'2025-04-10','13:00:00.000000',136,8,2),(3797,'2025-04-10','13:00:00.000000',86,30,2),(3798,'2025-04-10','13:00:00.000000',114,31,2),(3799,'2025-04-10','13:00:00.000000',64,29,2),(3800,'2025-04-10','13:00:00.000000',51,28,2),(3801,'2025-04-10','13:00:00.000000',142,41,2),(3802,'2025-04-10','13:00:00.000000',98,48,2),(3803,'2025-04-10','13:00:00.000000',87,39,2),(3804,'2025-04-10','13:00:00.000000',146,40,2),(3805,'2025-04-10','13:00:00.000000',83,38,2),(3806,'2025-04-10','13:00:00.000000',112,50,2),(3807,'2025-04-10','13:00:00.000000',133,49,2),(3808,'2025-04-10','17:00:00.000000',97,41,2),(3809,'2025-04-10','17:00:00.000000',129,48,2),(3810,'2025-04-10','17:00:00.000000',90,39,2),(3811,'2025-04-10','17:00:00.000000',108,50,2),(3812,'2025-04-10','17:00:00.000000',142,40,2),(3813,'2025-04-10','17:00:00.000000',65,49,2),(3814,'2025-04-10','17:00:00.000000',109,38,2),(3815,'2025-04-10','17:00:00.000000',95,29,2),(3816,'2025-04-10','17:00:00.000000',115,31,2),(3817,'2025-04-10','17:00:00.000000',94,28,2),(3818,'2025-04-10','17:00:00.000000',89,30,2),(3819,'2025-04-10','17:00:00.000000',68,18,2),(3820,'2025-04-10','17:00:00.000000',130,19,2),(3821,'2025-04-10','17:00:00.000000',67,11,2),(3822,'2025-04-10','17:00:00.000000',102,8,2),(3823,'2025-04-10','17:00:00.000000',105,20,2),(3824,'2025-04-10','17:00:00.000000',60,1,2),(3825,'2025-04-10','17:00:00.000000',134,21,2),(3826,'2025-04-10','17:00:00.000000',137,9,2),(3827,'2025-04-10','17:00:00.000000',148,10,2),(3828,'2025-04-10','21:00:00.000000',64,9,2),(3829,'2025-04-10','21:00:00.000000',115,20,2),(3830,'2025-04-10','21:00:00.000000',73,19,2),(3831,'2025-04-10','21:00:00.000000',87,11,2),(3832,'2025-04-10','21:00:00.000000',72,10,2),(3833,'2025-04-10','21:00:00.000000',120,18,2),(3834,'2025-04-10','21:00:00.000000',80,1,2),(3835,'2025-04-10','21:00:00.000000',142,8,2),(3836,'2025-04-10','21:00:00.000000',113,21,2),(3837,'2025-04-10','21:00:00.000000',87,29,2),(3838,'2025-04-10','21:00:00.000000',103,30,2),(3839,'2025-04-10','21:00:00.000000',90,28,2),(3840,'2025-04-10','21:00:00.000000',70,31,2),(3841,'2025-04-10','21:00:00.000000',147,49,2),(3842,'2025-04-10','21:00:00.000000',99,48,2),(3843,'2025-04-10','21:00:00.000000',104,39,2),(3844,'2025-04-10','21:00:00.000000',72,40,2),(3845,'2025-04-10','21:00:00.000000',59,50,2),(3846,'2025-04-10','21:00:00.000000',137,38,2),(3847,'2025-04-10','21:00:00.000000',64,41,2),(3848,'2025-04-11','09:00:00.000000',140,48,2),(3849,'2025-04-11','09:00:00.000000',96,40,2),(3850,'2025-04-11','09:00:00.000000',104,39,2),(3851,'2025-04-11','09:00:00.000000',53,49,2),(3852,'2025-04-11','09:00:00.000000',108,50,2),(3853,'2025-04-11','09:00:00.000000',112,37,2),(3854,'2025-04-11','09:00:00.000000',58,38,2),(3855,'2025-04-11','09:00:00.000000',56,47,2),(3856,'2025-04-11','09:00:00.000000',146,28,2),(3857,'2025-04-11','09:00:00.000000',114,27,2),(3858,'2025-04-11','09:00:00.000000',83,30,2),(3859,'2025-04-11','09:00:00.000000',58,29,2),(3860,'2025-04-11','09:00:00.000000',89,17,2),(3861,'2025-04-11','09:00:00.000000',94,20,2),(3862,'2025-04-11','09:00:00.000000',97,9,2),(3863,'2025-04-11','09:00:00.000000',141,19,2),(3864,'2025-04-11','09:00:00.000000',144,7,2),(3865,'2025-04-11','09:00:00.000000',52,18,2),(3866,'2025-04-11','09:00:00.000000',84,8,2),(3867,'2025-04-11','09:00:00.000000',149,10,2),(3868,'2025-04-11','13:00:00.000000',138,17,2),(3869,'2025-04-11','13:00:00.000000',62,20,2),(3870,'2025-04-11','13:00:00.000000',82,8,2),(3871,'2025-04-11','13:00:00.000000',86,18,2),(3872,'2025-04-11','13:00:00.000000',97,7,2),(3873,'2025-04-11','13:00:00.000000',140,10,2),(3874,'2025-04-11','13:00:00.000000',133,9,2),(3875,'2025-04-11','13:00:00.000000',138,19,2),(3876,'2025-04-11','13:00:00.000000',71,28,2),(3877,'2025-04-11','13:00:00.000000',56,29,2),(3878,'2025-04-11','13:00:00.000000',66,27,2),(3879,'2025-04-11','13:00:00.000000',88,30,2),(3880,'2025-04-11','13:00:00.000000',76,37,2),(3881,'2025-04-11','13:00:00.000000',121,47,2),(3882,'2025-04-11','13:00:00.000000',61,49,2),(3883,'2025-04-11','13:00:00.000000',63,40,2),(3884,'2025-04-11','13:00:00.000000',109,39,2),(3885,'2025-04-11','13:00:00.000000',81,50,2),(3886,'2025-04-11','13:00:00.000000',109,48,2),(3887,'2025-04-11','13:00:00.000000',53,38,2),(3888,'2025-04-11','17:00:00.000000',119,38,2),(3889,'2025-04-11','17:00:00.000000',131,39,2),(3890,'2025-04-11','17:00:00.000000',66,47,2),(3891,'2025-04-11','17:00:00.000000',52,48,2),(3892,'2025-04-11','17:00:00.000000',91,40,2),(3893,'2025-04-11','17:00:00.000000',140,37,2),(3894,'2025-04-11','17:00:00.000000',100,49,2),(3895,'2025-04-11','17:00:00.000000',82,50,2),(3896,'2025-04-11','17:00:00.000000',57,29,2),(3897,'2025-04-11','17:00:00.000000',55,27,2),(3898,'2025-04-11','17:00:00.000000',53,28,2),(3899,'2025-04-11','17:00:00.000000',102,30,2),(3900,'2025-04-11','17:00:00.000000',98,7,2),(3901,'2025-04-11','17:00:00.000000',134,10,2),(3902,'2025-04-11','17:00:00.000000',60,8,2),(3903,'2025-04-11','17:00:00.000000',89,20,2),(3904,'2025-04-11','17:00:00.000000',142,18,2),(3905,'2025-04-11','17:00:00.000000',84,17,2),(3906,'2025-04-11','17:00:00.000000',101,19,2),(3907,'2025-04-11','17:00:00.000000',106,9,2),(3908,'2025-04-11','21:00:00.000000',55,8,2),(3909,'2025-04-11','21:00:00.000000',94,10,2),(3910,'2025-04-11','21:00:00.000000',77,20,2),(3911,'2025-04-11','21:00:00.000000',105,19,2),(3912,'2025-04-11','21:00:00.000000',58,18,2),(3913,'2025-04-11','21:00:00.000000',82,9,2),(3914,'2025-04-11','21:00:00.000000',78,17,2),(3915,'2025-04-11','21:00:00.000000',80,7,2),(3916,'2025-04-11','21:00:00.000000',94,29,2),(3917,'2025-04-11','21:00:00.000000',53,27,2),(3918,'2025-04-11','21:00:00.000000',115,28,2),(3919,'2025-04-11','21:00:00.000000',58,30,2),(3920,'2025-04-11','21:00:00.000000',134,48,2),(3921,'2025-04-11','21:00:00.000000',121,47,2),(3922,'2025-04-11','21:00:00.000000',80,40,2),(3923,'2025-04-11','21:00:00.000000',65,39,2),(3924,'2025-04-11','21:00:00.000000',97,38,2),(3925,'2025-04-11','21:00:00.000000',58,37,2),(3926,'2025-04-11','21:00:00.000000',63,49,2),(3927,'2025-04-11','21:00:00.000000',60,50,2),(3928,'2025-04-12','09:00:00.000000',87,38,2),(3929,'2025-04-12','09:00:00.000000',83,47,2),(3930,'2025-04-12','09:00:00.000000',51,49,2),(3931,'2025-04-12','09:00:00.000000',104,37,2),(3932,'2025-04-12','09:00:00.000000',107,48,2),(3933,'2025-04-12','09:00:00.000000',71,39,2),(3934,'2025-04-12','09:00:00.000000',102,46,2),(3935,'2025-04-12','09:00:00.000000',97,26,2),(3936,'2025-04-12','09:00:00.000000',65,36,2),(3937,'2025-04-12','09:00:00.000000',91,27,2),(3938,'2025-04-12','09:00:00.000000',95,28,2),(3939,'2025-04-12','09:00:00.000000',60,29,2),(3940,'2025-04-12','09:00:00.000000',124,6,2),(3941,'2025-04-12','09:00:00.000000',90,18,2),(3942,'2025-04-12','09:00:00.000000',59,9,2),(3943,'2025-04-12','09:00:00.000000',100,17,2),(3944,'2025-04-12','09:00:00.000000',61,19,2),(3945,'2025-04-12','09:00:00.000000',113,7,2),(3946,'2025-04-12','09:00:00.000000',75,16,2),(3947,'2025-04-12','09:00:00.000000',128,8,2),(3948,'2025-04-12','13:00:00.000000',117,16,2),(3949,'2025-04-12','13:00:00.000000',107,6,2),(3950,'2025-04-12','13:00:00.000000',52,18,2),(3951,'2025-04-12','13:00:00.000000',134,7,2),(3952,'2025-04-12','13:00:00.000000',93,9,2),(3953,'2025-04-12','13:00:00.000000',134,19,2),(3954,'2025-04-12','13:00:00.000000',65,17,2),(3955,'2025-04-12','13:00:00.000000',119,8,2),(3956,'2025-04-12','13:00:00.000000',125,36,2),(3957,'2025-04-12','13:00:00.000000',85,26,2),(3958,'2025-04-12','13:00:00.000000',149,27,2),(3959,'2025-04-12','13:00:00.000000',122,28,2),(3960,'2025-04-12','13:00:00.000000',71,29,2),(3961,'2025-04-12','13:00:00.000000',116,38,2),(3962,'2025-04-12','13:00:00.000000',97,48,2),(3963,'2025-04-12','13:00:00.000000',72,37,2),(3964,'2025-04-12','13:00:00.000000',97,39,2),(3965,'2025-04-12','13:00:00.000000',125,46,2),(3966,'2025-04-12','13:00:00.000000',83,47,2),(3967,'2025-04-12','13:00:00.000000',81,49,2),(3968,'2025-04-12','17:00:00.000000',57,46,2),(3969,'2025-04-12','17:00:00.000000',82,38,2),(3970,'2025-04-12','17:00:00.000000',55,39,2),(3971,'2025-04-12','17:00:00.000000',67,49,2),(3972,'2025-04-12','17:00:00.000000',128,47,2),(3973,'2025-04-12','17:00:00.000000',135,37,2),(3974,'2025-04-12','17:00:00.000000',143,48,2),(3975,'2025-04-12','17:00:00.000000',56,28,2),(3976,'2025-04-12','17:00:00.000000',135,27,2),(3977,'2025-04-12','17:00:00.000000',149,29,2),(3978,'2025-04-12','17:00:00.000000',127,26,2),(3979,'2025-04-12','17:00:00.000000',70,36,2),(3980,'2025-04-12','17:00:00.000000',107,8,2),(3981,'2025-04-12','17:00:00.000000',52,9,2),(3982,'2025-04-12','17:00:00.000000',74,18,2),(3983,'2025-04-12','17:00:00.000000',92,17,2),(3984,'2025-04-12','17:00:00.000000',103,7,2),(3985,'2025-04-12','17:00:00.000000',120,19,2),(3986,'2025-04-12','17:00:00.000000',121,16,2),(3987,'2025-04-12','17:00:00.000000',121,6,2),(3988,'2025-04-12','21:00:00.000000',82,17,2),(3989,'2025-04-12','21:00:00.000000',138,19,2),(3990,'2025-04-12','21:00:00.000000',56,18,2),(3991,'2025-04-12','21:00:00.000000',139,9,2),(3992,'2025-04-12','21:00:00.000000',82,6,2),(3993,'2025-04-12','21:00:00.000000',77,7,2),(3994,'2025-04-12','21:00:00.000000',145,16,2),(3995,'2025-04-12','21:00:00.000000',121,8,2),(3996,'2025-04-12','21:00:00.000000',69,28,2),(3997,'2025-04-12','21:00:00.000000',126,27,2),(3998,'2025-04-12','21:00:00.000000',75,29,2),(3999,'2025-04-12','21:00:00.000000',133,26,2),(4000,'2025-04-12','21:00:00.000000',58,36,2),(4001,'2025-04-12','21:00:00.000000',143,39,2),(4002,'2025-04-12','21:00:00.000000',69,47,2),(4003,'2025-04-12','21:00:00.000000',81,38,2),(4004,'2025-04-12','21:00:00.000000',135,49,2),(4005,'2025-04-12','21:00:00.000000',84,37,2),(4006,'2025-04-12','21:00:00.000000',137,46,2),(4007,'2025-04-12','21:00:00.000000',122,48,2),(4008,'2025-04-13','09:00:00.000000',132,48,2),(4009,'2025-04-13','09:00:00.000000',123,37,2),(4010,'2025-04-13','09:00:00.000000',106,45,2),(4011,'2025-04-13','09:00:00.000000',108,38,2),(4012,'2025-04-13','09:00:00.000000',130,47,2),(4013,'2025-04-13','09:00:00.000000',51,46,2),(4014,'2025-04-13','09:00:00.000000',125,26,2),(4015,'2025-04-13','09:00:00.000000',135,36,2),(4016,'2025-04-13','09:00:00.000000',89,35,2),(4017,'2025-04-13','09:00:00.000000',83,27,2),(4018,'2025-04-13','09:00:00.000000',68,25,2),(4019,'2025-04-13','09:00:00.000000',148,28,2),(4020,'2025-04-13','09:00:00.000000',50,17,2),(4021,'2025-04-13','09:00:00.000000',120,15,2),(4022,'2025-04-13','09:00:00.000000',63,16,2),(4023,'2025-04-13','09:00:00.000000',102,6,2),(4024,'2025-04-13','09:00:00.000000',58,18,2),(4025,'2025-04-13','09:00:00.000000',125,8,2),(4026,'2025-04-13','09:00:00.000000',66,5,2),(4027,'2025-04-13','09:00:00.000000',59,7,2),(4028,'2025-04-13','13:00:00.000000',92,17,2),(4029,'2025-04-13','13:00:00.000000',102,6,2),(4030,'2025-04-13','13:00:00.000000',99,18,2),(4031,'2025-04-13','13:00:00.000000',79,15,2),(4032,'2025-04-13','13:00:00.000000',63,5,2),(4033,'2025-04-13','13:00:00.000000',91,8,2),(4034,'2025-04-13','13:00:00.000000',110,7,2),(4035,'2025-04-13','13:00:00.000000',122,16,2),(4036,'2025-04-13','13:00:00.000000',76,35,2),(4037,'2025-04-13','13:00:00.000000',65,26,2),(4038,'2025-04-13','13:00:00.000000',54,36,2),(4039,'2025-04-13','13:00:00.000000',52,28,2),(4040,'2025-04-13','13:00:00.000000',106,27,2),(4041,'2025-04-13','13:00:00.000000',118,25,2),(4042,'2025-04-13','13:00:00.000000',104,47,2),(4043,'2025-04-13','13:00:00.000000',70,38,2),(4044,'2025-04-13','13:00:00.000000',111,46,2),(4045,'2025-04-13','13:00:00.000000',64,37,2),(4046,'2025-04-13','13:00:00.000000',78,48,2),(4047,'2025-04-13','13:00:00.000000',99,45,2),(4048,'2025-04-13','17:00:00.000000',80,47,2),(4049,'2025-04-13','17:00:00.000000',85,46,2),(4050,'2025-04-13','17:00:00.000000',146,45,2),(4051,'2025-04-13','17:00:00.000000',102,48,2),(4052,'2025-04-13','17:00:00.000000',116,37,2),(4053,'2025-04-13','17:00:00.000000',65,38,2),(4054,'2025-04-13','17:00:00.000000',91,25,2),(4055,'2025-04-13','17:00:00.000000',66,27,2),(4056,'2025-04-13','17:00:00.000000',149,26,2),(4057,'2025-04-13','17:00:00.000000',61,36,2),(4058,'2025-04-13','17:00:00.000000',55,28,2),(4059,'2025-04-13','17:00:00.000000',113,35,2),(4060,'2025-04-13','17:00:00.000000',99,16,2),(4061,'2025-04-13','17:00:00.000000',119,6,2),(4062,'2025-04-13','17:00:00.000000',127,8,2),(4063,'2025-04-13','17:00:00.000000',121,17,2),(4064,'2025-04-13','17:00:00.000000',142,15,2),(4065,'2025-04-13','17:00:00.000000',80,7,2),(4066,'2025-04-13','17:00:00.000000',95,18,2),(4067,'2025-04-13','17:00:00.000000',67,5,2),(4068,'2025-04-13','21:00:00.000000',60,15,2),(4069,'2025-04-13','21:00:00.000000',114,7,2),(4070,'2025-04-13','21:00:00.000000',148,6,2),(4071,'2025-04-13','21:00:00.000000',132,8,2),(4072,'2025-04-13','21:00:00.000000',143,18,2),(4073,'2025-04-13','21:00:00.000000',141,5,2),(4074,'2025-04-13','21:00:00.000000',54,17,2),(4075,'2025-04-13','21:00:00.000000',75,16,2),(4076,'2025-04-13','21:00:00.000000',58,28,2),(4077,'2025-04-13','21:00:00.000000',80,35,2),(4078,'2025-04-13','21:00:00.000000',78,26,2),(4079,'2025-04-13','21:00:00.000000',62,25,2),(4080,'2025-04-13','21:00:00.000000',101,36,2),(4081,'2025-04-13','21:00:00.000000',58,27,2),(4082,'2025-04-13','21:00:00.000000',135,38,2),(4083,'2025-04-13','21:00:00.000000',88,46,2),(4084,'2025-04-13','21:00:00.000000',94,48,2),(4085,'2025-04-13','21:00:00.000000',55,37,2),(4086,'2025-04-13','21:00:00.000000',127,45,2),(4087,'2025-04-13','21:00:00.000000',116,47,2),(4088,'2025-04-14','09:00:00.000000',119,46,2),(4089,'2025-04-14','09:00:00.000000',95,37,2),(4090,'2025-04-14','09:00:00.000000',129,45,2),(4091,'2025-04-14','09:00:00.000000',73,44,2),(4092,'2025-04-14','09:00:00.000000',103,47,2),(4093,'2025-04-14','09:00:00.000000',121,34,2),(4094,'2025-04-14','09:00:00.000000',93,25,2),(4095,'2025-04-14','09:00:00.000000',111,36,2),(4096,'2025-04-14','09:00:00.000000',66,24,2),(4097,'2025-04-14','09:00:00.000000',79,35,2),(4098,'2025-04-14','09:00:00.000000',132,27,2),(4099,'2025-04-14','09:00:00.000000',84,26,2),(4100,'2025-04-14','09:00:00.000000',73,4,2),(4101,'2025-04-14','09:00:00.000000',82,5,2),(4102,'2025-04-14','09:00:00.000000',130,16,2),(4103,'2025-04-14','09:00:00.000000',53,7,2),(4104,'2025-04-14','09:00:00.000000',107,14,2),(4105,'2025-04-14','09:00:00.000000',112,6,2),(4106,'2025-04-14','09:00:00.000000',130,15,2),(4107,'2025-04-14','09:00:00.000000',105,17,2),(4108,'2025-04-14','13:00:00.000000',129,16,2),(4109,'2025-04-14','13:00:00.000000',140,4,2),(4110,'2025-04-14','13:00:00.000000',137,17,2),(4111,'2025-04-14','13:00:00.000000',66,15,2),(4112,'2025-04-14','13:00:00.000000',70,14,2),(4113,'2025-04-14','13:00:00.000000',50,7,2),(4114,'2025-04-14','13:00:00.000000',87,5,2),(4115,'2025-04-14','13:00:00.000000',131,6,2),(4116,'2025-04-14','13:00:00.000000',70,34,2),(4117,'2025-04-14','13:00:00.000000',99,27,2),(4118,'2025-04-14','13:00:00.000000',78,24,2),(4119,'2025-04-14','13:00:00.000000',116,26,2),(4120,'2025-04-14','13:00:00.000000',92,36,2),(4121,'2025-04-14','13:00:00.000000',106,35,2),(4122,'2025-04-14','13:00:00.000000',63,25,2),(4123,'2025-04-14','13:00:00.000000',148,44,2),(4124,'2025-04-14','13:00:00.000000',138,47,2),(4125,'2025-04-14','13:00:00.000000',79,37,2),(4126,'2025-04-14','13:00:00.000000',129,46,2),(4127,'2025-04-14','13:00:00.000000',91,45,2),(4128,'2025-04-14','17:00:00.000000',140,44,2),(4129,'2025-04-14','17:00:00.000000',50,37,2),(4130,'2025-04-14','17:00:00.000000',59,45,2),(4131,'2025-04-14','17:00:00.000000',112,47,2),(4132,'2025-04-14','17:00:00.000000',59,46,2),(4133,'2025-04-14','17:00:00.000000',138,27,2),(4134,'2025-04-14','17:00:00.000000',59,34,2),(4135,'2025-04-14','17:00:00.000000',125,24,2),(4136,'2025-04-14','17:00:00.000000',67,36,2),(4137,'2025-04-14','17:00:00.000000',133,35,2),(4138,'2025-04-14','17:00:00.000000',124,25,2),(4139,'2025-04-14','17:00:00.000000',82,26,2),(4140,'2025-04-14','17:00:00.000000',55,16,2),(4141,'2025-04-14','17:00:00.000000',131,6,2),(4142,'2025-04-14','17:00:00.000000',101,5,2),(4143,'2025-04-14','17:00:00.000000',126,4,2),(4144,'2025-04-14','17:00:00.000000',50,15,2),(4145,'2025-04-14','17:00:00.000000',64,14,2),(4146,'2025-04-14','17:00:00.000000',110,17,2),(4147,'2025-04-14','17:00:00.000000',149,7,2),(4148,'2025-04-14','21:00:00.000000',90,5,2),(4149,'2025-04-14','21:00:00.000000',122,17,2),(4150,'2025-04-14','21:00:00.000000',57,6,2),(4151,'2025-04-14','21:00:00.000000',67,14,2),(4152,'2025-04-14','21:00:00.000000',113,4,2),(4153,'2025-04-14','21:00:00.000000',115,7,2),(4154,'2025-04-14','21:00:00.000000',112,15,2),(4155,'2025-04-14','21:00:00.000000',99,16,2),(4156,'2025-04-14','21:00:00.000000',135,25,2),(4157,'2025-04-14','21:00:00.000000',92,34,2),(4158,'2025-04-14','21:00:00.000000',100,24,2),(4159,'2025-04-14','21:00:00.000000',147,27,2),(4160,'2025-04-14','21:00:00.000000',70,35,2),(4161,'2025-04-14','21:00:00.000000',81,26,2),(4162,'2025-04-14','21:00:00.000000',64,36,2),(4163,'2025-04-14','21:00:00.000000',74,37,2),(4164,'2025-04-14','21:00:00.000000',91,47,2),(4165,'2025-04-14','21:00:00.000000',85,45,2),(4166,'2025-04-14','21:00:00.000000',72,46,2),(4167,'2025-04-14','21:00:00.000000',134,44,2),(4168,'2025-04-15','09:00:00.000000',61,45,2),(4169,'2025-04-15','09:00:00.000000',92,43,2),(4170,'2025-04-15','09:00:00.000000',95,46,2),(4171,'2025-04-15','09:00:00.000000',64,44,2),(4172,'2025-04-15','09:00:00.000000',57,33,2),(4173,'2025-04-15','09:00:00.000000',76,25,2),(4174,'2025-04-15','09:00:00.000000',140,24,2),(4175,'2025-04-15','09:00:00.000000',149,35,2),(4176,'2025-04-15','09:00:00.000000',63,26,2),(4177,'2025-04-15','09:00:00.000000',78,34,2),(4178,'2025-04-15','09:00:00.000000',83,36,2),(4179,'2025-04-15','09:00:00.000000',132,5,2),(4180,'2025-04-15','09:00:00.000000',136,3,2),(4181,'2025-04-15','09:00:00.000000',130,13,2),(4182,'2025-04-15','09:00:00.000000',114,14,2),(4183,'2025-04-15','09:00:00.000000',137,4,2),(4184,'2025-04-15','09:00:00.000000',113,15,2),(4185,'2025-04-15','09:00:00.000000',147,6,2),(4186,'2025-04-15','09:00:00.000000',140,16,2),(4187,'2025-04-15','09:00:00.000000',149,23,2),(4188,'2025-04-15','13:00:00.000000',102,4,2),(4189,'2025-04-15','13:00:00.000000',57,14,2),(4190,'2025-04-15','13:00:00.000000',118,23,2),(4191,'2025-04-15','13:00:00.000000',141,15,2),(4192,'2025-04-15','13:00:00.000000',133,5,2),(4193,'2025-04-15','13:00:00.000000',146,6,2),(4194,'2025-04-15','13:00:00.000000',102,16,2),(4195,'2025-04-15','13:00:00.000000',78,3,2),(4196,'2025-04-15','13:00:00.000000',91,13,2),(4197,'2025-04-15','13:00:00.000000',65,34,2),(4198,'2025-04-15','13:00:00.000000',78,35,2),(4199,'2025-04-15','13:00:00.000000',61,33,2),(4200,'2025-04-15','13:00:00.000000',85,36,2),(4201,'2025-04-15','13:00:00.000000',81,24,2),(4202,'2025-04-15','13:00:00.000000',133,25,2),(4203,'2025-04-15','13:00:00.000000',127,26,2),(4204,'2025-04-15','13:00:00.000000',132,43,2),(4205,'2025-04-15','13:00:00.000000',100,46,2),(4206,'2025-04-15','13:00:00.000000',69,45,2),(4207,'2025-04-15','13:00:00.000000',129,44,2),(4208,'2025-04-15','17:00:00.000000',139,43,2),(4209,'2025-04-15','17:00:00.000000',77,44,2),(4210,'2025-04-15','17:00:00.000000',85,46,2),(4211,'2025-04-15','17:00:00.000000',77,45,2),(4212,'2025-04-15','17:00:00.000000',132,34,2),(4213,'2025-04-15','17:00:00.000000',108,26,2),(4214,'2025-04-15','17:00:00.000000',114,25,2),(4215,'2025-04-15','17:00:00.000000',133,33,2),(4216,'2025-04-15','17:00:00.000000',72,24,2),(4217,'2025-04-15','17:00:00.000000',64,35,2),(4218,'2025-04-15','17:00:00.000000',65,36,2),(4219,'2025-04-15','17:00:00.000000',63,23,2),(4220,'2025-04-15','17:00:00.000000',95,5,2),(4221,'2025-04-15','17:00:00.000000',135,3,2),(4222,'2025-04-15','17:00:00.000000',107,4,2),(4223,'2025-04-15','17:00:00.000000',140,16,2),(4224,'2025-04-15','17:00:00.000000',111,6,2),(4225,'2025-04-15','17:00:00.000000',58,13,2),(4226,'2025-04-15','17:00:00.000000',81,15,2),(4227,'2025-04-15','17:00:00.000000',106,14,2),(4228,'2025-04-15','21:00:00.000000',83,3,2),(4229,'2025-04-15','21:00:00.000000',95,4,2),(4230,'2025-04-15','21:00:00.000000',98,5,2),(4231,'2025-04-15','21:00:00.000000',119,6,2),(4232,'2025-04-15','21:00:00.000000',149,23,2),(4233,'2025-04-15','21:00:00.000000',116,16,2),(4234,'2025-04-15','21:00:00.000000',104,15,2),(4235,'2025-04-15','21:00:00.000000',116,13,2),(4236,'2025-04-15','21:00:00.000000',75,14,2),(4237,'2025-04-15','21:00:00.000000',130,36,2),(4238,'2025-04-15','21:00:00.000000',85,33,2),(4239,'2025-04-15','21:00:00.000000',144,24,2),(4240,'2025-04-15','21:00:00.000000',129,25,2),(4241,'2025-04-15','21:00:00.000000',149,34,2),(4242,'2025-04-15','21:00:00.000000',130,35,2),(4243,'2025-04-15','21:00:00.000000',122,26,2),(4244,'2025-04-15','21:00:00.000000',123,45,2),(4245,'2025-04-15','21:00:00.000000',58,46,2),(4246,'2025-04-15','21:00:00.000000',105,43,2),(4247,'2025-04-15','21:00:00.000000',69,44,2),(4248,'2025-04-16','09:00:00.000000',109,43,2),(4249,'2025-04-16','09:00:00.000000',75,45,2),(4250,'2025-04-16','09:00:00.000000',91,42,2),(4251,'2025-04-16','09:00:00.000000',82,44,2),(4252,'2025-04-16','09:00:00.000000',60,35,2),(4253,'2025-04-16','09:00:00.000000',110,33,2),(4254,'2025-04-16','09:00:00.000000',100,32,2),(4255,'2025-04-16','09:00:00.000000',140,24,2),(4256,'2025-04-16','09:00:00.000000',116,34,2),(4257,'2025-04-16','09:00:00.000000',56,25,2),(4258,'2025-04-16','09:00:00.000000',73,12,2),(4259,'2025-04-16','09:00:00.000000',58,4,2),(4260,'2025-04-16','09:00:00.000000',93,22,2),(4261,'2025-04-16','09:00:00.000000',80,2,2),(4262,'2025-04-16','09:00:00.000000',136,14,2),(4263,'2025-04-16','09:00:00.000000',103,3,2),(4264,'2025-04-16','09:00:00.000000',122,13,2),(4265,'2025-04-16','09:00:00.000000',147,15,2),(4266,'2025-04-16','09:00:00.000000',105,23,2),(4267,'2025-04-16','09:00:00.000000',90,5,2),(4268,'2025-04-16','13:00:00.000000',147,23,2),(4269,'2025-04-16','13:00:00.000000',58,22,2),(4270,'2025-04-16','13:00:00.000000',85,3,2),(4271,'2025-04-16','13:00:00.000000',126,12,2),(4272,'2025-04-16','13:00:00.000000',119,2,2),(4273,'2025-04-16','13:00:00.000000',93,4,2),(4274,'2025-04-16','13:00:00.000000',138,14,2),(4275,'2025-04-16','13:00:00.000000',129,5,2),(4276,'2025-04-16','13:00:00.000000',67,15,2),(4277,'2025-04-16','13:00:00.000000',52,13,2),(4278,'2025-04-16','13:00:00.000000',53,35,2),(4279,'2025-04-16','13:00:00.000000',96,33,2),(4280,'2025-04-16','13:00:00.000000',129,32,2),(4281,'2025-04-16','13:00:00.000000',148,25,2),(4282,'2025-04-16','13:00:00.000000',117,34,2),(4283,'2025-04-16','13:00:00.000000',81,24,2),(4284,'2025-04-16','13:00:00.000000',63,43,2),(4285,'2025-04-16','13:00:00.000000',135,42,2),(4286,'2025-04-16','13:00:00.000000',71,44,2),(4287,'2025-04-16','13:00:00.000000',120,45,2),(4288,'2025-04-16','17:00:00.000000',111,42,2),(4289,'2025-04-16','17:00:00.000000',125,45,2),(4290,'2025-04-16','17:00:00.000000',74,44,2),(4291,'2025-04-16','17:00:00.000000',52,43,2),(4292,'2025-04-16','17:00:00.000000',118,35,2),(4293,'2025-04-16','17:00:00.000000',66,32,2),(4294,'2025-04-16','17:00:00.000000',140,34,2),(4295,'2025-04-16','17:00:00.000000',141,33,2),(4296,'2025-04-16','17:00:00.000000',78,25,2),(4297,'2025-04-16','17:00:00.000000',71,24,2),(4298,'2025-04-16','17:00:00.000000',80,15,2),(4299,'2025-04-16','17:00:00.000000',102,12,2),(4300,'2025-04-16','17:00:00.000000',69,14,2),(4301,'2025-04-16','17:00:00.000000',149,22,2),(4302,'2025-04-16','17:00:00.000000',89,2,2),(4303,'2025-04-16','17:00:00.000000',126,23,2),(4304,'2025-04-16','17:00:00.000000',101,5,2),(4305,'2025-04-16','17:00:00.000000',86,4,2),(4306,'2025-04-16','17:00:00.000000',97,13,2),(4307,'2025-04-16','17:00:00.000000',125,3,2),(4308,'2025-04-16','21:00:00.000000',52,14,2),(4309,'2025-04-16','21:00:00.000000',58,2,2),(4310,'2025-04-16','21:00:00.000000',109,5,2),(4311,'2025-04-16','21:00:00.000000',97,3,2),(4312,'2025-04-16','21:00:00.000000',127,13,2),(4313,'2025-04-16','21:00:00.000000',112,22,2),(4314,'2025-04-16','21:00:00.000000',94,15,2),(4315,'2025-04-16','21:00:00.000000',129,4,2),(4316,'2025-04-16','21:00:00.000000',145,23,2),(4317,'2025-04-16','21:00:00.000000',112,12,2),(4318,'2025-04-16','21:00:00.000000',83,32,2),(4319,'2025-04-16','21:00:00.000000',63,35,2),(4320,'2025-04-16','21:00:00.000000',145,34,2),(4321,'2025-04-16','21:00:00.000000',52,33,2),(4322,'2025-04-16','21:00:00.000000',131,25,2),(4323,'2025-04-16','21:00:00.000000',108,24,2),(4324,'2025-04-16','21:00:00.000000',83,44,2),(4325,'2025-04-16','21:00:00.000000',52,45,2),(4326,'2025-04-16','21:00:00.000000',115,43,2),(4327,'2025-04-16','21:00:00.000000',57,42,2),(4328,'2025-04-17','09:00:00.000000',138,43,2),(4329,'2025-04-17','09:00:00.000000',72,42,2),(4330,'2025-04-17','09:00:00.000000',137,44,2),(4331,'2025-04-17','09:00:00.000000',102,41,2),(4332,'2025-04-17','09:00:00.000000',83,32,2),(4333,'2025-04-17','09:00:00.000000',112,24,2),(4334,'2025-04-17','09:00:00.000000',126,33,2),(4335,'2025-04-17','09:00:00.000000',74,31,2),(4336,'2025-04-17','09:00:00.000000',114,34,2),(4337,'2025-04-17','09:00:00.000000',86,14,2),(4338,'2025-04-17','09:00:00.000000',115,12,2),(4339,'2025-04-17','09:00:00.000000',148,13,2),(4340,'2025-04-17','09:00:00.000000',55,23,2),(4341,'2025-04-17','09:00:00.000000',57,21,2),(4342,'2025-04-17','09:00:00.000000',97,3,2),(4343,'2025-04-17','09:00:00.000000',101,11,2),(4344,'2025-04-17','09:00:00.000000',139,4,2),(4345,'2025-04-17','09:00:00.000000',138,22,2),(4346,'2025-04-17','09:00:00.000000',90,1,2),(4347,'2025-04-17','09:00:00.000000',134,2,2),(4348,'2025-04-17','13:00:00.000000',123,21,2),(4349,'2025-04-17','13:00:00.000000',65,4,2),(4350,'2025-04-17','13:00:00.000000',55,23,2),(4351,'2025-04-17','13:00:00.000000',112,1,2),(4352,'2025-04-17','13:00:00.000000',87,2,2),(4353,'2025-04-17','13:00:00.000000',98,14,2),(4354,'2025-04-17','13:00:00.000000',139,13,2),(4355,'2025-04-17','13:00:00.000000',146,12,2),(4356,'2025-04-17','13:00:00.000000',125,22,2),(4357,'2025-04-17','13:00:00.000000',94,11,2),(4358,'2025-04-17','13:00:00.000000',139,3,2),(4359,'2025-04-17','13:00:00.000000',109,32,2),(4360,'2025-04-17','13:00:00.000000',133,31,2),(4361,'2025-04-17','13:00:00.000000',101,33,2),(4362,'2025-04-17','13:00:00.000000',120,24,2),(4363,'2025-04-17','13:00:00.000000',90,34,2),(4364,'2025-04-17','13:00:00.000000',111,43,2),(4365,'2025-04-17','13:00:00.000000',146,44,2),(4366,'2025-04-17','13:00:00.000000',139,41,2),(4367,'2025-04-17','13:00:00.000000',130,42,2),(4368,'2025-04-17','17:00:00.000000',56,43,2),(4369,'2025-04-17','17:00:00.000000',148,44,2),(4370,'2025-04-17','17:00:00.000000',147,41,2),(4371,'2025-04-17','17:00:00.000000',75,42,2),(4372,'2025-04-17','17:00:00.000000',77,33,2),(4373,'2025-04-17','17:00:00.000000',70,32,2),(4374,'2025-04-17','17:00:00.000000',147,31,2),(4375,'2025-04-17','17:00:00.000000',95,34,2),(4376,'2025-04-17','17:00:00.000000',80,24,2),(4377,'2025-04-17','17:00:00.000000',82,3,2),(4378,'2025-04-17','17:00:00.000000',99,13,2),(4379,'2025-04-17','17:00:00.000000',124,23,2),(4380,'2025-04-17','17:00:00.000000',84,2,2),(4381,'2025-04-17','17:00:00.000000',135,21,2),(4382,'2025-04-17','17:00:00.000000',140,11,2),(4383,'2025-04-17','17:00:00.000000',79,4,2),(4384,'2025-04-17','17:00:00.000000',106,1,2),(4385,'2025-04-17','17:00:00.000000',80,22,2),(4386,'2025-04-17','17:00:00.000000',122,12,2),(4387,'2025-04-17','17:00:00.000000',119,14,2),(4388,'2025-04-17','21:00:00.000000',68,21,2),(4389,'2025-04-17','21:00:00.000000',118,11,2),(4390,'2025-04-17','21:00:00.000000',103,13,2),(4391,'2025-04-17','21:00:00.000000',108,3,2),(4392,'2025-04-17','21:00:00.000000',138,12,2),(4393,'2025-04-17','21:00:00.000000',123,1,2),(4394,'2025-04-17','21:00:00.000000',115,14,2),(4395,'2025-04-17','21:00:00.000000',60,4,2),(4396,'2025-04-17','21:00:00.000000',138,23,2),(4397,'2025-04-17','21:00:00.000000',142,22,2),(4398,'2025-04-17','21:00:00.000000',95,2,2),(4399,'2025-04-17','21:00:00.000000',111,33,2),(4400,'2025-04-17','21:00:00.000000',110,24,2),(4401,'2025-04-17','21:00:00.000000',78,34,2),(4402,'2025-04-17','21:00:00.000000',84,31,2),(4403,'2025-04-17','21:00:00.000000',64,32,2),(4404,'2025-04-17','21:00:00.000000',106,43,2),(4405,'2025-04-17','21:00:00.000000',99,42,2),(4406,'2025-04-17','21:00:00.000000',149,44,2),(4407,'2025-04-17','21:00:00.000000',82,41,2),(4408,'2025-04-18','09:00:00.000000',107,40,2),(4409,'2025-04-18','09:00:00.000000',72,43,2),(4410,'2025-04-18','09:00:00.000000',144,42,2),(4411,'2025-04-18','09:00:00.000000',66,50,2),(4412,'2025-04-18','09:00:00.000000',149,41,2),(4413,'2025-04-18','09:00:00.000000',148,31,2),(4414,'2025-04-18','09:00:00.000000',131,33,2),(4415,'2025-04-18','09:00:00.000000',121,30,2),(4416,'2025-04-18','09:00:00.000000',103,32,2),(4417,'2025-04-18','09:00:00.000000',143,3,2),(4418,'2025-04-18','09:00:00.000000',73,1,2),(4419,'2025-04-18','09:00:00.000000',59,21,2),(4420,'2025-04-18','09:00:00.000000',67,13,2),(4421,'2025-04-18','09:00:00.000000',59,10,2),(4422,'2025-04-18','09:00:00.000000',94,2,2),(4423,'2025-04-18','09:00:00.000000',127,23,2),(4424,'2025-04-18','09:00:00.000000',76,11,2),(4425,'2025-04-18','09:00:00.000000',148,22,2),(4426,'2025-04-18','09:00:00.000000',96,20,2),(4427,'2025-04-18','09:00:00.000000',60,12,2),(4428,'2025-04-18','13:00:00.000000',132,22,2),(4429,'2025-04-18','13:00:00.000000',107,10,2),(4430,'2025-04-18','13:00:00.000000',119,2,2),(4431,'2025-04-18','13:00:00.000000',92,11,2),(4432,'2025-04-18','13:00:00.000000',108,12,2),(4433,'2025-04-18','13:00:00.000000',54,20,2),(4434,'2025-04-18','13:00:00.000000',78,21,2),(4435,'2025-04-18','13:00:00.000000',149,3,2),(4436,'2025-04-18','13:00:00.000000',108,23,2),(4437,'2025-04-18','13:00:00.000000',112,1,2),(4438,'2025-04-18','13:00:00.000000',86,13,2),(4439,'2025-04-18','13:00:00.000000',84,31,2),(4440,'2025-04-18','13:00:00.000000',135,33,2),(4441,'2025-04-18','13:00:00.000000',78,30,2),(4442,'2025-04-18','13:00:00.000000',130,32,2),(4443,'2025-04-18','13:00:00.000000',105,42,2),(4444,'2025-04-18','13:00:00.000000',144,50,2),(4445,'2025-04-18','13:00:00.000000',61,41,2),(4446,'2025-04-18','13:00:00.000000',127,40,2),(4447,'2025-04-18','13:00:00.000000',64,43,2),(4448,'2025-04-18','17:00:00.000000',59,40,2),(4449,'2025-04-18','17:00:00.000000',66,43,2),(4450,'2025-04-18','17:00:00.000000',69,41,2),(4451,'2025-04-18','17:00:00.000000',68,50,2),(4452,'2025-04-18','17:00:00.000000',144,42,2),(4453,'2025-04-18','17:00:00.000000',106,30,2),(4454,'2025-04-18','17:00:00.000000',64,33,2),(4455,'2025-04-18','17:00:00.000000',100,32,2),(4456,'2025-04-18','17:00:00.000000',140,31,2),(4457,'2025-04-18','17:00:00.000000',112,11,2),(4458,'2025-04-18','17:00:00.000000',141,20,2),(4459,'2025-04-18','17:00:00.000000',50,3,2),(4460,'2025-04-18','17:00:00.000000',112,1,2),(4461,'2025-04-18','17:00:00.000000',76,10,2),(4462,'2025-04-18','17:00:00.000000',71,13,2),(4463,'2025-04-18','17:00:00.000000',50,2,2),(4464,'2025-04-18','17:00:00.000000',144,12,2),(4465,'2025-04-18','17:00:00.000000',127,21,2),(4466,'2025-04-18','17:00:00.000000',88,23,2),(4467,'2025-04-18','17:00:00.000000',54,22,2),(4468,'2025-04-18','21:00:00.000000',70,21,2),(4469,'2025-04-18','21:00:00.000000',64,22,2),(4470,'2025-04-18','21:00:00.000000',118,3,2),(4471,'2025-04-18','21:00:00.000000',61,2,2),(4472,'2025-04-18','21:00:00.000000',73,13,2),(4473,'2025-04-18','21:00:00.000000',61,23,2),(4474,'2025-04-18','21:00:00.000000',88,12,2),(4475,'2025-04-18','21:00:00.000000',73,11,2),(4476,'2025-04-18','21:00:00.000000',75,10,2),(4477,'2025-04-18','21:00:00.000000',135,20,2),(4478,'2025-04-18','21:00:00.000000',66,1,2),(4479,'2025-04-18','21:00:00.000000',101,30,2),(4480,'2025-04-18','21:00:00.000000',122,31,2),(4481,'2025-04-18','21:00:00.000000',140,32,2),(4482,'2025-04-18','21:00:00.000000',79,33,2),(4483,'2025-04-18','21:00:00.000000',122,42,2),(4484,'2025-04-18','21:00:00.000000',148,50,2),(4485,'2025-04-18','21:00:00.000000',106,43,2),(4486,'2025-04-18','21:00:00.000000',145,41,2),(4487,'2025-04-18','21:00:00.000000',139,40,2),(4488,'2025-04-19','09:00:00.000000',60,50,2),(4489,'2025-04-19','09:00:00.000000',92,49,2),(4490,'2025-04-19','09:00:00.000000',72,40,2),(4491,'2025-04-19','09:00:00.000000',126,39,2),(4492,'2025-04-19','09:00:00.000000',92,41,2),(4493,'2025-04-19','09:00:00.000000',124,42,2),(4494,'2025-04-19','09:00:00.000000',53,29,2),(4495,'2025-04-19','09:00:00.000000',126,30,2),(4496,'2025-04-19','09:00:00.000000',62,32,2),(4497,'2025-04-19','09:00:00.000000',103,31,2),(4498,'2025-04-19','09:00:00.000000',118,19,2),(4499,'2025-04-19','09:00:00.000000',101,22,2),(4500,'2025-04-19','09:00:00.000000',82,1,2),(4501,'2025-04-19','09:00:00.000000',145,21,2),(4502,'2025-04-19','09:00:00.000000',144,12,2),(4503,'2025-04-19','09:00:00.000000',145,11,2),(4504,'2025-04-19','09:00:00.000000',91,2,2),(4505,'2025-04-19','09:00:00.000000',103,9,2),(4506,'2025-04-19','09:00:00.000000',137,20,2),(4507,'2025-04-19','09:00:00.000000',80,10,2),(4508,'2025-04-19','13:00:00.000000',79,21,2),(4509,'2025-04-19','13:00:00.000000',101,2,2),(4510,'2025-04-19','13:00:00.000000',59,20,2),(4511,'2025-04-19','13:00:00.000000',53,19,2),(4512,'2025-04-19','13:00:00.000000',57,22,2),(4513,'2025-04-19','13:00:00.000000',65,10,2),(4514,'2025-04-19','13:00:00.000000',119,9,2),(4515,'2025-04-19','13:00:00.000000',109,11,2),(4516,'2025-04-19','13:00:00.000000',133,12,2),(4517,'2025-04-19','13:00:00.000000',141,1,2),(4518,'2025-04-19','13:00:00.000000',136,32,2),(4519,'2025-04-19','13:00:00.000000',137,29,2),(4520,'2025-04-19','13:00:00.000000',99,31,2),(4521,'2025-04-19','13:00:00.000000',51,30,2),(4522,'2025-04-19','13:00:00.000000',84,49,2),(4523,'2025-04-19','13:00:00.000000',142,40,2),(4524,'2025-04-19','13:00:00.000000',62,39,2),(4525,'2025-04-19','13:00:00.000000',149,41,2),(4526,'2025-04-19','13:00:00.000000',125,50,2),(4527,'2025-04-19','13:00:00.000000',127,42,2),(4528,'2025-04-19','17:00:00.000000',126,49,2),(4529,'2025-04-19','17:00:00.000000',105,50,2),(4530,'2025-04-19','17:00:00.000000',62,40,2),(4531,'2025-04-19','17:00:00.000000',67,41,2),(4532,'2025-04-19','17:00:00.000000',111,39,2),(4533,'2025-04-19','17:00:00.000000',88,42,2),(4534,'2025-04-19','17:00:00.000000',115,31,2),(4535,'2025-04-19','17:00:00.000000',60,29,2),(4536,'2025-04-19','17:00:00.000000',92,30,2),(4537,'2025-04-19','17:00:00.000000',123,32,2),(4538,'2025-04-19','17:00:00.000000',89,2,2),(4539,'2025-04-19','17:00:00.000000',91,12,2),(4540,'2025-04-19','17:00:00.000000',102,20,2),(4541,'2025-04-19','17:00:00.000000',98,10,2),(4542,'2025-04-19','17:00:00.000000',83,11,2),(4543,'2025-04-19','17:00:00.000000',133,21,2),(4544,'2025-04-19','17:00:00.000000',125,1,2),(4545,'2025-04-19','17:00:00.000000',78,22,2),(4546,'2025-04-19','17:00:00.000000',115,9,2),(4547,'2025-04-19','17:00:00.000000',132,19,2),(4548,'2025-04-19','21:00:00.000000',68,20,2),(4549,'2025-04-19','21:00:00.000000',125,10,2),(4550,'2025-04-19','21:00:00.000000',53,19,2),(4551,'2025-04-19','21:00:00.000000',64,2,2),(4552,'2025-04-19','21:00:00.000000',68,9,2),(4553,'2025-04-19','21:00:00.000000',52,11,2),(4554,'2025-04-19','21:00:00.000000',94,22,2),(4555,'2025-04-19','21:00:00.000000',79,1,2),(4556,'2025-04-19','21:00:00.000000',124,12,2),(4557,'2025-04-19','21:00:00.000000',112,21,2),(4558,'2025-04-19','21:00:00.000000',77,32,2),(4559,'2025-04-19','21:00:00.000000',142,31,2),(4560,'2025-04-19','21:00:00.000000',138,29,2),(4561,'2025-04-19','21:00:00.000000',121,30,2),(4562,'2025-04-19','21:00:00.000000',54,42,2),(4563,'2025-04-19','21:00:00.000000',66,49,2),(4564,'2025-04-19','21:00:00.000000',113,41,2),(4565,'2025-04-19','21:00:00.000000',51,50,2),(4566,'2025-04-19','21:00:00.000000',115,39,2),(4567,'2025-04-19','21:00:00.000000',107,40,2),(4568,'2025-04-20','09:00:00.000000',81,40,2),(4569,'2025-04-20','09:00:00.000000',95,49,2),(4570,'2025-04-20','09:00:00.000000',125,50,2),(4571,'2025-04-20','09:00:00.000000',51,38,2),(4572,'2025-04-20','09:00:00.000000',138,48,2),(4573,'2025-04-20','09:00:00.000000',109,39,2),(4574,'2025-04-20','09:00:00.000000',74,41,2),(4575,'2025-04-20','09:00:00.000000',124,30,2),(4576,'2025-04-20','09:00:00.000000',99,31,2),(4577,'2025-04-20','09:00:00.000000',110,29,2),(4578,'2025-04-20','09:00:00.000000',106,28,2),(4579,'2025-04-20','09:00:00.000000',124,21,2),(4580,'2025-04-20','09:00:00.000000',133,20,2),(4581,'2025-04-20','09:00:00.000000',139,18,2),(4582,'2025-04-20','09:00:00.000000',119,8,2),(4583,'2025-04-20','09:00:00.000000',90,11,2),(4584,'2025-04-20','09:00:00.000000',106,1,2),(4585,'2025-04-20','09:00:00.000000',72,9,2),(4586,'2025-04-20','09:00:00.000000',77,10,2),(4587,'2025-04-20','09:00:00.000000',125,19,2),(4588,'2025-04-20','13:00:00.000000',50,11,2),(4589,'2025-04-20','13:00:00.000000',136,20,2),(4590,'2025-04-20','13:00:00.000000',87,10,2),(4591,'2025-04-20','13:00:00.000000',118,18,2),(4592,'2025-04-20','13:00:00.000000',133,9,2),(4593,'2025-04-20','13:00:00.000000',116,19,2),(4594,'2025-04-20','13:00:00.000000',138,1,2),(4595,'2025-04-20','13:00:00.000000',117,8,2),(4596,'2025-04-20','13:00:00.000000',80,21,2),(4597,'2025-04-20','13:00:00.000000',144,30,2),(4598,'2025-04-20','13:00:00.000000',122,29,2),(4599,'2025-04-20','13:00:00.000000',113,31,2),(4600,'2025-04-20','13:00:00.000000',68,28,2),(4601,'2025-04-20','13:00:00.000000',145,48,2),(4602,'2025-04-20','13:00:00.000000',100,39,2),(4603,'2025-04-20','13:00:00.000000',109,49,2),(4604,'2025-04-20','13:00:00.000000',140,50,2),(4605,'2025-04-20','13:00:00.000000',120,41,2),(4606,'2025-04-20','13:00:00.000000',88,38,2),(4607,'2025-04-20','13:00:00.000000',103,40,2),(4608,'2025-04-20','17:00:00.000000',114,38,2),(4609,'2025-04-20','17:00:00.000000',62,40,2),(4610,'2025-04-20','17:00:00.000000',92,41,2),(4611,'2025-04-20','17:00:00.000000',147,39,2),(4612,'2025-04-20','17:00:00.000000',67,49,2),(4613,'2025-04-20','17:00:00.000000',146,48,2),(4614,'2025-04-20','17:00:00.000000',143,50,2),(4615,'2025-04-20','17:00:00.000000',116,30,2),(4616,'2025-04-20','17:00:00.000000',117,29,2),(4617,'2025-04-20','17:00:00.000000',62,28,2),(4618,'2025-04-20','17:00:00.000000',72,31,2),(4619,'2025-04-20','17:00:00.000000',81,9,2),(4620,'2025-04-20','17:00:00.000000',102,10,2),(4621,'2025-04-20','17:00:00.000000',73,8,2),(4622,'2025-04-20','17:00:00.000000',132,20,2),(4623,'2025-04-20','17:00:00.000000',102,19,2),(4624,'2025-04-20','17:00:00.000000',78,1,2),(4625,'2025-04-20','17:00:00.000000',109,21,2),(4626,'2025-04-20','17:00:00.000000',100,18,2),(4627,'2025-04-20','17:00:00.000000',71,11,2),(4628,'2025-04-20','21:00:00.000000',135,1,2),(4629,'2025-04-20','21:00:00.000000',81,19,2),(4630,'2025-04-20','21:00:00.000000',108,9,2),(4631,'2025-04-20','21:00:00.000000',145,18,2),(4632,'2025-04-20','21:00:00.000000',59,10,2),(4633,'2025-04-20','21:00:00.000000',99,8,2),(4634,'2025-04-20','21:00:00.000000',58,20,2),(4635,'2025-04-20','21:00:00.000000',139,21,2),(4636,'2025-04-20','21:00:00.000000',51,11,2),(4637,'2025-04-20','21:00:00.000000',131,28,2),(4638,'2025-04-20','21:00:00.000000',129,30,2),(4639,'2025-04-20','21:00:00.000000',66,31,2),(4640,'2025-04-20','21:00:00.000000',105,29,2),(4641,'2025-04-20','21:00:00.000000',78,48,2),(4642,'2025-04-20','21:00:00.000000',63,41,2),(4643,'2025-04-20','21:00:00.000000',58,49,2),(4644,'2025-04-20','21:00:00.000000',74,50,2),(4645,'2025-04-20','21:00:00.000000',77,38,2),(4646,'2025-04-20','21:00:00.000000',85,40,2),(4647,'2025-04-20','21:00:00.000000',95,39,2),(4648,'2025-04-21','09:00:00.000000',119,47,2),(4649,'2025-04-21','09:00:00.000000',100,48,2),(4650,'2025-04-21','09:00:00.000000',114,39,2),(4651,'2025-04-21','09:00:00.000000',127,40,2),(4652,'2025-04-21','09:00:00.000000',94,50,2),(4653,'2025-04-21','09:00:00.000000',56,38,2),(4654,'2025-04-21','09:00:00.000000',85,49,2),(4655,'2025-04-21','09:00:00.000000',65,37,2),(4656,'2025-04-21','09:00:00.000000',124,28,2),(4657,'2025-04-21','09:00:00.000000',112,29,2),(4658,'2025-04-21','09:00:00.000000',67,30,2),(4659,'2025-04-21','09:00:00.000000',88,27,2),(4660,'2025-04-21','09:00:00.000000',95,19,2),(4661,'2025-04-21','09:00:00.000000',61,20,2),(4662,'2025-04-21','09:00:00.000000',69,18,2),(4663,'2025-04-21','09:00:00.000000',121,17,2),(4664,'2025-04-21','09:00:00.000000',120,7,2),(4665,'2025-04-21','09:00:00.000000',50,8,2),(4666,'2025-04-21','09:00:00.000000',123,9,2),(4667,'2025-04-21','09:00:00.000000',104,10,2),(4668,'2025-04-21','13:00:00.000000',122,20,2),(4669,'2025-04-21','13:00:00.000000',137,19,2),(4670,'2025-04-21','13:00:00.000000',62,10,2),(4671,'2025-04-21','13:00:00.000000',73,17,2),(4672,'2025-04-21','13:00:00.000000',145,7,2),(4673,'2025-04-21','13:00:00.000000',146,9,2),(4674,'2025-04-21','13:00:00.000000',63,18,2),(4675,'2025-04-21','13:00:00.000000',54,8,2),(4676,'2025-04-21','13:00:00.000000',109,30,2),(4677,'2025-04-21','13:00:00.000000',82,28,2),(4678,'2025-04-21','13:00:00.000000',121,27,2),(4679,'2025-04-21','13:00:00.000000',84,29,2),(4680,'2025-04-21','13:00:00.000000',71,37,2),(4681,'2025-04-21','13:00:00.000000',147,48,2),(4682,'2025-04-21','13:00:00.000000',97,40,2),(4683,'2025-04-21','13:00:00.000000',120,38,2),(4684,'2025-04-21','13:00:00.000000',118,49,2),(4685,'2025-04-21','13:00:00.000000',120,39,2),(4686,'2025-04-21','13:00:00.000000',116,50,2),(4687,'2025-04-21','13:00:00.000000',116,47,2),(4688,'2025-04-21','17:00:00.000000',113,39,2),(4689,'2025-04-21','17:00:00.000000',62,48,2),(4690,'2025-04-21','17:00:00.000000',137,40,2),(4691,'2025-04-21','17:00:00.000000',52,49,2),(4692,'2025-04-21','17:00:00.000000',98,38,2),(4693,'2025-04-21','17:00:00.000000',145,50,2),(4694,'2025-04-21','17:00:00.000000',105,47,2),(4695,'2025-04-21','17:00:00.000000',147,37,2),(4696,'2025-04-21','17:00:00.000000',112,28,2),(4697,'2025-04-21','17:00:00.000000',75,30,2),(4698,'2025-04-21','17:00:00.000000',87,29,2),(4699,'2025-04-21','17:00:00.000000',122,27,2),(4700,'2025-04-21','17:00:00.000000',86,10,2),(4701,'2025-04-21','17:00:00.000000',114,19,2),(4702,'2025-04-21','17:00:00.000000',64,17,2),(4703,'2025-04-21','17:00:00.000000',85,9,2),(4704,'2025-04-21','17:00:00.000000',118,7,2),(4705,'2025-04-21','17:00:00.000000',56,8,2),(4706,'2025-04-21','17:00:00.000000',98,18,2),(4707,'2025-04-21','17:00:00.000000',100,20,2),(4708,'2025-04-21','21:00:00.000000',93,18,2),(4709,'2025-04-21','21:00:00.000000',66,17,2),(4710,'2025-04-21','21:00:00.000000',65,7,2),(4711,'2025-04-21','21:00:00.000000',92,8,2),(4712,'2025-04-21','21:00:00.000000',110,9,2),(4713,'2025-04-21','21:00:00.000000',110,20,2),(4714,'2025-04-21','21:00:00.000000',128,19,2),(4715,'2025-04-21','21:00:00.000000',73,10,2),(4716,'2025-04-21','21:00:00.000000',76,28,2),(4717,'2025-04-21','21:00:00.000000',140,30,2),(4718,'2025-04-21','21:00:00.000000',133,29,2),(4719,'2025-04-21','21:00:00.000000',72,37,2),(4720,'2025-04-21','21:00:00.000000',114,27,2),(4721,'2025-04-21','21:00:00.000000',98,39,2),(4722,'2025-04-21','21:00:00.000000',140,38,2),(4723,'2025-04-21','21:00:00.000000',105,48,2),(4724,'2025-04-21','21:00:00.000000',54,50,2),(4725,'2025-04-21','21:00:00.000000',53,47,2),(4726,'2025-04-21','21:00:00.000000',146,40,2),(4727,'2025-04-21','21:00:00.000000',97,49,2),(4728,'2025-04-22','09:00:00.000000',95,48,2),(4729,'2025-04-22','09:00:00.000000',132,49,2),(4730,'2025-04-22','09:00:00.000000',79,46,2),(4731,'2025-04-22','09:00:00.000000',126,47,2),(4732,'2025-04-22','09:00:00.000000',126,38,2),(4733,'2025-04-22','09:00:00.000000',104,39,2),(4734,'2025-04-22','09:00:00.000000',120,28,2),(4735,'2025-04-22','09:00:00.000000',92,37,2),(4736,'2025-04-22','09:00:00.000000',89,29,2),(4737,'2025-04-22','09:00:00.000000',146,26,2),(4738,'2025-04-22','09:00:00.000000',128,36,2),(4739,'2025-04-22','09:00:00.000000',78,27,2),(4740,'2025-04-22','09:00:00.000000',125,17,2),(4741,'2025-04-22','09:00:00.000000',56,6,2),(4742,'2025-04-22','09:00:00.000000',120,8,2),(4743,'2025-04-22','09:00:00.000000',136,9,2),(4744,'2025-04-22','09:00:00.000000',64,18,2),(4745,'2025-04-22','09:00:00.000000',117,7,2),(4746,'2025-04-22','09:00:00.000000',74,16,2),(4747,'2025-04-22','09:00:00.000000',91,19,2),(4748,'2025-04-22','13:00:00.000000',79,7,2),(4749,'2025-04-22','13:00:00.000000',74,6,2),(4750,'2025-04-22','13:00:00.000000',116,9,2),(4751,'2025-04-22','13:00:00.000000',134,8,2),(4752,'2025-04-22','13:00:00.000000',76,16,2),(4753,'2025-04-22','13:00:00.000000',144,17,2),(4754,'2025-04-22','13:00:00.000000',54,18,2),(4755,'2025-04-22','13:00:00.000000',113,19,2),(4756,'2025-04-22','13:00:00.000000',65,36,2),(4757,'2025-04-22','13:00:00.000000',87,37,2),(4758,'2025-04-22','13:00:00.000000',120,28,2),(4759,'2025-04-22','13:00:00.000000',78,27,2),(4760,'2025-04-22','13:00:00.000000',139,26,2),(4761,'2025-04-22','13:00:00.000000',66,29,2),(4762,'2025-04-22','13:00:00.000000',107,48,2),(4763,'2025-04-22','13:00:00.000000',98,49,2),(4764,'2025-04-22','13:00:00.000000',94,47,2),(4765,'2025-04-22','13:00:00.000000',65,46,2),(4766,'2025-04-22','13:00:00.000000',63,38,2),(4767,'2025-04-22','13:00:00.000000',70,39,2),(4768,'2025-04-22','17:00:00.000000',65,47,2),(4769,'2025-04-22','17:00:00.000000',97,48,2),(4770,'2025-04-22','17:00:00.000000',146,38,2),(4771,'2025-04-22','17:00:00.000000',99,39,2),(4772,'2025-04-22','17:00:00.000000',99,46,2),(4773,'2025-04-22','17:00:00.000000',102,49,2),(4774,'2025-04-22','17:00:00.000000',122,27,2),(4775,'2025-04-22','17:00:00.000000',110,28,2),(4776,'2025-04-22','17:00:00.000000',64,37,2),(4777,'2025-04-22','17:00:00.000000',97,29,2),(4778,'2025-04-22','17:00:00.000000',148,36,2),(4779,'2025-04-22','17:00:00.000000',66,26,2),(4780,'2025-04-22','17:00:00.000000',82,17,2),(4781,'2025-04-22','17:00:00.000000',76,7,2),(4782,'2025-04-22','17:00:00.000000',86,18,2),(4783,'2025-04-22','17:00:00.000000',51,16,2),(4784,'2025-04-22','17:00:00.000000',54,6,2),(4785,'2025-04-22','17:00:00.000000',101,8,2),(4786,'2025-04-22','17:00:00.000000',142,19,2),(4787,'2025-04-22','17:00:00.000000',131,9,2),(4788,'2025-04-22','21:00:00.000000',140,8,2),(4789,'2025-04-22','21:00:00.000000',117,7,2),(4790,'2025-04-22','21:00:00.000000',144,16,2),(4791,'2025-04-22','21:00:00.000000',109,18,2),(4792,'2025-04-22','21:00:00.000000',130,9,2),(4793,'2025-04-22','21:00:00.000000',116,19,2),(4794,'2025-04-22','21:00:00.000000',149,6,2),(4795,'2025-04-22','21:00:00.000000',139,17,2),(4796,'2025-04-22','21:00:00.000000',81,26,2),(4797,'2025-04-22','21:00:00.000000',62,37,2),(4798,'2025-04-22','21:00:00.000000',56,29,2),(4799,'2025-04-22','21:00:00.000000',109,36,2),(4800,'2025-04-22','21:00:00.000000',126,28,2),(4801,'2025-04-22','21:00:00.000000',127,27,2),(4802,'2025-04-22','21:00:00.000000',127,46,2),(4803,'2025-04-22','21:00:00.000000',73,38,2),(4804,'2025-04-22','21:00:00.000000',58,39,2),(4805,'2025-04-22','21:00:00.000000',121,49,2),(4806,'2025-04-22','21:00:00.000000',94,47,2),(4807,'2025-04-22','21:00:00.000000',109,48,2),(4808,'2025-04-23','09:00:00.000000',96,48,2),(4809,'2025-04-23','09:00:00.000000',101,38,2),(4810,'2025-04-23','09:00:00.000000',136,45,2),(4811,'2025-04-23','09:00:00.000000',132,46,2),(4812,'2025-04-23','09:00:00.000000',128,47,2),(4813,'2025-04-23','09:00:00.000000',50,36,2),(4814,'2025-04-23','09:00:00.000000',89,28,2),(4815,'2025-04-23','09:00:00.000000',89,37,2),(4816,'2025-04-23','09:00:00.000000',62,35,2),(4817,'2025-04-23','09:00:00.000000',108,27,2),(4818,'2025-04-23','09:00:00.000000',131,25,2),(4819,'2025-04-23','09:00:00.000000',67,26,2),(4820,'2025-04-23','09:00:00.000000',116,7,2),(4821,'2025-04-23','09:00:00.000000',116,5,2),(4822,'2025-04-23','09:00:00.000000',135,15,2),(4823,'2025-04-23','09:00:00.000000',85,16,2),(4824,'2025-04-23','09:00:00.000000',74,18,2),(4825,'2025-04-23','09:00:00.000000',122,8,2),(4826,'2025-04-23','09:00:00.000000',101,6,2),(4827,'2025-04-23','09:00:00.000000',110,17,2),(4828,'2025-04-23','13:00:00.000000',87,5,2),(4829,'2025-04-23','13:00:00.000000',54,7,2),(4830,'2025-04-23','13:00:00.000000',133,15,2),(4831,'2025-04-23','13:00:00.000000',125,18,2),(4832,'2025-04-23','13:00:00.000000',67,16,2),(4833,'2025-04-23','13:00:00.000000',52,8,2),(4834,'2025-04-23','13:00:00.000000',114,6,2),(4835,'2025-04-23','13:00:00.000000',88,17,2),(4836,'2025-04-23','13:00:00.000000',117,28,2),(4837,'2025-04-23','13:00:00.000000',123,26,2),(4838,'2025-04-23','13:00:00.000000',88,25,2),(4839,'2025-04-23','13:00:00.000000',99,37,2),(4840,'2025-04-23','13:00:00.000000',110,36,2),(4841,'2025-04-23','13:00:00.000000',112,27,2),(4842,'2025-04-23','13:00:00.000000',96,35,2),(4843,'2025-04-23','13:00:00.000000',128,38,2),(4844,'2025-04-23','13:00:00.000000',137,46,2),(4845,'2025-04-23','13:00:00.000000',50,47,2),(4846,'2025-04-23','13:00:00.000000',107,45,2),(4847,'2025-04-23','13:00:00.000000',106,48,2),(4848,'2025-04-23','17:00:00.000000',131,38,2),(4849,'2025-04-23','17:00:00.000000',50,45,2),(4850,'2025-04-23','17:00:00.000000',68,46,2),(4851,'2025-04-23','17:00:00.000000',95,48,2),(4852,'2025-04-23','17:00:00.000000',58,47,2),(4853,'2025-04-23','17:00:00.000000',50,36,2),(4854,'2025-04-23','17:00:00.000000',148,28,2),(4855,'2025-04-23','17:00:00.000000',119,37,2),(4856,'2025-04-23','17:00:00.000000',133,26,2),(4857,'2025-04-23','17:00:00.000000',134,27,2),(4858,'2025-04-23','17:00:00.000000',123,35,2),(4859,'2025-04-23','17:00:00.000000',120,25,2),(4860,'2025-04-23','17:00:00.000000',100,16,2),(4861,'2025-04-23','17:00:00.000000',129,8,2),(4862,'2025-04-23','17:00:00.000000',94,17,2),(4863,'2025-04-23','17:00:00.000000',100,18,2),(4864,'2025-04-23','17:00:00.000000',126,15,2),(4865,'2025-04-23','17:00:00.000000',140,6,2),(4866,'2025-04-23','17:00:00.000000',56,5,2),(4867,'2025-04-23','17:00:00.000000',101,7,2),(4868,'2025-04-23','21:00:00.000000',148,8,2),(4869,'2025-04-23','21:00:00.000000',115,5,2),(4870,'2025-04-23','21:00:00.000000',108,18,2),(4871,'2025-04-23','21:00:00.000000',101,7,2),(4872,'2025-04-23','21:00:00.000000',144,17,2),(4873,'2025-04-23','21:00:00.000000',112,6,2),(4874,'2025-04-23','21:00:00.000000',94,16,2),(4875,'2025-04-23','21:00:00.000000',83,15,2),(4876,'2025-04-23','21:00:00.000000',149,37,2),(4877,'2025-04-23','21:00:00.000000',64,26,2),(4878,'2025-04-23','21:00:00.000000',88,25,2),(4879,'2025-04-23','21:00:00.000000',90,35,2),(4880,'2025-04-23','21:00:00.000000',103,27,2),(4881,'2025-04-23','21:00:00.000000',97,36,2),(4882,'2025-04-23','21:00:00.000000',92,28,2),(4883,'2025-04-23','21:00:00.000000',97,47,2),(4884,'2025-04-23','21:00:00.000000',51,46,2),(4885,'2025-04-23','21:00:00.000000',92,38,2),(4886,'2025-04-23','21:00:00.000000',106,48,2),(4887,'2025-04-23','21:00:00.000000',65,45,2),(4888,'2025-04-24','09:00:00.000000',88,47,2),(4889,'2025-04-24','09:00:00.000000',116,45,2),(4890,'2025-04-24','09:00:00.000000',76,46,2),(4891,'2025-04-24','09:00:00.000000',128,44,2),(4892,'2025-04-24','09:00:00.000000',77,37,2),(4893,'2025-04-24','09:00:00.000000',107,24,2),(4894,'2025-04-24','09:00:00.000000',140,25,2),(4895,'2025-04-24','09:00:00.000000',78,26,2),(4896,'2025-04-24','09:00:00.000000',103,35,2),(4897,'2025-04-24','09:00:00.000000',88,27,2),(4898,'2025-04-24','09:00:00.000000',118,34,2),(4899,'2025-04-24','09:00:00.000000',145,36,2),(4900,'2025-04-24','09:00:00.000000',50,4,2),(4901,'2025-04-24','09:00:00.000000',109,17,2),(4902,'2025-04-24','09:00:00.000000',65,6,2),(4903,'2025-04-24','09:00:00.000000',101,14,2),(4904,'2025-04-24','09:00:00.000000',69,16,2),(4905,'2025-04-24','09:00:00.000000',129,7,2),(4906,'2025-04-24','09:00:00.000000',59,5,2),(4907,'2025-04-24','09:00:00.000000',60,15,2),(4908,'2025-04-24','13:00:00.000000',103,14,2),(4909,'2025-04-24','13:00:00.000000',131,7,2),(4910,'2025-04-24','13:00:00.000000',76,17,2),(4911,'2025-04-24','13:00:00.000000',70,6,2),(4912,'2025-04-24','13:00:00.000000',141,16,2),(4913,'2025-04-24','13:00:00.000000',70,15,2),(4914,'2025-04-24','13:00:00.000000',132,4,2),(4915,'2025-04-24','13:00:00.000000',92,5,2),(4916,'2025-04-24','13:00:00.000000',143,35,2),(4917,'2025-04-24','13:00:00.000000',107,37,2),(4918,'2025-04-24','13:00:00.000000',65,26,2),(4919,'2025-04-24','13:00:00.000000',131,24,2),(4920,'2025-04-24','13:00:00.000000',89,36,2),(4921,'2025-04-24','13:00:00.000000',57,34,2),(4922,'2025-04-24','13:00:00.000000',64,27,2),(4923,'2025-04-24','13:00:00.000000',111,25,2),(4924,'2025-04-24','13:00:00.000000',145,47,2),(4925,'2025-04-24','13:00:00.000000',70,46,2),(4926,'2025-04-24','13:00:00.000000',120,45,2),(4927,'2025-04-24','13:00:00.000000',68,44,2),(4928,'2025-04-24','17:00:00.000000',78,45,2),(4929,'2025-04-24','17:00:00.000000',62,47,2),(4930,'2025-04-24','17:00:00.000000',142,46,2),(4931,'2025-04-24','17:00:00.000000',121,44,2),(4932,'2025-04-24','17:00:00.000000',121,35,2),(4933,'2025-04-24','17:00:00.000000',133,26,2),(4934,'2025-04-24','17:00:00.000000',95,27,2),(4935,'2025-04-24','17:00:00.000000',73,34,2),(4936,'2025-04-24','17:00:00.000000',149,36,2),(4937,'2025-04-24','17:00:00.000000',66,24,2),(4938,'2025-04-24','17:00:00.000000',70,37,2),(4939,'2025-04-24','17:00:00.000000',56,25,2),(4940,'2025-04-24','17:00:00.000000',62,16,2),(4941,'2025-04-24','17:00:00.000000',50,5,2),(4942,'2025-04-24','17:00:00.000000',122,14,2),(4943,'2025-04-24','17:00:00.000000',87,4,2),(4944,'2025-04-24','17:00:00.000000',59,7,2),(4945,'2025-04-24','17:00:00.000000',108,17,2),(4946,'2025-04-24','17:00:00.000000',111,6,2),(4947,'2025-04-24','17:00:00.000000',80,15,2),(4948,'2025-04-24','21:00:00.000000',51,4,2),(4949,'2025-04-24','21:00:00.000000',69,5,2),(4950,'2025-04-24','21:00:00.000000',138,17,2),(4951,'2025-04-24','21:00:00.000000',113,6,2),(4952,'2025-04-24','21:00:00.000000',86,14,2),(4953,'2025-04-24','21:00:00.000000',73,16,2),(4954,'2025-04-24','21:00:00.000000',127,15,2),(4955,'2025-04-24','21:00:00.000000',72,7,2),(4956,'2025-04-24','21:00:00.000000',53,34,2),(4957,'2025-04-24','21:00:00.000000',51,24,2),(4958,'2025-04-24','21:00:00.000000',97,37,2),(4959,'2025-04-24','21:00:00.000000',54,27,2),(4960,'2025-04-24','21:00:00.000000',117,26,2),(4961,'2025-04-24','21:00:00.000000',139,25,2),(4962,'2025-04-24','21:00:00.000000',71,35,2),(4963,'2025-04-24','21:00:00.000000',70,36,2),(4964,'2025-04-24','21:00:00.000000',96,44,2),(4965,'2025-04-24','21:00:00.000000',107,45,2),(4966,'2025-04-24','21:00:00.000000',97,46,2),(4967,'2025-04-24','21:00:00.000000',139,47,2),(4968,'2025-04-25','09:00:00.000000',141,43,2),(4969,'2025-04-25','09:00:00.000000',54,46,2),(4970,'2025-04-25','09:00:00.000000',127,45,2),(4971,'2025-04-25','09:00:00.000000',149,44,2),(4972,'2025-04-25','09:00:00.000000',107,34,2),(4973,'2025-04-25','09:00:00.000000',118,33,2),(4974,'2025-04-25','09:00:00.000000',87,24,2),(4975,'2025-04-25','09:00:00.000000',105,25,2),(4976,'2025-04-25','09:00:00.000000',66,35,2),(4977,'2025-04-25','09:00:00.000000',149,26,2),(4978,'2025-04-25','09:00:00.000000',105,36,2),(4979,'2025-04-25','09:00:00.000000',148,6,2),(4980,'2025-04-25','09:00:00.000000',121,23,2),(4981,'2025-04-25','09:00:00.000000',112,4,2),(4982,'2025-04-25','09:00:00.000000',69,13,2),(4983,'2025-04-25','09:00:00.000000',56,14,2),(4984,'2025-04-25','09:00:00.000000',51,16,2),(4985,'2025-04-25','09:00:00.000000',144,3,2),(4986,'2025-04-25','09:00:00.000000',80,5,2),(4987,'2025-04-25','09:00:00.000000',136,15,2),(4988,'2025-04-25','13:00:00.000000',69,6,2),(4989,'2025-04-25','13:00:00.000000',102,15,2),(4990,'2025-04-25','13:00:00.000000',86,14,2),(4991,'2025-04-25','13:00:00.000000',91,3,2),(4992,'2025-04-25','13:00:00.000000',85,23,2),(4993,'2025-04-25','13:00:00.000000',141,16,2),(4994,'2025-04-25','13:00:00.000000',95,13,2),(4995,'2025-04-25','13:00:00.000000',84,5,2),(4996,'2025-04-25','13:00:00.000000',92,4,2),(4997,'2025-04-25','13:00:00.000000',134,34,2),(4998,'2025-04-25','13:00:00.000000',121,24,2),(4999,'2025-04-25','13:00:00.000000',134,25,2),(5000,'2025-04-25','13:00:00.000000',57,35,2),(5001,'2025-04-25','13:00:00.000000',148,26,2),(5002,'2025-04-25','13:00:00.000000',119,33,2),(5003,'2025-04-25','13:00:00.000000',74,36,2),(5004,'2025-04-25','13:00:00.000000',135,43,2),(5005,'2025-04-25','13:00:00.000000',54,45,2),(5006,'2025-04-25','13:00:00.000000',70,46,2),(5007,'2025-04-25','13:00:00.000000',132,44,2),(5008,'2025-04-25','17:00:00.000000',128,43,2),(5009,'2025-04-25','17:00:00.000000',64,45,2),(5010,'2025-04-25','17:00:00.000000',115,46,2),(5011,'2025-04-25','17:00:00.000000',86,44,2),(5012,'2025-04-25','17:00:00.000000',76,33,2),(5013,'2025-04-25','17:00:00.000000',138,34,2),(5014,'2025-04-25','17:00:00.000000',106,25,2),(5015,'2025-04-25','17:00:00.000000',71,36,2),(5016,'2025-04-25','17:00:00.000000',147,26,2),(5017,'2025-04-25','17:00:00.000000',89,24,2),(5018,'2025-04-25','17:00:00.000000',123,35,2),(5019,'2025-04-25','17:00:00.000000',129,5,2),(5020,'2025-04-25','17:00:00.000000',75,15,2),(5021,'2025-04-25','17:00:00.000000',85,23,2),(5022,'2025-04-25','17:00:00.000000',132,4,2),(5023,'2025-04-25','17:00:00.000000',101,16,2),(5024,'2025-04-25','17:00:00.000000',74,14,2),(5025,'2025-04-25','17:00:00.000000',120,3,2),(5026,'2025-04-25','17:00:00.000000',83,6,2),(5027,'2025-04-25','17:00:00.000000',85,13,2),(5028,'2025-04-25','21:00:00.000000',145,14,2),(5029,'2025-04-25','21:00:00.000000',71,5,2),(5030,'2025-04-25','21:00:00.000000',65,6,2),(5031,'2025-04-25','21:00:00.000000',141,15,2),(5032,'2025-04-25','21:00:00.000000',107,4,2),(5033,'2025-04-25','21:00:00.000000',71,16,2),(5034,'2025-04-25','21:00:00.000000',120,3,2),(5035,'2025-04-25','21:00:00.000000',63,23,2),(5036,'2025-04-25','21:00:00.000000',127,13,2),(5037,'2025-04-25','21:00:00.000000',104,33,2),(5038,'2025-04-25','21:00:00.000000',115,25,2),(5039,'2025-04-25','21:00:00.000000',146,26,2),(5040,'2025-04-25','21:00:00.000000',136,35,2),(5041,'2025-04-25','21:00:00.000000',92,24,2),(5042,'2025-04-25','21:00:00.000000',68,34,2),(5043,'2025-04-25','21:00:00.000000',111,36,2),(5044,'2025-04-25','21:00:00.000000',118,46,2),(5045,'2025-04-25','21:00:00.000000',119,43,2),(5046,'2025-04-25','21:00:00.000000',84,44,2),(5047,'2025-04-25','21:00:00.000000',73,45,2),(5048,'2025-04-26','09:00:00.000000',101,44,2),(5049,'2025-04-26','09:00:00.000000',60,45,2),(5050,'2025-04-26','09:00:00.000000',138,42,2),(5051,'2025-04-26','09:00:00.000000',97,43,2),(5052,'2025-04-26','09:00:00.000000',143,25,2),(5053,'2025-04-26','09:00:00.000000',110,34,2),(5054,'2025-04-26','09:00:00.000000',63,24,2),(5055,'2025-04-26','09:00:00.000000',107,35,2),(5056,'2025-04-26','09:00:00.000000',69,33,2),(5057,'2025-04-26','09:00:00.000000',50,32,2),(5058,'2025-04-26','09:00:00.000000',85,13,2),(5059,'2025-04-26','09:00:00.000000',69,23,2),(5060,'2025-04-26','09:00:00.000000',75,14,2),(5061,'2025-04-26','09:00:00.000000',149,15,2),(5062,'2025-04-26','09:00:00.000000',65,12,2),(5063,'2025-04-26','09:00:00.000000',93,5,2),(5064,'2025-04-26','09:00:00.000000',134,2,2),(5065,'2025-04-26','09:00:00.000000',52,3,2),(5066,'2025-04-26','09:00:00.000000',109,4,2),(5067,'2025-04-26','09:00:00.000000',56,22,2),(5068,'2025-04-26','13:00:00.000000',75,15,2),(5069,'2025-04-26','13:00:00.000000',74,14,2),(5070,'2025-04-26','13:00:00.000000',142,22,2),(5071,'2025-04-26','13:00:00.000000',106,3,2),(5072,'2025-04-26','13:00:00.000000',97,23,2),(5073,'2025-04-26','13:00:00.000000',82,13,2),(5074,'2025-04-26','13:00:00.000000',131,4,2),(5075,'2025-04-26','13:00:00.000000',61,12,2),(5076,'2025-04-26','13:00:00.000000',114,2,2),(5077,'2025-04-26','13:00:00.000000',140,5,2),(5078,'2025-04-26','13:00:00.000000',114,32,2),(5079,'2025-04-26','13:00:00.000000',129,24,2),(5080,'2025-04-26','13:00:00.000000',126,33,2),(5081,'2025-04-26','13:00:00.000000',63,25,2),(5082,'2025-04-26','13:00:00.000000',118,34,2),(5083,'2025-04-26','13:00:00.000000',133,35,2),(5084,'2025-04-26','13:00:00.000000',96,44,2),(5085,'2025-04-26','13:00:00.000000',91,45,2),(5086,'2025-04-26','13:00:00.000000',113,42,2),(5087,'2025-04-26','13:00:00.000000',97,43,2),(5088,'2025-04-26','17:00:00.000000',80,43,2),(5089,'2025-04-26','17:00:00.000000',81,45,2),(5090,'2025-04-26','17:00:00.000000',126,42,2),(5091,'2025-04-26','17:00:00.000000',110,44,2),(5092,'2025-04-26','17:00:00.000000',124,32,2),(5093,'2025-04-26','17:00:00.000000',104,33,2),(5094,'2025-04-26','17:00:00.000000',143,34,2),(5095,'2025-04-26','17:00:00.000000',103,35,2),(5096,'2025-04-26','17:00:00.000000',107,25,2),(5097,'2025-04-26','17:00:00.000000',110,24,2),(5098,'2025-04-26','17:00:00.000000',149,14,2),(5099,'2025-04-26','17:00:00.000000',69,22,2),(5100,'2025-04-26','17:00:00.000000',110,3,2),(5101,'2025-04-26','17:00:00.000000',98,4,2),(5102,'2025-04-26','17:00:00.000000',95,2,2),(5103,'2025-04-26','17:00:00.000000',119,5,2),(5104,'2025-04-26','17:00:00.000000',59,15,2),(5105,'2025-04-26','17:00:00.000000',63,12,2),(5106,'2025-04-26','17:00:00.000000',90,23,2),(5107,'2025-04-26','17:00:00.000000',92,13,2),(5108,'2025-04-26','21:00:00.000000',84,22,2),(5109,'2025-04-26','21:00:00.000000',100,23,2),(5110,'2025-04-26','21:00:00.000000',123,15,2),(5111,'2025-04-26','21:00:00.000000',73,14,2),(5112,'2025-04-26','21:00:00.000000',109,13,2),(5113,'2025-04-26','21:00:00.000000',69,12,2),(5114,'2025-04-26','21:00:00.000000',98,3,2),(5115,'2025-04-26','21:00:00.000000',102,5,2),(5116,'2025-04-26','21:00:00.000000',104,2,2),(5117,'2025-04-26','21:00:00.000000',137,4,2),(5118,'2025-04-26','21:00:00.000000',82,34,2),(5119,'2025-04-26','21:00:00.000000',110,35,2),(5120,'2025-04-26','21:00:00.000000',75,25,2),(5121,'2025-04-26','21:00:00.000000',81,33,2),(5122,'2025-04-26','21:00:00.000000',124,24,2),(5123,'2025-04-26','21:00:00.000000',52,32,2),(5124,'2025-04-26','21:00:00.000000',50,43,2),(5125,'2025-04-26','21:00:00.000000',122,45,2),(5126,'2025-04-26','21:00:00.000000',90,42,2),(5127,'2025-04-26','21:00:00.000000',101,44,2),(5128,'2025-03-28','09:00:00.000000',90,43,3),(5129,'2025-03-28','09:00:00.000000',105,50,3),(5130,'2025-03-28','09:00:00.000000',88,41,3),(5131,'2025-03-28','09:00:00.000000',94,40,3),(5132,'2025-03-28','09:00:00.000000',77,42,3),(5133,'2025-03-28','09:00:00.000000',113,13,3),(5134,'2025-03-28','09:00:00.000000',55,30,3),(5135,'2025-03-28','09:00:00.000000',92,20,3),(5136,'2025-03-28','09:00:00.000000',96,31,3),(5137,'2025-03-28','09:00:00.000000',63,21,3),(5138,'2025-03-28','09:00:00.000000',71,32,3),(5139,'2025-03-28','09:00:00.000000',123,33,3),(5140,'2025-03-28','09:00:00.000000',128,22,3),(5141,'2025-03-28','09:00:00.000000',138,23,3),(5142,'2025-03-28','09:00:00.000000',90,2,3),(5143,'2025-03-28','09:00:00.000000',128,3,3),(5144,'2025-03-28','09:00:00.000000',106,1,3),(5145,'2025-03-28','09:00:00.000000',149,10,3),(5146,'2025-03-28','09:00:00.000000',125,11,3),(5147,'2025-03-28','09:00:00.000000',97,12,3),(5148,'2025-03-28','13:00:00.000000',128,12,3),(5149,'2025-03-28','13:00:00.000000',101,10,3),(5150,'2025-03-28','13:00:00.000000',56,2,3),(5151,'2025-03-28','13:00:00.000000',57,3,3),(5152,'2025-03-28','13:00:00.000000',71,1,3),(5153,'2025-03-28','13:00:00.000000',106,11,3),(5154,'2025-03-28','13:00:00.000000',138,31,3),(5155,'2025-03-28','13:00:00.000000',59,30,3),(5156,'2025-03-28','13:00:00.000000',82,23,3),(5157,'2025-03-28','13:00:00.000000',97,20,3),(5158,'2025-03-28','13:00:00.000000',91,33,3),(5159,'2025-03-28','13:00:00.000000',82,13,3),(5160,'2025-03-28','13:00:00.000000',131,21,3),(5161,'2025-03-28','13:00:00.000000',61,22,3),(5162,'2025-03-28','13:00:00.000000',140,32,3),(5163,'2025-03-28','13:00:00.000000',53,42,3),(5164,'2025-03-28','13:00:00.000000',137,50,3),(5165,'2025-03-28','13:00:00.000000',106,41,3),(5166,'2025-03-28','13:00:00.000000',131,40,3),(5167,'2025-03-28','13:00:00.000000',123,43,3),(5168,'2025-03-28','17:00:00.000000',58,43,3),(5169,'2025-03-28','17:00:00.000000',79,42,3),(5170,'2025-03-28','17:00:00.000000',111,50,3),(5171,'2025-03-28','17:00:00.000000',64,41,3),(5172,'2025-03-28','17:00:00.000000',137,40,3),(5173,'2025-03-28','17:00:00.000000',75,22,3),(5174,'2025-03-28','17:00:00.000000',149,31,3),(5175,'2025-03-28','17:00:00.000000',115,21,3),(5176,'2025-03-28','17:00:00.000000',116,13,3),(5177,'2025-03-28','17:00:00.000000',97,30,3),(5178,'2025-03-28','17:00:00.000000',114,20,3),(5179,'2025-03-28','17:00:00.000000',94,32,3),(5180,'2025-03-28','17:00:00.000000',108,23,3),(5181,'2025-03-28','17:00:00.000000',127,33,3),(5182,'2025-03-28','17:00:00.000000',136,10,3),(5183,'2025-03-28','17:00:00.000000',118,11,3),(5184,'2025-03-28','17:00:00.000000',147,2,3),(5185,'2025-03-28','17:00:00.000000',69,3,3),(5186,'2025-03-28','17:00:00.000000',100,1,3),(5187,'2025-03-28','17:00:00.000000',132,12,3),(5188,'2025-03-28','21:00:00.000000',76,2,3),(5189,'2025-03-28','21:00:00.000000',112,3,3),(5190,'2025-03-28','21:00:00.000000',127,1,3),(5191,'2025-03-28','21:00:00.000000',145,11,3),(5192,'2025-03-28','21:00:00.000000',76,10,3),(5193,'2025-03-28','21:00:00.000000',127,12,3),(5194,'2025-03-28','21:00:00.000000',98,33,3),(5195,'2025-03-28','21:00:00.000000',116,13,3),(5196,'2025-03-28','21:00:00.000000',58,30,3),(5197,'2025-03-28','21:00:00.000000',85,31,3),(5198,'2025-03-28','21:00:00.000000',60,32,3),(5199,'2025-03-28','21:00:00.000000',131,21,3),(5200,'2025-03-28','21:00:00.000000',75,20,3),(5201,'2025-03-28','21:00:00.000000',56,22,3),(5202,'2025-03-28','21:00:00.000000',102,23,3),(5203,'2025-03-28','21:00:00.000000',132,42,3),(5204,'2025-03-28','21:00:00.000000',88,41,3),(5205,'2025-03-28','21:00:00.000000',102,40,3),(5206,'2025-03-28','21:00:00.000000',139,43,3),(5207,'2025-03-28','21:00:00.000000',89,50,3),(5208,'2025-03-29','09:00:00.000000',136,42,3),(5209,'2025-03-29','09:00:00.000000',61,39,3),(5210,'2025-03-29','09:00:00.000000',50,49,3),(5211,'2025-03-29','09:00:00.000000',85,40,3),(5212,'2025-03-29','09:00:00.000000',147,41,3),(5213,'2025-03-29','09:00:00.000000',148,50,3),(5214,'2025-03-29','09:00:00.000000',105,21,3),(5215,'2025-03-29','09:00:00.000000',114,31,3),(5216,'2025-03-29','09:00:00.000000',130,29,3),(5217,'2025-03-29','09:00:00.000000',81,20,3),(5218,'2025-03-29','09:00:00.000000',117,22,3),(5219,'2025-03-29','09:00:00.000000',79,32,3),(5220,'2025-03-29','09:00:00.000000',91,19,3),(5221,'2025-03-29','09:00:00.000000',71,30,3),(5222,'2025-03-29','09:00:00.000000',145,1,3),(5223,'2025-03-29','09:00:00.000000',63,2,3),(5224,'2025-03-29','09:00:00.000000',138,11,3),(5225,'2025-03-29','09:00:00.000000',52,9,3),(5226,'2025-03-29','09:00:00.000000',69,10,3),(5227,'2025-03-29','09:00:00.000000',62,12,3),(5228,'2025-03-29','13:00:00.000000',71,12,3),(5229,'2025-03-29','13:00:00.000000',145,2,3),(5230,'2025-03-29','13:00:00.000000',138,9,3),(5231,'2025-03-29','13:00:00.000000',119,11,3),(5232,'2025-03-29','13:00:00.000000',125,1,3),(5233,'2025-03-29','13:00:00.000000',127,10,3),(5234,'2025-03-29','13:00:00.000000',72,31,3),(5235,'2025-03-29','13:00:00.000000',57,22,3),(5236,'2025-03-29','13:00:00.000000',98,21,3),(5237,'2025-03-29','13:00:00.000000',63,30,3),(5238,'2025-03-29','13:00:00.000000',103,32,3),(5239,'2025-03-29','13:00:00.000000',134,19,3),(5240,'2025-03-29','13:00:00.000000',148,29,3),(5241,'2025-03-29','13:00:00.000000',72,20,3),(5242,'2025-03-29','13:00:00.000000',71,39,3),(5243,'2025-03-29','13:00:00.000000',136,40,3),(5244,'2025-03-29','13:00:00.000000',109,50,3),(5245,'2025-03-29','13:00:00.000000',67,41,3),(5246,'2025-03-29','13:00:00.000000',117,49,3),(5247,'2025-03-29','13:00:00.000000',93,42,3),(5248,'2025-03-29','17:00:00.000000',81,39,3),(5249,'2025-03-29','17:00:00.000000',115,40,3),(5250,'2025-03-29','17:00:00.000000',93,42,3),(5251,'2025-03-29','17:00:00.000000',146,41,3),(5252,'2025-03-29','17:00:00.000000',149,50,3),(5253,'2025-03-29','17:00:00.000000',62,49,3),(5254,'2025-03-29','17:00:00.000000',61,32,3),(5255,'2025-03-29','17:00:00.000000',132,30,3),(5256,'2025-03-29','17:00:00.000000',111,21,3),(5257,'2025-03-29','17:00:00.000000',143,19,3),(5258,'2025-03-29','17:00:00.000000',77,20,3),(5259,'2025-03-29','17:00:00.000000',106,22,3),(5260,'2025-03-29','17:00:00.000000',133,31,3),(5261,'2025-03-29','17:00:00.000000',53,29,3),(5262,'2025-03-29','17:00:00.000000',138,2,3),(5263,'2025-03-29','17:00:00.000000',115,12,3),(5264,'2025-03-29','17:00:00.000000',129,9,3),(5265,'2025-03-29','17:00:00.000000',71,10,3),(5266,'2025-03-29','17:00:00.000000',76,1,3),(5267,'2025-03-29','17:00:00.000000',69,11,3),(5268,'2025-03-29','21:00:00.000000',53,9,3),(5269,'2025-03-29','21:00:00.000000',51,12,3),(5270,'2025-03-29','21:00:00.000000',69,1,3),(5271,'2025-03-29','21:00:00.000000',131,2,3),(5272,'2025-03-29','21:00:00.000000',59,11,3),(5273,'2025-03-29','21:00:00.000000',94,10,3),(5274,'2025-03-29','21:00:00.000000',70,21,3),(5275,'2025-03-29','21:00:00.000000',108,22,3),(5276,'2025-03-29','21:00:00.000000',85,32,3),(5277,'2025-03-29','21:00:00.000000',114,31,3),(5278,'2025-03-29','21:00:00.000000',90,29,3),(5279,'2025-03-29','21:00:00.000000',77,19,3),(5280,'2025-03-29','21:00:00.000000',121,20,3),(5281,'2025-03-29','21:00:00.000000',149,30,3),(5282,'2025-03-29','21:00:00.000000',72,41,3),(5283,'2025-03-29','21:00:00.000000',114,49,3),(5284,'2025-03-29','21:00:00.000000',129,39,3),(5285,'2025-03-29','21:00:00.000000',130,40,3),(5286,'2025-03-29','21:00:00.000000',74,42,3),(5287,'2025-03-29','21:00:00.000000',63,50,3),(5288,'2025-03-30','09:00:00.000000',127,40,3),(5289,'2025-03-30','09:00:00.000000',124,39,3),(5290,'2025-03-30','09:00:00.000000',85,38,3),(5291,'2025-03-30','09:00:00.000000',89,41,3),(5292,'2025-03-30','09:00:00.000000',137,48,3),(5293,'2025-03-30','09:00:00.000000',147,49,3),(5294,'2025-03-30','09:00:00.000000',72,50,3),(5295,'2025-03-30','09:00:00.000000',115,18,3),(5296,'2025-03-30','09:00:00.000000',78,28,3),(5297,'2025-03-30','09:00:00.000000',76,31,3),(5298,'2025-03-30','09:00:00.000000',138,19,3),(5299,'2025-03-30','09:00:00.000000',104,21,3),(5300,'2025-03-30','09:00:00.000000',54,30,3),(5301,'2025-03-30','09:00:00.000000',111,20,3),(5302,'2025-03-30','09:00:00.000000',144,29,3),(5303,'2025-03-30','09:00:00.000000',59,9,3),(5304,'2025-03-30','09:00:00.000000',123,11,3),(5305,'2025-03-30','09:00:00.000000',122,8,3),(5306,'2025-03-30','09:00:00.000000',122,1,3),(5307,'2025-03-30','09:00:00.000000',140,10,3),(5308,'2025-03-30','13:00:00.000000',123,1,3),(5309,'2025-03-30','13:00:00.000000',111,10,3),(5310,'2025-03-30','13:00:00.000000',113,11,3),(5311,'2025-03-30','13:00:00.000000',71,9,3),(5312,'2025-03-30','13:00:00.000000',116,8,3),(5313,'2025-03-30','13:00:00.000000',59,31,3),(5314,'2025-03-30','13:00:00.000000',148,18,3),(5315,'2025-03-30','13:00:00.000000',139,21,3),(5316,'2025-03-30','13:00:00.000000',138,19,3),(5317,'2025-03-30','13:00:00.000000',145,30,3),(5318,'2025-03-30','13:00:00.000000',106,28,3),(5319,'2025-03-30','13:00:00.000000',78,20,3),(5320,'2025-03-30','13:00:00.000000',129,29,3),(5321,'2025-03-30','13:00:00.000000',128,48,3),(5322,'2025-03-30','13:00:00.000000',72,49,3),(5323,'2025-03-30','13:00:00.000000',55,50,3),(5324,'2025-03-30','13:00:00.000000',122,41,3),(5325,'2025-03-30','13:00:00.000000',123,39,3),(5326,'2025-03-30','13:00:00.000000',115,40,3),(5327,'2025-03-30','13:00:00.000000',82,38,3);
/*!40000 ALTER TABLE `bookings_showtime` ENABLE KEYS */;
UNLOCK TABLES;

--
-- Table structure for table `bookings_theatre`
--

DROP TABLE IF EXISTS `bookings_theatre`;
/*!40101 SET @saved_cs_client     = @@character_set_client */;
/*!50503 SET character_set_client = utf8mb4 */;
CREATE TABLE `bookings_theatre` (
  `id` bigint NOT NULL AUTO_INCREMENT,
  `theatre_name` varchar(255) NOT NULL,
  `loc` varchar(255) NOT NULL,
  `total_screens` int unsigned NOT NULL,
  `city_id` bigint NOT NULL,
  PRIMARY KEY (`id`),
  KEY `bookings_theatre_city_id_95ab56bd_fk_bookings_city_id` (`city_id`),
  CONSTRAINT `bookings_theatre_city_id_95ab56bd_fk_bookings_city_id` FOREIGN KEY (`city_id`) REFERENCES `bookings_city` (`id`),
  CONSTRAINT `bookings_theatre_chk_1` CHECK ((`total_screens` >= 0))
) ENGINE=InnoDB AUTO_INCREMENT=101 DEFAULT CHARSET=utf8mb4 COLLATE=utf8mb4_0900_ai_ci;
/*!40101 SET character_set_client = @saved_cs_client */;

--
-- Dumping data for table `bookings_theatre`
--

LOCK TABLES `bookings_theatre` WRITE;
/*!40000 ALTER TABLE `bookings_theatre` DISABLE KEYS */;
INSERT INTO `bookings_theatre` VALUES (1,'PVR Cinemas Juhu','29744 Erickson Bypass\nPort Lucaschester, PA 33673',4,1),(2,'INOX Megaplex Inorbit Mall','067 Marshall Heights\nRickberg, PW 55147',3,1),(3,'Prasads Multiplex','6698 Hernandez Motorway Apt. 949\nChristensenhaven, SC 26535',3,2),(4,'PVR Select Citywalk','2616 Rodriguez Stravenue Apt. 853\nGarrettburgh, KS 50786',6,2),(5,'Carnival Cinemas','0645 Vaughn Greens\nEast Hectorburgh, KY 95485',4,2),(6,'PVR Forum Mall','691 Jacqueline Inlet\nScottfurt, MA 18984',5,3),(7,'INOX Garuda Mall','499 Humphrey Trace\nSouth Lindaside, DE 62423',8,3),(8,'Cinepolis Nexus Mall','318 Kyle Pass Suite 975\nDrewland, MI 70674',4,3),(9,'AMB Cinemas','88694 Christina Plains Apt. 351\nNew Matthewfurt, CA 42642',3,4),(10,'Asian Shiva Ganga','2391 Kristy Canyon Apt. 658\nPort Wesleyberg, PA 89132',3,4),(11,'Sandhya 70MM','Unit 4906 Box 0408\nDPO AE 95947',10,4),(12,'Sudarshan 35MM','00024 Alyssa Extensions Apt. 422\nMichellehaven, GU 65725',9,4),(13,'SPI Sathyam Cinemas','451 Michelle Pass Suite 224\nNorth Robertview, VI 83745',10,5),(14,'Mayajaal Multiplex','6681 Kimberly Locks\nNathantown, RI 58356',6,5),(15,'Luxe Cinemas Phoenix','369 Derrick Vista\nBucktown, MO 44662',7,5),(16,'AGS Cinemas','38606 Joseph Glens\nPenachester, NV 82277',3,5),(17,'INOX Quest Mall','99832 Garcia Way Apt. 706\nAlyssaside, NY 03500',9,6),(18,'Priya Cinema','Unit 9169 Box 1466\nDPO AA 92616',3,6),(19,'Nandan Cinema','59980 Wood Drive\nThomaschester, NV 33727',7,6),(20,'City Pride Multiplex','069 Smith Knoll\nJasonville, NV 73130',7,7),(21,'E-Square Multiplex','9591 Clark Island Suite 198\nNew Allison, TN 41351',10,7),(22,'Victory Theatre','59217 Perry Center\nPort Amy, ND 23120',3,7),(23,'Alaka Cinema','2842 Rogers Unions Suite 081\nMichaelborough, RI 39057',8,7),(24,'PVR Pune Market City','66704 Lee Ports\nWest Brooke, MD 84203',4,7),(25,'Cinepolis Ahmedabad One','898 David Lock Apt. 548\nHurleyburgh, CO 92374',6,8),(26,'PVR Acropolis Mall','473 Sandy Divide\nPort William, MP 37202',7,8),(27,'Wide Angle Multiplex','11791 Traci Manors Suite 529\nSteventon, WY 05610',4,8),(28,'Rajhans Cinemas','015 Ross Gateway Apt. 838\nHicksland, AZ 80169',6,8),(29,'Raj Mandir Cinema','PSC 9890, Box 7691\nAPO AP 21760',10,9),(30,'Golcha Cinema','79389 Walton Common Suite 206\nPort Samuel, IA 87423',8,9),(31,'Inox Pink Square','447 Timothy Estates Apt. 602\nNew Robertborough, ND 35842',9,9),(32,'PVR Phoenix United','99180 Steven Lights\nGeraldmouth, DC 55427',4,10),(33,'Wave Cinemas','PSC 1644, Box 2142\nAPO AP 47116',3,10),(34,'Novelty Cinema','117 Krystal Station\nSmithfurt, MH 99554',8,10),(35,'Pratibha Theatre','661 Holt Trace\nGarciaton, OR 80592',10,10),(36,'Urvashi Cinema','Lalbagh Road, Bangalore 560027',1,3),(37,'Rex Theatre','Brigade Road, Bangalore 560001',1,3),(38,'Liberty Cinema','Marine Lines, Mumbai 400020',1,1),(39,'Maratha Mandir','Mumbai Central, Mumbai 400008',1,1),(40,'Regal Cinema','Colaba, Mumbai 400001',1,1),(41,'G7 Multiplex','Bandra West, Mumbai 400050',7,1),(42,'Sterling Cineplex','Fort, Mumbai 400001',4,1),(43,'Metro INOX Cinema','Marine Lines, Mumbai 400020',6,1),(44,'Eros Cinema','Churchgate, Mumbai 400020',1,1),(45,'Gaiety Galaxy','Bandra West, Mumbai 400050',2,1),(46,'Delite Cinema','Asaf Ali Road, Delhi 110002',2,2),(47,'Rivoli Cinema','Connaught Place, Delhi 110001',1,2),(48,'Ritz Cinema','Kashmere Gate, Delhi 110006',1,2),(49,'Plaza Cinema','Connaught Place, Delhi 110001',1,2),(50,'Shiela Cinema','Paharganj, Delhi 110055',3,2),(51,'Satyam Cineplexes','Janakpuri, Delhi 110058',4,2),(52,'Fun Cinemas','Pitampura, Delhi 110034',4,2),(53,'DT Cinemas','Saket, Delhi 110017',5,2),(54,'Cauvery Theatre','Sankey Road, Bangalore 560052',1,3),(55,'Santosh Theatre','Nrupathunga Road, Bangalore 560001',1,3),(56,'Kapali Theatre','South End Circle, Bangalore 560004',1,3),(57,'Everest Theatre','Frazer Town, Bangalore 560005',1,3),(58,'Lavanya Theatre','St. Marks Road, Bangalore 560001',1,3),(59,'Menaka Theatre','Lalbagh Road, Bangalore 560027',1,3),(60,'Lakshmi Theatre','Tavarekere, Bangalore 560029',1,3),(61,'Devi Theatre','Anna Salai, Chennai 600002',3,5),(62,'Casino Theatre','Mount Road, Chennai 600006',1,5),(63,'Woodlands Theatre','Royapettah, Chennai 600014',1,5),(64,'Shanti Theatre','Mylapore, Chennai 600004',1,5),(65,'Kamala Cinemas','Vadapalani, Chennai 600026',2,5),(66,'Albert Theatre','Egmore, Chennai 600008',1,5),(67,'Sangam Cinemas','Kilpauk, Chennai 600010',4,5),(68,'Satyam Cinemas','Royapettah, Chennai 600014',6,5),(69,'Tivoli Theatre','Park Street, Kolkata 700016',1,6),(70,'New Empire Cinema','Dharmatala, Kolkata 700013',1,6),(71,'Globe Cinema','Lindsay Street, Kolkata 700087',1,6),(72,'Menoka Cinema','Southern Avenue, Kolkata 700029',1,6),(73,'Basusree Cinema','Kalighat, Kolkata 700026',1,6),(74,'Mitra Cinema','Bhowanipore, Kolkata 700020',1,6),(75,'Star Theatre','Bidhan Sarani, Kolkata 700006',1,6),(76,'Navina Cinema','Tollygunge, Kolkata 700033',1,6),(77,'Ashoka Cinema','Tilak Road, Pune 411030',1,7),(78,'Vijay Talkies','Shukrawar Peth, Pune 411002',1,7),(79,'Alpana Cinema','Pimpri, Pune 411018',1,7),(80,'Rahul 70MM','Shivajinagar, Pune 411005',1,7),(81,'Mangala Theatre','Shivajinagar, Pune 411005',1,7),(82,'Laxmi Narayan Cinema','Swargate, Pune 411042',1,7),(83,'Alankar Theatre','Sahakarnagar, Pune 411009',1,7),(84,'Westend Cinema','Camp, Pune 411001',1,7),(85,'Rajshri Talkies','Relief Road, Ahmedabad 380001',1,8),(86,'City Gold Multiplex','Ashram Road, Ahmedabad 380009',5,8),(87,'Cinepolis Alpha One','Vastrapur, Ahmedabad 380015',9,8),(88,'PVR Acropolis','Thaltej, Ahmedabad 380059',7,8),(89,'Fun Cinemas Dev Arc','Satellite, Ahmedabad 380015',5,8),(90,'Wide Angle','Satellite, Ahmedabad 380015',4,8),(91,'City Pulse Multiplex','Gandhinagar Highway, Ahmedabad 382421',4,8),(92,'Cinemax Himalaya Mall','Drive In Road, Ahmedabad 380015',5,8),(93,'Tivoli Cinema','MI Road, Jaipur 302001',1,9),(94,'Rajmandir Cinema','Bhagwan Das Road, Jaipur 302001',1,9),(95,'Golcha Cinema','Chaura Rasta, Jaipur 302003',1,9),(96,'Cinepolis World Trade Park','Malviya Nagar, Jaipur 302017',9,9),(97,'INOX Crystal Palm','Bais Godam, Jaipur 302006',5,9),(98,'INOX GT Central','Malviya Nagar, Jaipur 302017',4,9),(99,'Entertainment Paradise','Adarsh Nagar, Jaipur 302004',3,9),(100,'Cinepolis Triton Mega Mall','Jhotwara, Jaipur 302012',5,9);
/*!40000 ALTER TABLE `bookings_theatre` ENABLE KEYS */;
UNLOCK TABLES;

--
-- Table structure for table `bookings_tier`
--

DROP TABLE IF EXISTS `bookings_tier`;
/*!40101 SET @saved_cs_client     = @@character_set_client */;
/*!50503 SET character_set_client = utf8mb4 */;
CREATE TABLE `bookings_tier` (
  `id` bigint NOT NULL AUTO_INCREMENT,
  `tier_name` varchar(10) NOT NULL,
  `price` decimal(10,2) NOT NULL,
  `screen_id` bigint NOT NULL,
  PRIMARY KEY (`id`),
  KEY `bookings_tier_screen_id_4b715857_fk_bookings_screen_id` (`screen_id`),
  CONSTRAINT `bookings_tier_screen_id_4b715857_fk_bookings_screen_id` FOREIGN KEY (`screen_id`) REFERENCES `bookings_screen` (`id`)
) ENGINE=InnoDB AUTO_INCREMENT=6 DEFAULT CHARSET=utf8mb4 COLLATE=utf8mb4_0900_ai_ci;
/*!40101 SET character_set_client = @saved_cs_client */;

--
-- Dumping data for table `bookings_tier`
--

LOCK TABLES `bookings_tier` WRITE;
/*!40000 ALTER TABLE `bookings_tier` DISABLE KEYS */;
INSERT INTO `bookings_tier` VALUES (1,'Gold',500.00,1),(2,'Silver',300.00,1),(3,'VIP',500.00,1),(4,'Premium',350.00,1),(5,'Regular',200.00,1);
/*!40000 ALTER TABLE `bookings_tier` ENABLE KEYS */;
UNLOCK TABLES;

--
-- Table structure for table `bookings_transaction`
--

DROP TABLE IF EXISTS `bookings_transaction`;
/*!40101 SET @saved_cs_client     = @@character_set_client */;
/*!50503 SET character_set_client = utf8mb4 */;
CREATE TABLE `bookings_transaction` (
  `id` bigint NOT NULL AUTO_INCREMENT,
  `amount_paid` decimal(10,2) NOT NULL,
  `payment_method` varchar(50) NOT NULL,
  `payment_status` varchar(20) NOT NULL,
  `transaction_date` datetime(6) NOT NULL,
  `booking_id` bigint NOT NULL,
  `transaction_id` char(32) NOT NULL,
  PRIMARY KEY (`id`),
  UNIQUE KEY `transaction_id` (`transaction_id`),
  KEY `bookings_transaction_booking_id_8a2915ee_fk_bookings_booking_id` (`booking_id`),
  CONSTRAINT `bookings_transaction_booking_id_8a2915ee_fk_bookings_booking_id` FOREIGN KEY (`booking_id`) REFERENCES `bookings_booking` (`id`)
) ENGINE=InnoDB AUTO_INCREMENT=6 DEFAULT CHARSET=utf8mb4 COLLATE=utf8mb4_0900_ai_ci;
/*!40101 SET character_set_client = @saved_cs_client */;

--
-- Dumping data for table `bookings_transaction`
--

LOCK TABLES `bookings_transaction` WRITE;
/*!40000 ALTER TABLE `bookings_transaction` DISABLE KEYS */;
INSERT INTO `bookings_transaction` VALUES (1,200.00,'Online','pending','2025-03-27 19:05:41.197237',7,'2ebd9a3a231a4b5397000cc07a12fa7c'),(2,100.00,'Dummy','success','2025-03-27 19:05:48.690593',7,'54775c53096f47cf91bb2b5fa7e4a639'),(3,300.00,'Online','pending','2025-03-27 19:21:09.592756',8,'b41729840cfb48bdbce00133caff0161'),(4,100.00,'Dummy','success','2025-03-27 19:21:12.474852',8,'4c1a91cc41b04f0b9f6e5341c793d0ce'),(5,300.00,'Online','pending','2025-03-27 19:47:11.723669',9,'9fde9389f4374630b8e5e9e29e600ade');
/*!40000 ALTER TABLE `bookings_transaction` ENABLE KEYS */;
UNLOCK TABLES;

--
-- Table structure for table `cancellations`
--

DROP TABLE IF EXISTS `cancellations`;
/*!40101 SET @saved_cs_client     = @@character_set_client */;
/*!50503 SET character_set_client = utf8mb4 */;
CREATE TABLE `cancellations` (
  `cancellation_id` int NOT NULL,
  `booking_id` int NOT NULL,
  `cancel_date` timestamp NULL DEFAULT CURRENT_TIMESTAMP,
  `refund_status` varchar(10) NOT NULL,
  PRIMARY KEY (`cancellation_id`),
  KEY `booking_id` (`booking_id`),
  CONSTRAINT `cancellations_ibfk_1` FOREIGN KEY (`booking_id`) REFERENCES `bookings` (`booking_id`),
  CONSTRAINT `cancellations_chk_1` CHECK ((`refund_status` in (_utf8mb4'processed',_utf8mb4'pending')))
) ENGINE=InnoDB DEFAULT CHARSET=utf8mb4 COLLATE=utf8mb4_0900_ai_ci;
/*!40101 SET character_set_client = @saved_cs_client */;

--
-- Dumping data for table `cancellations`
--

LOCK TABLES `cancellations` WRITE;
/*!40000 ALTER TABLE `cancellations` DISABLE KEYS */;
/*!40000 ALTER TABLE `cancellations` ENABLE KEYS */;
UNLOCK TABLES;

--
-- Table structure for table `cities`
--

DROP TABLE IF EXISTS `cities`;
/*!40101 SET @saved_cs_client     = @@character_set_client */;
/*!50503 SET character_set_client = utf8mb4 */;
CREATE TABLE `cities` (
  `city_id` int NOT NULL,
  `city_name` varchar(255) NOT NULL,
  PRIMARY KEY (`city_id`)
) ENGINE=InnoDB DEFAULT CHARSET=utf8mb4 COLLATE=utf8mb4_0900_ai_ci;
/*!40101 SET character_set_client = @saved_cs_client */;

--
-- Dumping data for table `cities`
--

LOCK TABLES `cities` WRITE;
/*!40000 ALTER TABLE `cities` DISABLE KEYS */;
/*!40000 ALTER TABLE `cities` ENABLE KEYS */;
UNLOCK TABLES;

--
-- Table structure for table `customers`
--

DROP TABLE IF EXISTS `customers`;
/*!40101 SET @saved_cs_client     = @@character_set_client */;
/*!50503 SET character_set_client = utf8mb4 */;
CREATE TABLE `customers` (
  `customer_id` int NOT NULL,
  `customer_name` varchar(255) NOT NULL,
  `email_id` varchar(255) NOT NULL,
  `phone_no` varchar(20) NOT NULL,
  PRIMARY KEY (`customer_id`),
  UNIQUE KEY `email_id` (`email_id`),
  UNIQUE KEY `phone_no` (`phone_no`)
) ENGINE=InnoDB DEFAULT CHARSET=utf8mb4 COLLATE=utf8mb4_0900_ai_ci;
/*!40101 SET character_set_client = @saved_cs_client */;

--
-- Dumping data for table `customers`
--

LOCK TABLES `customers` WRITE;
/*!40000 ALTER TABLE `customers` DISABLE KEYS */;
/*!40000 ALTER TABLE `customers` ENABLE KEYS */;
UNLOCK TABLES;

--
-- Table structure for table `dates`
--

DROP TABLE IF EXISTS `dates`;
/*!40101 SET @saved_cs_client     = @@character_set_client */;
/*!50503 SET character_set_client = utf8mb4 */;
CREATE TABLE `dates` (
  `date_id` int NOT NULL AUTO_INCREMENT,
  `show_date` date DEFAULT NULL,
  PRIMARY KEY (`date_id`),
  UNIQUE KEY `show_date` (`show_date`)
) ENGINE=InnoDB DEFAULT CHARSET=utf8mb4 COLLATE=utf8mb4_0900_ai_ci;
/*!40101 SET character_set_client = @saved_cs_client */;

--
-- Dumping data for table `dates`
--

LOCK TABLES `dates` WRITE;
/*!40000 ALTER TABLE `dates` DISABLE KEYS */;
/*!40000 ALTER TABLE `dates` ENABLE KEYS */;
UNLOCK TABLES;

--
-- Table structure for table `django_admin_log`
--

DROP TABLE IF EXISTS `django_admin_log`;
/*!40101 SET @saved_cs_client     = @@character_set_client */;
/*!50503 SET character_set_client = utf8mb4 */;
CREATE TABLE `django_admin_log` (
  `id` int NOT NULL AUTO_INCREMENT,
  `action_time` datetime(6) NOT NULL,
  `object_id` longtext,
  `object_repr` varchar(200) NOT NULL,
  `action_flag` smallint unsigned NOT NULL,
  `change_message` longtext NOT NULL,
  `content_type_id` int DEFAULT NULL,
  `user_id` int NOT NULL,
  PRIMARY KEY (`id`),
  KEY `django_admin_log_content_type_id_c4bce8eb_fk_django_co` (`content_type_id`),
  KEY `django_admin_log_user_id_c564eba6_fk_auth_user_id` (`user_id`),
  CONSTRAINT `django_admin_log_content_type_id_c4bce8eb_fk_django_co` FOREIGN KEY (`content_type_id`) REFERENCES `django_content_type` (`id`),
  CONSTRAINT `django_admin_log_user_id_c564eba6_fk_auth_user_id` FOREIGN KEY (`user_id`) REFERENCES `auth_user` (`id`),
  CONSTRAINT `django_admin_log_chk_1` CHECK ((`action_flag` >= 0))
) ENGINE=InnoDB AUTO_INCREMENT=8 DEFAULT CHARSET=utf8mb4 COLLATE=utf8mb4_0900_ai_ci;
/*!40101 SET character_set_client = @saved_cs_client */;

--
-- Dumping data for table `django_admin_log`
--

LOCK TABLES `django_admin_log` WRITE;
/*!40000 ALTER TABLE `django_admin_log` DISABLE KEYS */;
INSERT INTO `django_admin_log` VALUES (1,'2025-03-11 10:32:22.944446','3','1',3,'',4,1),(2,'2025-03-11 10:32:22.944527','5','1234',3,'',4,1),(3,'2025-03-11 10:32:22.944555','4','as',3,'',4,1),(4,'2025-03-11 10:32:22.944573','2','billy',3,'',4,1),(5,'2025-03-13 13:22:15.557467','3','hi8 - Programmable impactful task-force',3,'',11,1),(6,'2025-03-13 13:22:15.557526','2','hi5 - Advanced clear-thinking open architecture',3,'',11,1),(7,'2025-03-13 13:22:15.557554','1','hi4 - Polarized interactive architecture',3,'',11,1);
/*!40000 ALTER TABLE `django_admin_log` ENABLE KEYS */;
UNLOCK TABLES;

--
-- Table structure for table `django_content_type`
--

DROP TABLE IF EXISTS `django_content_type`;
/*!40101 SET @saved_cs_client     = @@character_set_client */;
/*!50503 SET character_set_client = utf8mb4 */;
CREATE TABLE `django_content_type` (
  `id` int NOT NULL AUTO_INCREMENT,
  `app_label` varchar(100) NOT NULL,
  `model` varchar(100) NOT NULL,
  PRIMARY KEY (`id`),
  UNIQUE KEY `django_content_type_app_label_model_76bd3d3b_uniq` (`app_label`,`model`)
) ENGINE=InnoDB AUTO_INCREMENT=23 DEFAULT CHARSET=utf8mb4 COLLATE=utf8mb4_0900_ai_ci;
/*!40101 SET character_set_client = @saved_cs_client */;

--
-- Dumping data for table `django_content_type`
--

LOCK TABLES `django_content_type` WRITE;
/*!40000 ALTER TABLE `django_content_type` DISABLE KEYS */;
INSERT INTO `django_content_type` VALUES (1,'admin','logentry'),(3,'auth','group'),(2,'auth','permission'),(4,'auth','user'),(16,'bookings','admin'),(11,'bookings','booking'),(15,'bookings','cancellation'),(17,'bookings','city'),(9,'bookings','customer'),(21,'bookings','date'),(7,'bookings','event'),(12,'bookings','organizer'),(8,'bookings','screen'),(10,'bookings','seat'),(18,'bookings','showtime'),(14,'bookings','theatre'),(19,'bookings','tier'),(13,'bookings','transaction'),(22,'bookings','uniqueseatbooking'),(5,'contenttypes','contenttype'),(6,'sessions','session'),(20,'users','customer');
/*!40000 ALTER TABLE `django_content_type` ENABLE KEYS */;
UNLOCK TABLES;

--
-- Table structure for table `django_migrations`
--

DROP TABLE IF EXISTS `django_migrations`;
/*!40101 SET @saved_cs_client     = @@character_set_client */;
/*!50503 SET character_set_client = utf8mb4 */;
CREATE TABLE `django_migrations` (
  `id` bigint NOT NULL AUTO_INCREMENT,
  `app` varchar(255) NOT NULL,
  `name` varchar(255) NOT NULL,
  `applied` datetime(6) NOT NULL,
  PRIMARY KEY (`id`)
) ENGINE=InnoDB AUTO_INCREMENT=35 DEFAULT CHARSET=utf8mb4 COLLATE=utf8mb4_0900_ai_ci;
/*!40101 SET character_set_client = @saved_cs_client */;

--
-- Dumping data for table `django_migrations`
--

LOCK TABLES `django_migrations` WRITE;
/*!40000 ALTER TABLE `django_migrations` DISABLE KEYS */;
INSERT INTO `django_migrations` VALUES (1,'contenttypes','0001_initial','2025-03-10 17:45:36.631155'),(2,'auth','0001_initial','2025-03-10 17:45:37.088977'),(3,'admin','0001_initial','2025-03-10 17:45:37.208537'),(4,'admin','0002_logentry_remove_auto_add','2025-03-10 17:45:37.219870'),(5,'admin','0003_logentry_add_action_flag_choices','2025-03-10 17:45:37.230884'),(6,'contenttypes','0002_remove_content_type_name','2025-03-10 17:45:37.306927'),(7,'auth','0002_alter_permission_name_max_length','2025-03-10 17:45:37.355820'),(8,'auth','0003_alter_user_email_max_length','2025-03-10 17:45:37.380173'),(9,'auth','0004_alter_user_username_opts','2025-03-10 17:45:37.387773'),(10,'auth','0005_alter_user_last_login_null','2025-03-10 17:45:37.435596'),(11,'auth','0006_require_contenttypes_0002','2025-03-10 17:45:37.440971'),(12,'auth','0007_alter_validators_add_error_messages','2025-03-10 17:45:37.453421'),(13,'auth','0008_alter_user_username_max_length','2025-03-10 17:45:37.508532'),(14,'auth','0009_alter_user_last_name_max_length','2025-03-10 17:45:37.568157'),(15,'auth','0010_alter_group_name_max_length','2025-03-10 17:45:37.586951'),(16,'auth','0011_update_proxy_permissions','2025-03-10 17:45:37.595870'),(17,'auth','0012_alter_user_first_name_max_length','2025-03-10 17:45:37.647062'),(18,'sessions','0001_initial','2025-03-10 17:45:37.675005'),(19,'bookings','0001_initial','2025-03-11 08:44:11.048738'),(20,'bookings','0002_customer_uuser','2025-03-11 10:09:07.932668'),(21,'bookings','0003_rename_uuser_customer_user','2025-03-11 10:10:58.650048'),(22,'users','0001_initial','2025-03-11 10:15:06.217292'),(23,'users','0002_customer_user','2025-03-11 10:18:17.892621'),(24,'users','0003_alter_customer_user','2025-03-11 10:19:37.197965'),(25,'users','0004_alter_customer_phone_no','2025-03-11 10:24:24.122353'),(26,'bookings','0004_alter_seat_seat_number_alter_seat_status','2025-03-12 07:10:38.413600'),(27,'bookings','0005_alter_seat_tier','2025-03-12 07:23:43.968286'),(28,'bookings','0006_booking_user_alter_screen_theatre','2025-03-13 14:16:04.534219'),(29,'bookings','0002_alter_uniqueseatbooking_unique_together_and_more','2025-03-16 15:53:59.917101'),(30,'bookings','0003_rename_showtime_uniqueseatbooking_show','2025-03-17 10:59:26.210528'),(31,'bookings','0004_alter_uniqueseatbooking_show','2025-03-17 10:59:26.214759'),(32,'bookings','0005_remove_uniqueseatbooking_city_and_more','2025-03-17 11:31:53.511866'),(33,'bookings','0006_auto_20250317_1131','2025-03-17 11:31:53.515055'),(34,'bookings','0007_transaction_transaction_id_and_more','2025-03-27 19:05:01.910728');
/*!40000 ALTER TABLE `django_migrations` ENABLE KEYS */;
UNLOCK TABLES;

--
-- Table structure for table `django_session`
--

DROP TABLE IF EXISTS `django_session`;
/*!40101 SET @saved_cs_client     = @@character_set_client */;
/*!50503 SET character_set_client = utf8mb4 */;
CREATE TABLE `django_session` (
  `session_key` varchar(40) NOT NULL,
  `session_data` longtext NOT NULL,
  `expire_date` datetime(6) NOT NULL,
  PRIMARY KEY (`session_key`),
  KEY `django_session_expire_date_a5c62663` (`expire_date`)
) ENGINE=InnoDB DEFAULT CHARSET=utf8mb4 COLLATE=utf8mb4_0900_ai_ci;
/*!40101 SET character_set_client = @saved_cs_client */;

--
-- Dumping data for table `django_session`
--

LOCK TABLES `django_session` WRITE;
/*!40000 ALTER TABLE `django_session` DISABLE KEYS */;
INSERT INTO `django_session` VALUES ('ca1w80ochs8jyrn9y4qirbbkzrohu78s','.eJxVjsEOgjAQRP-lZ9Ok3YWCR-9-Q7PsbgUlkNByMMZ_FyIHvc6beZmXibSWPq5ZlziIORsXzOk37IgfOu1E7jTdZsvzVJahs3vFHjTb6yw6Xo7un6Cn3G_rtnItKgpoIkkJxSUONbKHDtAhMTUK3rcMwUMtAUAIKkTwGBga3KRZR-WiEnkoz-9bNO8PdDM_Vg:1tu8rd:MaW-qCjHzluQ4r3Z6LZS4k14t504EhCl1HaZjr3v23I','2025-03-31 11:42:37.555930'),('cjir79aq87gk06vnzy4hb18y176i3lg3','.eJxVjEEOwiAQRe_C2hAoyKBL9z0DGWZAqgaS0q6Md7dNutDtf-_9twi4LiWsPc1hYnEVWpx-t4j0THUH_MB6b5JaXeYpyl2RB-1ybJxet8P9OyjYy1ZTZB48GnDkY86YLDptNZB1SilvMidQGhU68NacN24yAgxIni-skvh8AfrvOFQ:1tsiVT:O86pCk9byfqLkzQcLAJdDf_Kf9Djv49NrfxMbpvOW3c','2025-03-27 13:21:51.389943'),('eogiwy9d6wp8qozm9mv7jelqlbgby7z8','.eJxVjEEOwiAQRe_C2hAoyKBL9z0DGWZAqgaS0q6Md7dNutDtf-_9twi4LiWsPc1hYnEVWpx-t4j0THUH_MB6b5JaXeYpyl2RB-1ybJxet8P9OyjYy1ZTZB48GnDkY86YLDptNZB1SilvMidQGhU68NacN24yAgxIni-skvh8AfrvOFQ:1tt4md:YeU9VfS_D-iS9403atdtTgVETfGcLxHEnsIjmbdLrCM','2025-03-28 13:09:03.217432'),('f8ovug523h5wstzs77egb7rseyeh5r32','.eJxVjDsOwjAQBe_iGllm8S-U9DmDtbu2cQDZUpxUiLuTSCmgnZn33iLgupSw9jSHKYqrMOL0ywj5meou4gPrvUludZknknsiD9vl2GJ63Y7276BgL9vaMhFH6xQDODuwSRmy16iGs9UaAY2n6LUDJNIXcJS8QSCfMW8sK_H5AvKBOF4:1trwt6:X1_U6sWGOR9lbJBJnUNJ1f6ECfmP_HrlYR-q_9atYM8','2025-03-25 10:31:04.874317'),('mfv4iaq3ifkq2tyw1ju9j363a1wkfi1a','.eJxVjsEKwjAQRP8lZwmJmyaNR-9-Q9jsrrZaWmjSg4j_bos96G2YNzzmpRIutUtLkTn1rE7KenX4LTPSQ8aN8B3H26RpGuvcZ71N9E6Lvkwsw3nf_gk6LN3mdSAmRmxNAIAr5sZyazGHIETgDTow4hHX1GTHbqWeIdDReoqhtau0yCBUhRP19fl9G9X7A1UzP0g:1tsjTz:gp75FLVM8yg4WYrVfdaj0DVZAIDF3HIlemQBiYJT5_s','2025-03-27 14:24:23.468229'),('nspo3q37frcvsgr6oc6wyygml9zjb3v5','.eJxVjssOwiAURP-FtSEgLRSX7v0GcrkPWzVtUujCGP_dNnah2zMzJ_NSCZbap6XwnAZSJ2VbdfiFGfDO45bQDcbrpHEa6zxkvVX0nhZ9mYgf5737J-ih9Os6m9YfGUU6hI6Eu4iNuBxcRgpkXANerCCAAxus9wY4Zgwr9BJbE1dp4QdjZUo41Of3rVfvD8TJQN4:1txtMQ:5hrWKK4BTcAjKd01LLSaCYEpBBjUQG2PYmUVr0n_c9c','2025-04-10 19:57:54.077926'),('xxbwsigeds72y5sc98fjsalnvkmffpzh','.eJxVjEEOwiAQRe_C2hAoyKBL9z0DGWZAqgaS0q6Md7dNutDtf-_9twi4LiWsPc1hYnEVWpx-t4j0THUH_MB6b5JaXeYpyl2RB-1ybJxet8P9OyjYy1ZTZB48GnDkY86YLDptNZB1SilvMidQGhU68NacN24yAgxIni-skvh8AfrvOFQ:1tsdc9:DFJ0O1FJmydTd5VUjFltXB3pFHKmbsP9emP8k3prK3g','2025-03-27 08:08:25.771556'),('yo8oevqd0pp2c9bme1lkls9fknexdjr5','.eJxVjssOwiAURP-FtSEgLRSX7v0GcrkPWzVtUujCGP_dNnah2zMzJ_NSCZbap6XwnAZSJ2VbdfiFGfDO45bQDcbrpHEa6zxkvVX0nhZ9mYgf5737J-ih9Os6m9YfGUU6hI6Eu4iNuBxcRgpkXANerCCAAxus9wY4Zgwr9BJbE1dp4QdjZUo41Of3bVDvD8TMQN8:1txsmb:XjQ78kGMe8ZCTUIFLtNJwW2j8E2N1QQ-GLQOYx0JYaU','2025-04-10 19:20:53.077880'),('zkmb87ucj9pzss30ahjrpqbnl4tfgz4a','.eJxVjEEOwiAQRe_C2hAoyKBL9z0DGWZAqgaS0q6Md7dNutDtf-_9twi4LiWsPc1hYnEVWpx-t4j0THUH_MB6b5JaXeYpyl2RB-1ybJxet8P9OyjYy1ZTZB48GnDkY86YLDptNZB1SilvMidQGhU68NacN24yAgxIni-skvh8AfrvOFQ:1tsGNq:Z4S6HkNHUobvLc7Of3z4abSS32JCHN51Fyts5PiU3CE','2025-03-26 07:20:06.602341');
/*!40000 ALTER TABLE `django_session` ENABLE KEYS */;
UNLOCK TABLES;

--
-- Table structure for table `events`
--

DROP TABLE IF EXISTS `events`;
/*!40101 SET @saved_cs_client     = @@character_set_client */;
/*!50503 SET character_set_client = utf8mb4 */;
CREATE TABLE `events` (
  `event_id` int NOT NULL,
  `event_name` varchar(255) NOT NULL,
  `event_type` varchar(10) NOT NULL,
  `duration` int DEFAULT NULL,
  `lang` varchar(50) NOT NULL,
  `organizer_id` int NOT NULL,
  PRIMARY KEY (`event_id`),
  KEY `organizer_id` (`organizer_id`),
  CONSTRAINT `events_ibfk_1` FOREIGN KEY (`organizer_id`) REFERENCES `organizers` (`organizer_id`),
  CONSTRAINT `events_chk_1` CHECK ((`event_type` in (_utf8mb4'movie',_utf8mb4'concert'))),
  CONSTRAINT `events_chk_2` CHECK ((`duration` > 0))
) ENGINE=InnoDB DEFAULT CHARSET=utf8mb4 COLLATE=utf8mb4_0900_ai_ci;
/*!40101 SET character_set_client = @saved_cs_client */;

--
-- Dumping data for table `events`
--

LOCK TABLES `events` WRITE;
/*!40000 ALTER TABLE `events` DISABLE KEYS */;
/*!40000 ALTER TABLE `events` ENABLE KEYS */;
UNLOCK TABLES;

--
-- Table structure for table `organizers`
--

DROP TABLE IF EXISTS `organizers`;
/*!40101 SET @saved_cs_client     = @@character_set_client */;
/*!50503 SET character_set_client = utf8mb4 */;
CREATE TABLE `organizers` (
  `organizer_id` int NOT NULL,
  `organizer_name` varchar(255) NOT NULL,
  PRIMARY KEY (`organizer_id`),
  UNIQUE KEY `organizer_name` (`organizer_name`)
) ENGINE=InnoDB DEFAULT CHARSET=utf8mb4 COLLATE=utf8mb4_0900_ai_ci;
/*!40101 SET character_set_client = @saved_cs_client */;

--
-- Dumping data for table `organizers`
--

LOCK TABLES `organizers` WRITE;
/*!40000 ALTER TABLE `organizers` DISABLE KEYS */;
/*!40000 ALTER TABLE `organizers` ENABLE KEYS */;
UNLOCK TABLES;

--
-- Table structure for table `screens`
--

DROP TABLE IF EXISTS `screens`;
/*!40101 SET @saved_cs_client     = @@character_set_client */;
/*!50503 SET character_set_client = utf8mb4 */;
CREATE TABLE `screens` (
  `screen_id` int NOT NULL,
  `theatre_id` int NOT NULL,
  `screen_name` varchar(100) NOT NULL,
  `total_seats` int DEFAULT NULL,
  PRIMARY KEY (`screen_id`),
  KEY `theatre_id` (`theatre_id`),
  CONSTRAINT `screens_ibfk_1` FOREIGN KEY (`theatre_id`) REFERENCES `theatres` (`theatre_id`),
  CONSTRAINT `screens_chk_1` CHECK ((`total_seats` > 0))
) ENGINE=InnoDB DEFAULT CHARSET=utf8mb4 COLLATE=utf8mb4_0900_ai_ci;
/*!40101 SET character_set_client = @saved_cs_client */;

--
-- Dumping data for table `screens`
--

LOCK TABLES `screens` WRITE;
/*!40000 ALTER TABLE `screens` DISABLE KEYS */;
/*!40000 ALTER TABLE `screens` ENABLE KEYS */;
UNLOCK TABLES;

--
-- Table structure for table `seats`
--

DROP TABLE IF EXISTS `seats`;
/*!40101 SET @saved_cs_client     = @@character_set_client */;
/*!50503 SET character_set_client = utf8mb4 */;
CREATE TABLE `seats` (
  `seat_id` int NOT NULL,
  `tier_id` int NOT NULL,
  `seat_number` int NOT NULL,
  `stat` varchar(10) NOT NULL,
  PRIMARY KEY (`seat_id`),
  KEY `tier_id` (`tier_id`),
  CONSTRAINT `seats_ibfk_1` FOREIGN KEY (`tier_id`) REFERENCES `tiers` (`tier_id`),
  CONSTRAINT `seats_chk_1` CHECK ((`seat_number` > 0)),
  CONSTRAINT `seats_chk_2` CHECK ((`stat` in (_utf8mb4'available',_utf8mb4'booked')))
) ENGINE=InnoDB DEFAULT CHARSET=utf8mb4 COLLATE=utf8mb4_0900_ai_ci;
/*!40101 SET character_set_client = @saved_cs_client */;

--
-- Dumping data for table `seats`
--

LOCK TABLES `seats` WRITE;
/*!40000 ALTER TABLE `seats` DISABLE KEYS */;
/*!40000 ALTER TABLE `seats` ENABLE KEYS */;
UNLOCK TABLES;

--
-- Table structure for table `showtimes`
--

DROP TABLE IF EXISTS `showtimes`;
/*!40101 SET @saved_cs_client     = @@character_set_client */;
/*!50503 SET character_set_client = utf8mb4 */;
CREATE TABLE `showtimes` (
  `show_id` int NOT NULL,
  `event_id` int NOT NULL,
  `screen_id` int NOT NULL,
  `show_date` date NOT NULL,
  `slot_time` time NOT NULL,
  `available_seats` int DEFAULT NULL,
  PRIMARY KEY (`show_id`),
  KEY `event_id` (`event_id`),
  KEY `screen_id` (`screen_id`),
  CONSTRAINT `showtimes_ibfk_1` FOREIGN KEY (`event_id`) REFERENCES `events` (`event_id`),
  CONSTRAINT `showtimes_ibfk_2` FOREIGN KEY (`screen_id`) REFERENCES `screens` (`screen_id`),
  CONSTRAINT `showtimes_chk_1` CHECK ((`available_seats` >= 0))
) ENGINE=InnoDB DEFAULT CHARSET=utf8mb4 COLLATE=utf8mb4_0900_ai_ci;
/*!40101 SET character_set_client = @saved_cs_client */;

--
-- Dumping data for table `showtimes`
--

LOCK TABLES `showtimes` WRITE;
/*!40000 ALTER TABLE `showtimes` DISABLE KEYS */;
/*!40000 ALTER TABLE `showtimes` ENABLE KEYS */;
UNLOCK TABLES;

--
-- Table structure for table `theatres`
--

DROP TABLE IF EXISTS `theatres`;
/*!40101 SET @saved_cs_client     = @@character_set_client */;
/*!50503 SET character_set_client = utf8mb4 */;
CREATE TABLE `theatres` (
  `theatre_id` int NOT NULL,
  `city_id` int NOT NULL,
  `theatre_name` varchar(255) NOT NULL,
  `loc` varchar(255) NOT NULL,
  `total_screens` int DEFAULT NULL,
  PRIMARY KEY (`theatre_id`),
  KEY `city_id` (`city_id`),
  CONSTRAINT `theatres_ibfk_1` FOREIGN KEY (`city_id`) REFERENCES `cities` (`city_id`),
  CONSTRAINT `theatres_chk_1` CHECK ((`total_screens` > 0))
) ENGINE=InnoDB DEFAULT CHARSET=utf8mb4 COLLATE=utf8mb4_0900_ai_ci;
/*!40101 SET character_set_client = @saved_cs_client */;

--
-- Dumping data for table `theatres`
--

LOCK TABLES `theatres` WRITE;
/*!40000 ALTER TABLE `theatres` DISABLE KEYS */;
/*!40000 ALTER TABLE `theatres` ENABLE KEYS */;
UNLOCK TABLES;

--
-- Table structure for table `tiers`
--

DROP TABLE IF EXISTS `tiers`;
/*!40101 SET @saved_cs_client     = @@character_set_client */;
/*!50503 SET character_set_client = utf8mb4 */;
CREATE TABLE `tiers` (
  `tier_id` int NOT NULL,
  `screen_id` int NOT NULL,
  `tier_name` varchar(10) NOT NULL,
  `price` decimal(10,2) DEFAULT NULL,
  PRIMARY KEY (`tier_id`),
  KEY `screen_id` (`screen_id`),
  CONSTRAINT `tiers_ibfk_1` FOREIGN KEY (`screen_id`) REFERENCES `screens` (`screen_id`),
  CONSTRAINT `tiers_chk_1` CHECK ((`tier_name` in (_utf8mb4'Platinum',_utf8mb4'Gold',_utf8mb4'Silver'))),
  CONSTRAINT `tiers_chk_2` CHECK ((`price` >= 0))
) ENGINE=InnoDB DEFAULT CHARSET=utf8mb4 COLLATE=utf8mb4_0900_ai_ci;
/*!40101 SET character_set_client = @saved_cs_client */;

--
-- Dumping data for table `tiers`
--

LOCK TABLES `tiers` WRITE;
/*!40000 ALTER TABLE `tiers` DISABLE KEYS */;
/*!40000 ALTER TABLE `tiers` ENABLE KEYS */;
UNLOCK TABLES;

--
-- Table structure for table `transactions`
--

DROP TABLE IF EXISTS `transactions`;
/*!40101 SET @saved_cs_client     = @@character_set_client */;
/*!50503 SET character_set_client = utf8mb4 */;
CREATE TABLE `transactions` (
  `transaction_id` int NOT NULL,
  `booking_id` int NOT NULL,
  `amount_paid` decimal(10,2) DEFAULT NULL,
  `payment_method` varchar(50) NOT NULL,
  `payment_status` varchar(20) NOT NULL,
  `transaction_date` timestamp NULL DEFAULT CURRENT_TIMESTAMP,
  PRIMARY KEY (`transaction_id`),
  KEY `booking_id` (`booking_id`),
  CONSTRAINT `transactions_ibfk_1` FOREIGN KEY (`booking_id`) REFERENCES `bookings` (`booking_id`),
  CONSTRAINT `transactions_chk_1` CHECK ((`amount_paid` >= 0))
) ENGINE=InnoDB DEFAULT CHARSET=utf8mb4 COLLATE=utf8mb4_0900_ai_ci;
/*!40101 SET character_set_client = @saved_cs_client */;

--
-- Dumping data for table `transactions`
--

LOCK TABLES `transactions` WRITE;
/*!40000 ALTER TABLE `transactions` DISABLE KEYS */;
/*!40000 ALTER TABLE `transactions` ENABLE KEYS */;
UNLOCK TABLES;

--
-- Table structure for table `unique_seat_booking`
--

DROP TABLE IF EXISTS `unique_seat_booking`;
/*!40101 SET @saved_cs_client     = @@character_set_client */;
/*!50503 SET character_set_client = utf8mb4 */;
CREATE TABLE `unique_seat_booking` (
  `id` int NOT NULL AUTO_INCREMENT,
  `date` varchar(20) NOT NULL,
  `unique_seat_id` varchar(255) DEFAULT NULL,
  `city_id` int NOT NULL,
  `event_id` int NOT NULL,
  `screen_id` int NOT NULL,
  `seat_id` int NOT NULL,
  `show_id` int NOT NULL,
  `tier_id` int NOT NULL,
  PRIMARY KEY (`id`),
  UNIQUE KEY `unique_seat_id` (`unique_seat_id`)
) ENGINE=InnoDB AUTO_INCREMENT=10 DEFAULT CHARSET=utf8mb4 COLLATE=utf8mb4_0900_ai_ci;
/*!40101 SET character_set_client = @saved_cs_client */;

--
-- Dumping data for table `unique_seat_booking`
--

LOCK TABLES `unique_seat_booking` WRITE;
/*!40000 ALTER TABLE `unique_seat_booking` DISABLE KEYS */;
INSERT INTO `unique_seat_booking` VALUES (5,'2025-03-22','6-None-None-29-173-2025-03-22-2-48',6,29,1,48,173,2),(6,'2025-03-30','3-7-44-276-2025-03-30-5-80',3,44,7,80,276,5),(7,'2025-03-29','7-22-15-97-2025-03-29-2-48',7,15,22,48,97,2),(8,'2025-03-29','2-4-21-125-2025-03-29-2-49',2,21,4,49,125,2),(9,'2025-03-29','6-18-39-238-2025-03-29-1-4',6,39,18,4,238,1);
/*!40000 ALTER TABLE `unique_seat_booking` ENABLE KEYS */;
UNLOCK TABLES;

--
-- Table structure for table `users_customer`
--

DROP TABLE IF EXISTS `users_customer`;
/*!40101 SET @saved_cs_client     = @@character_set_client */;
/*!50503 SET character_set_client = utf8mb4 */;
CREATE TABLE `users_customer` (
  `id` bigint NOT NULL AUTO_INCREMENT,
  `customer_name` varchar(255) NOT NULL,
  `email_id` varchar(254) NOT NULL,
  `phone_no` varchar(15) DEFAULT NULL,
  `user_id` int NOT NULL,
  PRIMARY KEY (`id`),
  UNIQUE KEY `email_id` (`email_id`),
  UNIQUE KEY `user_id` (`user_id`),
  CONSTRAINT `users_customer_user_id_a09bb4be_fk_auth_user_id` FOREIGN KEY (`user_id`) REFERENCES `auth_user` (`id`)
) ENGINE=InnoDB AUTO_INCREMENT=17 DEFAULT CHARSET=utf8mb4 COLLATE=utf8mb4_0900_ai_ci;
/*!40101 SET character_set_client = @saved_cs_client */;

--
-- Dumping data for table `users_customer`
--

LOCK TABLES `users_customer` WRITE;
/*!40000 ALTER TABLE `users_customer` DISABLE KEYS */;
INSERT INTO `users_customer` VALUES (1,'billy_56','billyboy18497@gmail.com',NULL,1),(6,'hello','hello@1',NULL,6),(7,'hi1','hi@1',NULL,8),(8,'hi2','hi@2',NULL,9),(9,'hi3','hi@3',NULL,10),(10,'hi4','hi@4',NULL,11),(11,'hi5','hi@5',NULL,12),(12,'hi6','hi@6',NULL,13),(13,'hi8','hi@8',NULL,14),(14,'hi9','hi@9',NULL,15),(15,'hi10','hi@10',NULL,16),(16,'hi11','hi@11',NULL,17);
/*!40000 ALTER TABLE `users_customer` ENABLE KEYS */;
UNLOCK TABLES;
/*!40103 SET TIME_ZONE=@OLD_TIME_ZONE */;

/*!40101 SET SQL_MODE=@OLD_SQL_MODE */;
/*!40014 SET FOREIGN_KEY_CHECKS=@OLD_FOREIGN_KEY_CHECKS */;
/*!40014 SET UNIQUE_CHECKS=@OLD_UNIQUE_CHECKS */;
/*!40101 SET CHARACTER_SET_CLIENT=@OLD_CHARACTER_SET_CLIENT */;
/*!40101 SET CHARACTER_SET_RESULTS=@OLD_CHARACTER_SET_RESULTS */;
/*!40101 SET COLLATION_CONNECTION=@OLD_COLLATION_CONNECTION */;
/*!40111 SET SQL_NOTES=@OLD_SQL_NOTES */;

-- Dump completed on 2025-03-28  1:31:00
